id,block,block_header,temple_name,deities,location,nearby_town,district,dynasty,condition,functional_status,accessibility,page_content
0,0,Thaiyur Temples,Sri Mariswarar Temple,"Moolavar Sri Mariswarar, Ambal Sri Aramvalarthanayaki","Thaiyur village, 2 km from Kelambakkam on Chennai-Mamallapuram road",Kelambakkam,Chengalpattu,,Intact,Functional,"Well-connected by bus (Tambaram-Thaiyur route 55), 2 km from Kelambakkam on Chennai-Mamallapuram road","About 2 km from Kelambakkam on Chennai Mamallapuram road.A village called Taiyur situated in the western direction once had 7 temples.At present only 3 temples are under worship.Other temples are said to be ruined in the forest. Sri Mariswarar Temple Moolav Sri Mariswarar Ambal Sri Aramvalarthanayaki. flagpoleAlong with Nandi Mandapam and Raja Gopuram, this temple has Pancha Goshta Murthys, Vinayagar, Murugan, Chandikeswarar, Surya, Bhairava and Hanuman Navakrigam.A puja is held every day.Thirukkulam is found in a dry state.Contact Mr. Ramamurthy- 7299552933, Mr. Kannan-9790825558, Mr. Rajesh-9941745535.Bus Tambaram-Thaiyur (55 Sri Murugeeswarar Temple Moolavar Sri Murugeswar (Swayambu) Ambal Sri Marakatambikai It is history that Lord Muruga worshiped the Lord.Because of that, he is known as Murugeeswarar.Lord Muruga has also arisen here as Swayambu.There are sanctuaries of flag tree, Pancha Goshtas, Ganesha, Surya, Bhairava and Navagraha.It is considered as a place to remedy all planetary doshas.A period of worship.Contact Mr. Ramamurthy- 7299552933, Mr. Kannan-9790825558, Mr. Rajesh-9941745535.Bus Tambaram-Thaiyur (55 Sri Alageeswar Temple Moolav Sri Alageeswarar Ambal Sri Alagambikai. The old temple is currently being renovated.Dwara Ganapati, Murugan, Pancha Goshta Shrines Perumal, and Navagragam.Thirukulam in front of the temple.A period puja.Contact Mr. Ramamurthy- 7299552933, Mr. Kannan-9790825558, Mr. Rajesh-9941745535.Bus Tambaram-Thaiyur (55k)k)k)"
1,0,Thaiyur Temples,Sri Murugeeswarar Temple,"Moolavar Sri Murugeswar (Swayambu), Ambal Sri Marakatambikai","Thaiyur village, 2 km from Kelambakkam on Chennai-Mamallapuram road",Kelambakkam,Chengalpattu,,Intact,Functional,"Well-connected by bus (Tambaram-Thaiyur route 55), 2 km from Kelambakkam on Chennai-Mamallapuram road","About 2 km from Kelambakkam on Chennai Mamallapuram road.A village called Taiyur situated in the western direction once had 7 temples.At present only 3 temples are under worship.Other temples are said to be ruined in the forest. Sri Mariswarar Temple Moolav Sri Mariswarar Ambal Sri Aramvalarthanayaki. flagpoleAlong with Nandi Mandapam and Raja Gopuram, this temple has Pancha Goshta Murthys, Vinayagar, Murugan, Chandikeswarar, Surya, Bhairava and Hanuman Navakrigam.A puja is held every day.Thirukkulam is found in a dry state.Contact Mr. Ramamurthy- 7299552933, Mr. Kannan-9790825558, Mr. Rajesh-9941745535.Bus Tambaram-Thaiyur (55 Sri Murugeeswarar Temple Moolavar Sri Murugeswar (Swayambu) Ambal Sri Marakatambikai It is history that Lord Muruga worshiped the Lord.Because of that, he is known as Murugeeswarar.Lord Muruga has also arisen here as Swayambu.There are sanctuaries of flag tree, Pancha Goshtas, Ganesha, Surya, Bhairava and Navagraha.It is considered as a place to remedy all planetary doshas.A period of worship.Contact Mr. Ramamurthy- 7299552933, Mr. Kannan-9790825558, Mr. Rajesh-9941745535.Bus Tambaram-Thaiyur (55 Sri Alageeswar Temple Moolav Sri Alageeswarar Ambal Sri Alagambikai. The old temple is currently being renovated.Dwara Ganapati, Murugan, Pancha Goshta Shrines Perumal, and Navagragam.Thirukulam in front of the temple.A period puja.Contact Mr. Ramamurthy- 7299552933, Mr. Kannan-9790825558, Mr. Rajesh-9941745535.Bus Tambaram-Thaiyur (55k)k)k)"
2,0,Thaiyur Temples,Sri Alageeswar Temple,"Moolavar Sri Alageeswarar, Ambal Sri Alagambikai","Thaiyur village, 2 km from Kelambakkam on Chennai-Mamallapuram road",Kelambakkam,Chengalpattu,,Dilapidated,Functional,"Well-connected by bus (Tambaram-Thaiyur route 55), 2 km from Kelambakkam on Chennai-Mamallapuram road","About 2 km from Kelambakkam on Chennai Mamallapuram road.A village called Taiyur situated in the western direction once had 7 temples.At present only 3 temples are under worship.Other temples are said to be ruined in the forest. Sri Mariswarar Temple Moolav Sri Mariswarar Ambal Sri Aramvalarthanayaki. flagpoleAlong with Nandi Mandapam and Raja Gopuram, this temple has Pancha Goshta Murthys, Vinayagar, Murugan, Chandikeswarar, Surya, Bhairava and Hanuman Navakrigam.A puja is held every day.Thirukkulam is found in a dry state.Contact Mr. Ramamurthy- 7299552933, Mr. Kannan-9790825558, Mr. Rajesh-9941745535.Bus Tambaram-Thaiyur (55 Sri Murugeeswarar Temple Moolavar Sri Murugeswar (Swayambu) Ambal Sri Marakatambikai It is history that Lord Muruga worshiped the Lord.Because of that, he is known as Murugeeswarar.Lord Muruga has also arisen here as Swayambu.There are sanctuaries of flag tree, Pancha Goshtas, Ganesha, Surya, Bhairava and Navagraha.It is considered as a place to remedy all planetary doshas.A period of worship.Contact Mr. Ramamurthy- 7299552933, Mr. Kannan-9790825558, Mr. Rajesh-9941745535.Bus Tambaram-Thaiyur (55 Sri Alageeswar Temple Moolav Sri Alageeswarar Ambal Sri Alagambikai. The old temple is currently being renovated.Dwara Ganapati, Murugan, Pancha Goshta Shrines Perumal, and Navagragam.Thirukulam in front of the temple.A period puja.Contact Mr. Ramamurthy- 7299552933, Mr. Kannan-9790825558, Mr. Rajesh-9941745535.Bus Tambaram-Thaiyur (55k)k)k)"
3,1,Senkanmal Sivan Temple,Senkanmal Sivan Temple,"Shri Senkanmaleeswarar, Ambal Sri Brahannayake, Goshta Murthy, Ganesha, Murugan, Gajalakshmi, Bhairava, Surya, Jeshta Devi, Navagraha",On the side of the road next to Kelambakkam on Chennai Mamallapuram road,Kelambakkam,,,,,Well-connected (on main road),"This temple is on the side of the road next to Kelambakkam on Chennai Mamallapuram road.As Shri Mahavishnu worshiped, the Lord appears here with the name of Shri Senkanmaleeswarar.On the square pedestal, Swami faces east and Ambal Sri Brahannayake faces south.The temple is flanked by the flag tree Nandi Mandapam prakaram and has shrines of Goshta Murthy, Ganesha, Murugan, Gajalakshmi, Bhairava, Surya, Jeshta Devi and Navagraha shrines.Lord Tirumeni is composed of Salagram.It is a place of relief for all diseases related to eyes.If you crawl and worship the Lord wholeheartedly, you will get benefit.Contact Mr Ganesa Gurus- 9952924944, Thiruvenkatesan- 9176770308, Mr Kamalakannan- 9884504932."
4,2,Melakottayur Sivan Temple,Melakottayur Sivan Temple (Sri Mekambikai Sametha Sri Meghnatheeswarar Temple),"Sri Meghnatheeswarar (Shiva), Sri Mekambikai (Parvati), Koshta Murthas, Kannimoolai Ganapati, Valli Devasena Murugan, Sandikeswarar, Bhairava, Navagragam","Melakottaiyur Village, Vandalur Kelambakkam Road","Vandalur, Kelambakkam",Chengalpattu,,Intact,Functional,Well-connected via Vandalur Kelambakkam Road,"Sri Mekambikai Sametha Sri Meghnatheeswarar Temple is located at Melakottaiyur Village on Vandalur Kelambakkam Road.This 1400 year old temple has been renovated and is well maintained.The temple includes Koshta Murthas, Kannimoolai Ganapati, Valli Devasena Murugan, Sandikeswarar, Bhairava, Navagragam shrines.Flagpole, Altar, Nandi Mandapam in front of temple.Moolavar Sri Meghnatheeswarar gives darshan on the square peeda towards the west.Swami could not be taken out during renovation work.Even today we can see that Shiva Lingam is seen leaning slightly to the right or left during Mahapradosha.Thala Purana says that Varunadeva, who was cursed by Sage Sri Durvasa, established a tirtha here and worshiped Isaan and got rid of the curse.The tirtha here is Varuna tirtha Eason is the bestower of reparation People worship Isaan here for marriage prevention, child birth, physical health, promotion, debt relief.Many people come to this temple and worship the Lord.108 sangabhishekams are performed here on every Pradosha day. Contact Mr. Siva Gurus-9962267286, Mr. Bhaktavachalam- 9941416205, Mr. Mahendran-7358491381."
5,3,Padur Siva Vishnu Temple,Padur Siva Vishnu Temple,"Sri Manikandeswarar, Shri Marakadavalli, Srinivasa Perumal, Vinayaka, Murugan, Ayyappan, Navagragam, Bhairava, Surya, Lakshmi Taiar, Garuda, Andal, Anjaneyar","Badur, near Kelambakkam",Kelambakkam,Chengalpattu,,Intact,Functional,"Well-connected by road, 2 km from Kelambakkam","By road, Kelambakkam is 2 km.This temple is located in Badur which comes before.The very old temple is now giving a new look.Sri Manikandeswarar is the source of the temple with the flagpole.Ambal Shri Marakadavalli.The temple with Pancha Shiva Koshta has shrines of Vinayaka, Murugan, Ayyappan, Navagragam, Bhairava and Surya.An old Shiva Lingam is seen to the left of the temple entrance.Puja is held for two periods. The main plant is the banyan tree.The temple pond is at the back.Kosala is also maintained here. To the left of the temple is the Srinivasa Perumal shrine.Sri Lakshmi's mother on Perumal's forehead is something that cannot be seen anywhere else.Besides Prayoga Chakram other shrines are Lakshmi Taiar, Garuda, Andal, Anjaneyar.Contact Mr. Ananda Gurus-9551785164, Mr. Krishnamurthy-7395918536, Mr. Prakash-98403 83097. Omar"
6,4,Thazhambur Temples,Sri Saileswarar Temple,"Sri Saileswarar, Sri Marakatambikai, Vinayagar, Murugan, Sandikeswarar, Bhairava, Navagragam, Dakshinamurthy, Vishnu Durga","Near Nawalur, Dalhampur","Tambaram, Adyar",,,,Functional,Well-connected by bus from Tambaram and Adyar,"Mrs. Bhavani took the Shiva lingam that was looking at the sky on the bank of the pond and built a small temple with the help of others.Swami Thirunamam Sri Saileswarar.Ambal Sri Marakatambikai.Vinayagar, Murugan, Sandikeswarar, Bhairava, Navagragam, Dakshinamurthy, Vishnu Durga etc. were newly consecrated.There is a beautiful pond in front.An old Nandi idol is found on the bank of the pond.For other details Mrs. Bhavani- 9962151046, Mr. Balasubramanian-91761 03629. Near Nawalur, Dalhampur.Buses come here from Tambaram and Adyar. They took the Shivlinga Thirumeni that was outside the cut in the area called Dhalampur Natham and showed them a small temple.The sanctum sanctorum is topped with a shed.Swami Thirunamam Sri Kailasanathar.They are going to keep Ambal from now on.Sometimes a pooja takes place.Tirukulam is at the back.Contact Mr. Balasubramanian-9176103629."
7,4,Thazhambur Temples,Sri Kailasanathar Temple,"Sri Kailasanathar, Ambal (to be installed)",Dhalampur Natham area,,,,,Functional,,"Mrs. Bhavani took the Shiva lingam that was looking at the sky on the bank of the pond and built a small temple with the help of others.Swami Thirunamam Sri Saileswarar.Ambal Sri Marakatambikai.Vinayagar, Murugan, Sandikeswarar, Bhairava, Navagragam, Dakshinamurthy, Vishnu Durga etc. were newly consecrated.There is a beautiful pond in front.An old Nandi idol is found on the bank of the pond.For other details Mrs. Bhavani- 9962151046, Mr. Balasubramanian-91761 03629. Near Nawalur, Dalhampur.Buses come here from Tambaram and Adyar. They took the Shivlinga Thirumeni that was outside the cut in the area called Dhalampur Natham and showed them a small temple.The sanctum sanctorum is topped with a shed.Swami Thirunamam Sri Kailasanathar.They are going to keep Ambal from now on.Sometimes a pooja takes place.Tirukulam is at the back.Contact Mr. Balasubramanian-9176103629."
8,5,Navalur Siva Vishnu Temple,Navalur Siva Vishnu Temple,"Sri Navaleeswarara (Shiva), Sri Akhilandeshwari (Ambal), Sri Lakshmi Narayana Perumal (Vishnu)","Navalur, On Omar Road, near Choshinganallur",Choshinganallur,,,Intact,Functional,Well-connected (all buses stop here),"A few years ago, the people of Nawalur built a big temple after taking the Shiva Lingam buried in the earth.This temple was built with the blessings of Kanji Sri Maha Swami.All the deities sannidans are featured here.The name of the Lord is Sri Navaleeswarara.Ambal Thirunamam Sri Akhilandeshwari.Sri Lakshmi Narayana Perumal in a separate temple nearby.All the utsavams are very well done in both the temples.The big pond is in front of the temple.Temple timings are 7-11 am and 5-8 pm.Contact Mr. Ananda Gurus- 9710070515. Navalur, On Omar Road, Choshinganallur is next.All buses stop here."
9,6,Kaaranai Sivan,Kaaranai Sivan,Shiva,"Karanai village, school complex back wall",Tambaram,,,Dilapidated,Non-Functional,Well-connected by bus from Chennai Saidappettai and Tambaram,"A Shiva lingam is found on the back wall of a school complex in Karanai village.There are vines all around.There are no visitors here.Some servants in the town are trying to bring the Lord.It is Eason who should show mercy.Contact Mr. Rajesh-9789845302, Mr. Senthilkumar-98843 04592, Mr. Kamalakannan-9962700694, Mr. Karthikeyan- 9940366472. There are buses to Karana from Chennai Saidappettai and Tambaram."
10,7,Siruseri Temples,Unknown,"Lord (Shiva), Ambal, Nadia, Chandikeswarar","Sirusheri near Kelambakkam, Chennai",Kelambakkam,Chennai,,Dilapidated,Functional,"Auto from Nawalur, buses from Kelambakkam and Adyar","This temple is located in Sirusheri near Kelambakkam, Chennai.Eason, who previously resided in a stone temple with a circular flight structure, now gives darshan in a small shed.Lord facing East on square pedestal.Ambal is nearby.Name unknown.In front of Lord Nadia.Chandikeswarar is outside in worn condition.Perhaps a servant is doing the puja here.Tirukulam is seen opposite. Sri Neela Manikka Perumal presents Sridevi as Boodevi Samethar in the Golam.A separate shrine for Hayagriva.The temple is well maintained.Puja is performed daily.Contact Mr. Sundararajan- 99529 99694, Mr. Sriram-9841046408.There is an auto facility from Nawalur which is on the road to reach this place.And there are buses from Kelambakkam, Adyar."
11,7,Siruseri Temples,Sri Neela Manikka Perumal Temple,"Sri Neela Manikka Perumal, Sridevi, Boodevi, Hayagriva","Sirusheri near Kelambakkam, Chennai",Kelambakkam,Chennai,,Intact,Functional,"Auto from Nawalur, buses from Kelambakkam and Adyar","This temple is located in Sirusheri near Kelambakkam, Chennai.Eason, who previously resided in a stone temple with a circular flight structure, now gives darshan in a small shed.Lord facing East on square pedestal.Ambal is nearby.Name unknown.In front of Lord Nadia.Chandikeswarar is outside in worn condition.Perhaps a servant is doing the puja here.Tirukulam is seen opposite. Sri Neela Manikka Perumal presents Sridevi as Boodevi Samethar in the Golam.A separate shrine for Hayagriva.The temple is well maintained.Puja is performed daily.Contact Mr. Sundararajan- 99529 99694, Mr. Sriram-9841046408.There is an auto facility from Nawalur which is on the road to reach this place.And there are buses from Kelambakkam, Adyar."
12,8,Pudupakkam Temples,Sri Devi Bhudevi Sametha Karunakaralakshminarayan,"Sri Devi, Bhudevi, Karunakaralakshminarayan, Thiruvidanta Sri Nitya Kalyana Perumal, Twelve Alwars, Vinayaka, Murugan, Panchamuga Anjaneya, Ramanuja, Vishwaksena, Shirdi Baba",Pudupakkam,Vandalur-Kelambakkam road,,Pandya kings,Intact,Functional,Well-connected via Vandalur-Kelambakkam road,"Built by the Pandya kings, this temple is now resplendent.The source is Sri Devi Bhudevi Sametha Karunakaralakshminarayan.Standing column.Utsavar is the same name.Other shrines here are Twelve Alwars, Vinayaka, Murugan, Panchamuga Anjaneya, Ramanuja, Vishwaksena, Shirdi Baba.One of the 108 Vaishnava thalams, Thiruvidanta Sri Nitya Kalyana Perumal, is visited at Parivettai in Thaimatham and the Thirumanjana Vaipavam takes place.Contact Mr. Ramanathan-9841439552, Mr. Balakrishnan-97912 30348, Mr. Narasimhan-97102 39076. You can reach this village by taking the road to the left after the light post on the Vandalur-Kelambakkam road. There is also an ancient Shiva temple in Puducherry village.Lord Thirunam Sri Agastheeswarar.Goddess, Sri Akilandeshwari.Like Pancha Goshta in Shiva Goshta, Ambal also has Pancha Goshta deities.The temple was renovated in 2006 and pujas are being held.Adi Agastheeswarar Shivlingam is found behind the sanctum sanctorum in the prakaram.There are shrines of Vinayagar, Valli Devasena Subramanyar, Bhairava, Chandikeswarar and Navagraha.Puja takes place twice.Contact Mr. Vasudevan-9444118745.Thala Vridsham is a novel.All the celebrations take place here in a grand manner. It also serves as a place of reparation for lost wealth and lost goods."
13,8,Pudupakkam Temples,Sri Agastheeswarar Temple,"Lord Thirunam Sri Agastheeswarar, Goddess Sri Akilandeshwari, Vinayagar, Valli Devasena Subramanyar, Bhairava, Chandikeswarar, Navagraha, Adi Agastheeswarar Shivlingam",Puducherry village,Vandalur-Kelambakkam road,,,Intact,Functional,Well-connected via Vandalur-Kelambakkam road,"Built by the Pandya kings, this temple is now resplendent.The source is Sri Devi Bhudevi Sametha Karunakaralakshminarayan.Standing column.Utsavar is the same name.Other shrines here are Twelve Alwars, Vinayaka, Murugan, Panchamuga Anjaneya, Ramanuja, Vishwaksena, Shirdi Baba.One of the 108 Vaishnava thalams, Thiruvidanta Sri Nitya Kalyana Perumal, is visited at Parivettai in Thaimatham and the Thirumanjana Vaipavam takes place.Contact Mr. Ramanathan-9841439552, Mr. Balakrishnan-97912 30348, Mr. Narasimhan-97102 39076. You can reach this village by taking the road to the left after the light post on the Vandalur-Kelambakkam road. There is also an ancient Shiva temple in Puducherry village.Lord Thirunam Sri Agastheeswarar.Goddess, Sri Akilandeshwari.Like Pancha Goshta in Shiva Goshta, Ambal also has Pancha Goshta deities.The temple was renovated in 2006 and pujas are being held.Adi Agastheeswarar Shivlingam is found behind the sanctum sanctorum in the prakaram.There are shrines of Vinayagar, Valli Devasena Subramanyar, Bhairava, Chandikeswarar and Navagraha.Puja takes place twice.Contact Mr. Vasudevan-9444118745.Thala Vridsham is a novel.All the celebrations take place here in a grand manner. It also serves as a place of reparation for lost wealth and lost goods."
14,9,Velichai Siva Vishnu Temple,Velichai Siva Vishnu Temple,"Sri Pasupadeeswarar, Ambal Sri Simmavalli, Lord Vishnu (Sri Sundara Varadaraja), Sri Kanakavalli's mother Tanichannadi, Dwara Ganapati, Murugan, Nataraja, Sivagami, Manikavasar, Pulipani, Kannimoolai Ganapati, Goshta Murthys, Vishwarupa Anjaneya, Surya, Chandran, Bhairava, Pratyangara Devi, Panduranga, Rukmini Devi, Valli Devasena Subramaniar, Sita Rama Lakshmana, Vallalar","Ilashai village, on Vandalur-Kelambakkam road, opposite Anjaneya temple",,,,,Functional,"On Vandalur-Kelambakkam road, opposite Anjaneya temple","The temple built by the Brahma sage Shri Satasiva Brahmandral is located in the village of Ilashai.There are numerous deity shrines in this temple, which is located with the Periya Raja Gopuram and the flagpole.In Moolasthan, Sri Pasupadeeswarar is facing east direction.Ambal Sri Simmavalli shrine is facing south.Lord Vishnu is present in a separate temple named Sri Sundara Varadaraja.Sri Kanakavalli's mother also has Tanichannadi.Other shrines are Dwara Ganapati, Murugan, Nataraja, Sivagami, Manikavasar, Pulipani, Kannimoolai Ganapati, Goshta Murthys, Vishwarupa Anjaneya, Surya, Chandran, Bhairava, Pratyangara Devi, Panduranga, Rukmini Devi, Valli Devasena Subramaniar, Sita Rama Lakshmana, Vallalar.Temple time is 9-11 am. Here everyone can go inside the sanctum and worship the Lord.Contact 044 24640306. On the Vandalur-Kelambakkam road, you can reach this temple by taking the road opposite to the Anjaneya temple."
15,10,Velichai Anjaneyar Temple,Velichai Anjaneyar Temple,Anjaneya (Hanuman),On Gaja Giri hill near Vandalur-Kelambakkam road,"Vandalur, Kelambakkam",Chengalpattu,,Intact,Functional,"Well-connected, near Vandalur-Kelambakkam road","Originally called on Gaja Giri, there is an ancient Anjaneya temple on this small hill.On this hill with 108 steps, Anjaneya is a benediction kolam with Thirumeni looking east and facing north without weapon.Puducherry Sri Nithyakalyana Perumal Bari Hunting Ground.A large number of devotees come to this temple which is a great remedy.To fulfill all the prayers, coconuts and bells are worshipped.After the puja here, sprinkling of Valpuri Sangu Theertha on the devotee is considered to be able to remove all doshas.Contact Mr. Suresh Bhatter- 9445299105, Mr. Mohan Bhatter-9444680711, Mr. Satya Narayanan- 9444824722. This hill is located near Vandalur- Kelambakkam road."
16,11,Illalur Temples,Sri Swayambeeswarar Temple,"Sri Swayambeeswarar, Ambal Sri Karpakampal, Nandi, Goshta Murthy, Chandikeswarar, Navagraha","Illalur village, near Thirukkulam",Tirupporur,,,Intact,Functional,"Well-connected (buses from Thambaram-Thiruporur, Thambaram-Nellikuppam)","About 6 km from Tirupporur, a road leading west leads to Illalur village.The old temple here is now newly built and worship is going on.The name of the Lord is Sri Swayambeeswarar.Ambal Sri Karpakampal is no more.There are shrines of Nandi, Goshta Murthy, Chandikeswarar and Navagraha.The sacred temple is found near Thirukkulam.Earlier Swami was Swayambu at Kulakarai in Vetaveli.Shivratri 6 Kalam, Annabhishekam, Karthikai Deepam, Somavar Pujas are held here.Contact Mr. Chakrapani-9176822119, Mr. Veeraragavan-94450 05635.  In the same village there is Sri Amritavalli's mother Samethar Sri Adikesava Perumal Temple. A small temple.Flagpole outside, Garuda Mandapam.In the sanctum sanctorum, Perumal is holding the Pryoga Sakram.Inside there are images of Andal, Wodevar, Nammalvar, Vishwaksenaar, Chakratthalvar and Thiruvathivam.Shree Anjaneya shrine in a separate temple nearby.Contact Mr. Rangaraja Bhattacharya- 8939945775. One time puja is held.A clean temple pond is seen along the steps. Thambaram-Thiruporur, Thambaram-Nellikuppam buses ply here."
17,11,Illalur Temples,Sri Adikesava Perumal Temple,"Sri Adikesava Perumal, Sri Amritavalli, Andal, Wodevar, Nammalvar, Vishwaksenaar, Chakratthalvar, Thiruvathivam, Sri Anjaneya (separate shrine)",Illalur village,Tirupporur,,,Intact,Functional,"Well-connected (buses from Thambaram-Thiruporur, Thambaram-Nellikuppam)","About 6 km from Tirupporur, a road leading west leads to Illalur village.The old temple here is now newly built and worship is going on.The name of the Lord is Sri Swayambeeswarar.Ambal Sri Karpakampal is no more.There are shrines of Nandi, Goshta Murthy, Chandikeswarar and Navagraha.The sacred temple is found near Thirukkulam.Earlier Swami was Swayambu at Kulakarai in Vetaveli.Shivratri 6 Kalam, Annabhishekam, Karthikai Deepam, Somavar Pujas are held here.Contact Mr. Chakrapani-9176822119, Mr. Veeraragavan-94450 05635.  In the same village there is Sri Amritavalli's mother Samethar Sri Adikesava Perumal Temple. A small temple.Flagpole outside, Garuda Mandapam.In the sanctum sanctorum, Perumal is holding the Pryoga Sakram.Inside there are images of Andal, Wodevar, Nammalvar, Vishwaksenaar, Chakratthalvar and Thiruvathivam.Shree Anjaneya shrine in a separate temple nearby.Contact Mr. Rangaraja Bhattacharya- 8939945775. One time puja is held.A clean temple pond is seen along the steps. Thambaram-Thiruporur, Thambaram-Nellikuppam buses ply here."
18,12,Kalavakkam Sivan Temple,Kalavakkam Sivan Temple,"Sri Kamadenu Ishwar (Shiva), Sri Gokilampal (Ambal)","Kalavakkam village, before Thiruporur on Mamallapuram road",Thiruporur,,,,Functional,Well-connected,The temple was built according to Sri Shankaracharya's Arulasi of Kanchi by taking the Shiva Lingam that was outside the cut.East facing shrine.Tirunam Sri Kamadenu Ishwar.Ambal Sri Gokilampal.There is no Ambal idol.Enthrallment before Swami.A temple pond is found nearby.The temple is situated in Kalavakkam village which is before Thiruporur on Mamallapuram road.Contact Mr. Munusamy-9962596849.
19,13,Kottamedu Sivan Temple,Kottamedu Sivan Temple,"Lord Sri Jalakandeswarar, Lord Sri Jagathampal, Nardhana Vinayagar, Dakshinamurthy, Maha Vishnu, Brahma, Durga, Ganesha, Goddess Lakshmi, Goddess Parvati, Goddess Saraswati","On Chengalpattu Road, Tirupporur; also accessible via Guduvanchery-Kottaimedu road","Tirupporur, Guduvanchery",Chengalpattu,,Intact,Functional,Well-connected; all Tiruporur-Chengalpattu buses stop here,"Lord Sri Jalakandeswarar Lord Sri Jagathampal In the temple which is about 2000 years old, Eason has risen as Swayambu.A temple built entirely of stones.There is always moisture in the Lord's womb.Nardhana Vinayagar in Prakaram, Dakshinamurthy, Maha Vishnu, Brahma, Durga in Shiva Koshta with excellent artistic aspect can be seen.Ganesha, who is a maiden, tilts his head and gives a view.Goddesses Lakshmi, Parvati and Saraswati are seen in Ambal Koshta in Prakaram.Thala Vridsham Ilupai.The water in the temple well never runs dry.There is a pond nearby.Sometimes a pooja takes place.Contact Mr. Srinivasan- 9962269957, 9962086925, Mr. Shankar-98405 21944. This village is situated on Chengalpattu Road, Tirupporur.Can also come on Guduvanchery-Kottaimedu road.All Tiruporur-Chengalpattu buses stop here."
20,14,Acharaavakkam Temples,Sri Agastheeswarar Temple,"Sri Agastheeswarar, Shri Anandhavalli, Dwara Ganapati, Murugan, Chandikeswarar, Navagragam",Acharavakkam (near Sembakkam),"Tiruporur (9 km), Chengalpattu, Velachery, Thiruvanmiyur",Chengalpattu,,Intact,Functional,"Well-connected by buses from Chengalpattu, Velachery, Thiruvanmiyur","As the old temple was completely ruined, the villagers of Acharavaka got together and built a new temple.Moolavar Sri Agastheeswarar.Ambal Shri Anandhavalli.East facing shrine.There are shrines of Dwara Ganapati and Murugan on the facade.The Nandi Mandapam is found in front of the Dwara shrine.There are sanctuaries of Chandikeswarar near Komugam and Navagragam at the north-east corner.Puja takes place for a while.A temple pond is found nearby.Contact Mr. Venkatesan- 9952304174, Mr. Selvakumar-9940216984, Ms. Sasikala-9840804196.Tiruporur is 9 km from here.Come to Sembakkam and visit this temple.Buses come here from Chengalpattu, Velachery, Thiruvanmiyur. There is also an ancient Perumal temple in Acharavaka village.Small temple.The Garudalwar shrine is seen outside the temple.In the sanctum sanctorum Sridevi Bhudevi Sametha Sri Karyamanika Perumal stood in the kolam.All seven forms of Alvars are present in the Maha Mandapam.Daily puja takes place.It is said that the Shiva temple here and this temple were built at the same time."
21,14,Acharaavakkam Temples,Sri Karyamanika Perumal Temple,"Sri Karyamanika Perumal, Sridevi, Bhudevi, Garudalwar, Seven Alvars",Acharavakkam village,"Tiruporur (9 km), Chengalpattu, Velachery, Thiruvanmiyur",Chengalpattu,,Intact,Functional,"Well-connected by buses from Chengalpattu, Velachery, Thiruvanmiyur","As the old temple was completely ruined, the villagers of Acharavaka got together and built a new temple.Moolavar Sri Agastheeswarar.Ambal Shri Anandhavalli.East facing shrine.There are shrines of Dwara Ganapati and Murugan on the facade.The Nandi Mandapam is found in front of the Dwara shrine.There are sanctuaries of Chandikeswarar near Komugam and Navagragam at the north-east corner.Puja takes place for a while.A temple pond is found nearby.Contact Mr. Venkatesan- 9952304174, Mr. Selvakumar-9940216984, Ms. Sasikala-9840804196.Tiruporur is 9 km from here.Come to Sembakkam and visit this temple.Buses come here from Chengalpattu, Velachery, Thiruvanmiyur. There is also an ancient Perumal temple in Acharavaka village.Small temple.The Garudalwar shrine is seen outside the temple.In the sanctum sanctorum Sridevi Bhudevi Sametha Sri Karyamanika Perumal stood in the kolam.All seven forms of Alvars are present in the Maha Mandapam.Daily puja takes place.It is said that the Shiva temple here and this temple were built at the same time."
22,15,Madayathur Sivan Temple,Madayathur Sivan Temple,"Sri Malleeswarar, Sri Manikavalli, Shiva Lingam, Chandikeswarar, Nandi, Pancha Goshta deities, Dwara Vinayaka, Murugan, Chandikeshwara","Madadthur village, about 5 km on the Tiruporur-Chengalpattu road","Tiruporur, Chengalpattu",Chengalpattu,"Pallava (king Kripadavarman), rebuilt in 2004",Intact,Functional,"Accessible by bus to Madadthur Good Road, then 1 km drive","Swami Thirunamam- Sri Malleeswarar Ambal - Sri Manikavalli The stone temple built by the Pallava king Kripadavarman has been a mound of mud since long ago and disappeared in the flood of time.The temple was built in the year 2004 by taking the Shiva Lingam, Chandikeswarar, and Nandi idols that were scattered here and there.With the blessings of Jagathguru Sri Jayendra Saraswati Swami, Mr. Chandrasekaran took great efforts and with the cooperation of the villagers, this work has been completed.There are Pancha Goshta shrines, Dwara Vinayaka, Murugan and Chandikeshwara shrines.Behind the temple there is a Siddhar Samadhi.Pooja is regularly held here for a period of time.Neem is the main plant of the temple.There is also Thirukulam. Madadthur village, about 5 km on the Tiruporur- Chengalpattu road.is far away.Get down by bus at Madadthur Good Road and drive for about 1 km.must goContact Mr Chandrasekaran- 9283736233"
23,16,Thandalam Sivan Temple,Thandalam Sivan Temple,"Sri Maheshwaran, Ambal Srimaheshwari, Ganesha, Murugan, Jeshta Devi","Thandalam village, 3 km on Tiruporur-Mamallapuram Road","Tiruporur, Tambaram, Chennai",,,Intact,Functional,"Remote village, city buses available from Tambaram, Tiruporur, and Chennai","The old temple was completely destroyed and only Swami was standing by the pond.The villagers of Thandalam have gathered and built a small temple to worship.There are Ganesha and Murugan idols on both sides of the sanctum sanctorum door.An old Jeshta Devi idol is found under a heat tree nearby.Swami's name is Sri Maheshwaran Ambal Srimaheshwari.Contact Mr. Radhakrishnan - 8754401805, Amsaveni-9790815110.Thiru Eyumalai- 9566267461. 3 KM on Tiruporur- Mamallapuram Road.This village is far away.City buses ply from Tambaram, Tirupporur, and Chennai. Jeshta Devi"
24,17,Aalathur Sivan Temple,Aalathur Sivan Temple,"Sri Agastheeswarar, Ambal Sri Akilandeshwari, Dwara Ganapathi, Valli Devasena, Sametha Murugan, Sandikeswarar, Bhairava","Alatur village, on the road from Thiruporur to Mamallapuram, about 3 km from Thiruporur","Thiruporur, Mamallapuram",,,Dilapidated,Functional,Well-connected by road from Thiruporur to Mamallapuram,"On the road from Thiruporur to Mamallapuram, it is about 3 km.If you travel you can find this temple in Alatur village.A very old temple.Flag tree, Rajagopuram, Goshta murthas were once there and now there is nothing.Eason consecrated and worshiped by Mamakarishi Agasthya.So he got the name Sri Agastheeswarar.Ambal Sri Akilandeshwari.Presently Dwara Ganapathi, Valli Devasena, Sametha Murugan, Sandikeswarar, and Bhairava.Opposite is the temple pond.There is a puja for a while.Contact Mr. Kathir Iyer-9444799023, Mr. Dayalan- 8124004808, Mr. Harendran-8680895761."
25,18,Payyanur Temples,Sri Ezhilarkuzali Ambal Sametha Sri Eteeswarar Temple,"Sri Eteeswarar (Shiva), Sri Ezhilarkuzali Ambal (Parvati), Pancha Goshta deities, Sri Agasthiyar, Sri Vallalar, Sri Bhairava, Sri Surya, 2000-year-old Shiva lingam","Baiyanur village, south bank of Thirukkulam, Payyanur",Mamallapuram (6 km),Chengalpattu,Pallava (built by Vijayanandi Vikrama Pallavan in AD 773),Intact,Functional,Well-connected on Chennai-Mamallapuram road,"Sri Ezhilarkuzali Ambal Sametha Sri Eteeswarar Temple, built by Vijayanandi Vikrama Pallavan in AD.Built in the year 773, it was completely destroyed in the floods and there were no pujas for many years, but it was rebuilt in 2011 and Kumbabhishekam was held.Presently two pujas are held.Annotated Nayanar from Thondai country has sung songs in praise of the Lord here.There are some indications that the Siddhas of Adhikatta worshiped Isaan here. In this temple with flagpole and Nandi Mandapam, if you enter the Dwara Balars and enter, Sri Eteeswarar gives darshan to the east.Ambal shrine facing south.Along with the Pancha Goshta shrines there are shrines of Sri Agasthiyar, Sri Vallalar, Sri Bhairava and Sri Surya.A 2000-year-old Shiva lingam found while paving the pond is in a separate shrine. This temple is the best remedy for unsolved cases, marriage ban, child luck.Contact Mr. Murthy- 99415 34893, Mr. Sundararaj-9566184387. On the Chennai-Mamallapuram Omar road lies the village of Baiyanur.From here Mamallapuram is 6 km. Bhayanur Eteeswarar Temple is located on the south bank of Thirukkulam and Karunakara Perumal Temple is on the north bank.Both the temples were built at the same time. Completely stone temple.Sri Karunakara Perumal will present Sri Karunakara Perumal in the golam where Sridevi Bhudevi stood as Samedar, bearing the Prayoga Chakra, if you enter the temple where the flagpole stands with two prakaras.It is said that this Lord was lying in the pond for a long time, and Zameen came to him in a dream and ordered him to be worshiped in the temple. Temple Timings 6 AM-12 PM, 4 PM-7.30 PM.Contact Mr. Kannayadasan-9092270404,"
26,18,Payyanur Temples,Karunakara Perumal Temple,"Sri Karunakara Perumal (Vishnu) with Sridevi and Bhudevi, bearing Prayoga Chakra","Baiyanur village, north bank of Thirukkulam, Payyanur",Mamallapuram (6 km),Chengalpattu,"Pallava (built at same time as Eteeswarar temple, AD 773)",Intact,Functional,Well-connected on Chennai-Mamallapuram road,"Sri Ezhilarkuzali Ambal Sametha Sri Eteeswarar Temple, built by Vijayanandi Vikrama Pallavan in AD.Built in the year 773, it was completely destroyed in the floods and there were no pujas for many years, but it was rebuilt in 2011 and Kumbabhishekam was held.Presently two pujas are held.Annotated Nayanar from Thondai country has sung songs in praise of the Lord here.There are some indications that the Siddhas of Adhikatta worshiped Isaan here. In this temple with flagpole and Nandi Mandapam, if you enter the Dwara Balars and enter, Sri Eteeswarar gives darshan to the east.Ambal shrine facing south.Along with the Pancha Goshta shrines there are shrines of Sri Agasthiyar, Sri Vallalar, Sri Bhairava and Sri Surya.A 2000-year-old Shiva lingam found while paving the pond is in a separate shrine. This temple is the best remedy for unsolved cases, marriage ban, child luck.Contact Mr. Murthy- 99415 34893, Mr. Sundararaj-9566184387. On the Chennai-Mamallapuram Omar road lies the village of Baiyanur.From here Mamallapuram is 6 km. Bhayanur Eteeswarar Temple is located on the south bank of Thirukkulam and Karunakara Perumal Temple is on the north bank.Both the temples were built at the same time. Completely stone temple.Sri Karunakara Perumal will present Sri Karunakara Perumal in the golam where Sridevi Bhudevi stood as Samedar, bearing the Prayoga Chakra, if you enter the temple where the flagpole stands with two prakaras.It is said that this Lord was lying in the pond for a long time, and Zameen came to him in a dream and ordered him to be worshiped in the temple. Temple Timings 6 AM-12 PM, 4 PM-7.30 PM.Contact Mr. Kannayadasan-9092270404,"
27,19,Edarkundram Temples,Sri Thirumalai Ishwarar Temple,"Sri Thirumalai Ishwarar (Shiva), Ambal Sri Sornambikai (Parvati)",Edarkundram hilltop,"Kotamedu village, Tiruporur",Chengalpattu,,,Functional,2 km from Kotamedu village on Tiruporur-Sengalpattu road; contact persons available,"There are two ancient temples overlooking a small hilltop in a very peaceful setting.One is Shiva temple.The other is the Narasimha Perumal Temple.The Esan Thirunam here is Sri Thirumalai Ishwarar.Ambal Sri Sornambikai.Eason gives a majestic view towards the east, surrounded by Goshta idols.A beautiful pond is found at the foot of the hill.Daily puja takes place. Narasimha Temple is on another part of the hill near Shiva Temple.Sri Narasimha Perumal graces the rock as Swami Swayambu.You have to squint to see the very elegant sculptural form.A must visit temple.Pooja takes place here too. It is said by the villagers that when they came to break stones here during the British rule, the crane broke down several times and left here. Ederkunram, 2 km from Kotamedu village on Tiruporur-Sengalpattu road.is far away.Contact Mr. Lokhu- 9095043658, Mr. Parthasarathy-9159129791, Mr. Venkataraman- 7639579700."
28,19,Edarkundram Temples,Sri Narasimha Perumal Temple,"Sri Narasimha Perumal (Vishnu as Narasimha, Swayambu)",Edarkundram hilltop (near Shiva temple),"Kotamedu village, Tiruporur",Chengalpattu,,,Functional,2 km from Kotamedu village on Tiruporur-Sengalpattu road; contact persons available,"There are two ancient temples overlooking a small hilltop in a very peaceful setting.One is Shiva temple.The other is the Narasimha Perumal Temple.The Esan Thirunam here is Sri Thirumalai Ishwarar.Ambal Sri Sornambikai.Eason gives a majestic view towards the east, surrounded by Goshta idols.A beautiful pond is found at the foot of the hill.Daily puja takes place. Narasimha Temple is on another part of the hill near Shiva Temple.Sri Narasimha Perumal graces the rock as Swami Swayambu.You have to squint to see the very elegant sculptural form.A must visit temple.Pooja takes place here too. It is said by the villagers that when they came to break stones here during the British rule, the crane broke down several times and left here. Ederkunram, 2 km from Kotamedu village on Tiruporur-Sengalpattu road.is far away.Contact Mr. Lokhu- 9095043658, Mr. Parthasarathy-9159129791, Mr. Venkataraman- 7639579700."
29,20,Vengoor Temples,Vengoor Shiva Temple,Shiva (linga),Vengur (Vengoor),"Thiruporur, Sengalpattu, Kanchipuram",Kanchipuram,,Dilapidated,Functional,"Well-connected by bus (Thiruporur-Sengalpattu, Kanchipuram routes)","The villagers of Vengur have taken the Shiva linga from the clearing and built a small shed to worship it.Swami's name is not known.All the idols from the nearby Perumal temple have disappeared and new idols are being installed.The temple is currently under construction.Nearby is the temple Thirukulam.Contact Mr. Gopalakrishnan-9626576908, Mr. Mohan-93817 74283. You can reach here by buses going to Thiruporur-Sengalpattu, Kanchipuram."
30,20,Vengoor Temples,Vengoor Perumal Temple,Perumal (Vishnu),Vengur (Vengoor),"Thiruporur, Sengalpattu, Kanchipuram",Kanchipuram,,Dilapidated,Non-Functional,"Well-connected by bus (Thiruporur-Sengalpattu, Kanchipuram routes)","The villagers of Vengur have taken the Shiva linga from the clearing and built a small shed to worship it.Swami's name is not known.All the idols from the nearby Perumal temple have disappeared and new idols are being installed.The temple is currently under construction.Nearby is the temple Thirukulam.Contact Mr. Gopalakrishnan-9626576908, Mr. Mohan-93817 74283. You can reach here by buses going to Thiruporur-Sengalpattu, Kanchipuram."
31,20,Vengoor Temples,Thirukulam Temple,,Thirukulam,"Vengur, Thiruporur, Sengalpattu, Kanchipuram",Kanchipuram,,,,"Well-connected by bus (Thiruporur-Sengalpattu, Kanchipuram routes)","The villagers of Vengur have taken the Shiva linga from the clearing and built a small shed to worship it.Swami's name is not known.All the idols from the nearby Perumal temple have disappeared and new idols are being installed.The temple is currently under construction.Nearby is the temple Thirukulam.Contact Mr. Gopalakrishnan-9626576908, Mr. Mohan-93817 74283. You can reach here by buses going to Thiruporur-Sengalpattu, Kanchipuram."
32,21,Anumanthapuram Temples,Anjaneya Hill Temple,"Anjaneya, Lord Shiva","Anumanthapuram, on top of the hill",Singaperumalkoil,Kanchipuram,,Vettaiveli,Functional,"Remote - 3 km dirt road from Darkas village, no proper path to climb the hill","It is history that when Shri Anjaneya was penance to Lord Shiva to get Shivadiksha in the beginning, Isa also willingly gave diksha with Sri Veerabhatra.History says that Anjaneya too was happy and stayed here after doing Shiva Puja. Now there is a small temple on top of the hill.To reach here, take the Singaperumalkoil-Anumanthapuram road and take a small dirt road for 3 km that splits at a village called Darkas to reach the base of the hill.There is no right way to climb a mountain. Anumanthapuram Sri Veerabhatra Temple Shree Veerabhatrar Swamy Temple, a feature of Sivabira, is about 9 kms near Singaperumal Temple.Located far away.This very famous temple is about 3000 years old.After the Dakshan Samharam, Sri Veerapathiraswamy came here very angry and hungry. Mother Kali gave Swami sugarcane yams and mountain honey to satisfy his hunger.As soon as Ambal folded the betel leaf, the hunger subsided and the anger subsided. The source here is Sri Akoravirabhatra.Ambal Sri Kalikampal.Dakshinamurthy and Lingotpavar are the only ones in Koshta.Shree Durga shrine stands alone.There are shrines of Ganesha, Murugan, and Chandikeshwara in the prakaram. place of remedy A place to get relief from evil and witchcraft.Mars also acts as a dosha-reliever.After the evening puja, Shivacharya devotees put Swami Vibhuti on their heads and give prasad to them to remove all evils.Garlanding of betel leaves here is very special.Puja is held here twice.7.00 am to 12.00 pm on new moon and full moon days. For further details Mr. Sentikumar-94442 86077, Mr. Wigneswaran-9976567410, Mr. Duraisamy- 9443616894."
33,21,Anumanthapuram Temples,Anumanthapuram Sri Veerabhatra Temple,"Sri Veerabhatra, Sri Akoravirabhatra, Ambal Sri Kalikampal, Dakshinamurthy, Lingotpavar, Durga, Ganesha, Murugan, Chandikeshwara","Anumanthapuram, about 9 km from Singaperumal Temple",Singaperumalkoil,Kanchipuram,,Intact,Functional,Well-connected - 9 km from Singaperumalkoil,"It is history that when Shri Anjaneya was penance to Lord Shiva to get Shivadiksha in the beginning, Isa also willingly gave diksha with Sri Veerabhatra.History says that Anjaneya too was happy and stayed here after doing Shiva Puja. Now there is a small temple on top of the hill.To reach here, take the Singaperumalkoil-Anumanthapuram road and take a small dirt road for 3 km that splits at a village called Darkas to reach the base of the hill.There is no right way to climb a mountain. Anumanthapuram Sri Veerabhatra Temple Shree Veerabhatrar Swamy Temple, a feature of Sivabira, is about 9 kms near Singaperumal Temple.Located far away.This very famous temple is about 3000 years old.After the Dakshan Samharam, Sri Veerapathiraswamy came here very angry and hungry. Mother Kali gave Swami sugarcane yams and mountain honey to satisfy his hunger.As soon as Ambal folded the betel leaf, the hunger subsided and the anger subsided. The source here is Sri Akoravirabhatra.Ambal Sri Kalikampal.Dakshinamurthy and Lingotpavar are the only ones in Koshta.Shree Durga shrine stands alone.There are shrines of Ganesha, Murugan, and Chandikeshwara in the prakaram. place of remedy A place to get relief from evil and witchcraft.Mars also acts as a dosha-reliever.After the evening puja, Shivacharya devotees put Swami Vibhuti on their heads and give prasad to them to remove all evils.Garlanding of betel leaves here is very special.Puja is held here twice.7.00 am to 12.00 pm on new moon and full moon days. For further details Mr. Sentikumar-94442 86077, Mr. Wigneswaran-9976567410, Mr. Duraisamy- 9443616894."
34,22,Siruthamur Sivan Temple,Siruthamur Sivan Temple (Bhootagriswarar),"Emperuman Easwaran (Bhootagriswarar), Sri Anandhavalli Devi, Lord Nandi (head turned left), Vinayagar, Valli Devasena Sametha Murugan, Sandikeswarar, Ambal, Patti Lingam, Elephant vehicle to Murugan",Sirutamur village,"Tirupporur (6 km), Chengalpattu, Koyambedu",Chengalpattu,,Dilapidated,Functional,"Well-connected by buses from Tirupporur, Chengalpattu, and Koyambedu","Emperuman Easwaran has a temple in Sirutamur village along with mother Sri Anandhavalli Devi with the name of Bhootagriswarar.Iswaran is presented in white color on a square shaped pedestal.Villagers are building a bigger temple while the old temple is dilapidated.The palalayam is done and the temple is nearing completion.Lord Nandi here has his head turned to the left which is not seen anywhere else.Vinayagar, Valli Devasena Sametha Murugan, Sandikeswarar, Ambal, Patti Lingam and Nandi are ancient deities.Elephant vehicle to Murugan here.Pooja is held regularly.Contact Mr. Jayachandran-9840518826, Mr. Nagarajan- 9382292689, Mr. Vijayan-9444880118. This place is 6 km from Tirupporur.Buses come here from Tiruporur, Chengalpattu, Koyambedu."
35,23,Kattoor Sivan Temple,Kattoor Sivan Temple,"Sri Vaidyanath (Swayambu), Ambal Sri Taiyalanaiki, Goshta Murthys, Nalvar, Vinayak Sekijar, Kashi Vishwanath Visalakshi Murugan, Gaja Lakshmi, Ankarakan, Navagragam, Bhairava, Uthra Vaideeswara Swamy","Kattoor, on Tiruporur Mambakkam road",Tiruporur (6 km),,,,Functional,Well-connected,"Author Sri Vaidyanath (Swayambu) Ambal Sri Taiyalanaiki Other shrines are Goshta Murthys,Nalvar,Vinayak Sekijar,Kashi Vishwanath Visalakshi Murugan,Gaja Lakshmi,Ankarakan,Navagragam. This place is known as Vadavaitheeswaram.History says that Sage Sri Agastya worshiped Isaan and removed the bonds of people.The Sivaganga Theertha here was made by Agathiya.Panguni was happy to see Shivashakti Thirukalyanam here on Uttaram.There is a separate shrine for Ankarakan here. In the nearby village of Vembedu, it is customary to visit Bhairava on the top of the hill and then visit Uthra Vaideeswara Swamy. Mars is the place to get rid of dosha and cure all kinds of ailments. Temple Timings 6 am - 11 pm 4.30 pm - 8.00 pm Contact Mr. Punniakodi-9884364272, Mr. Arivarasan- 7550352490, Mr. Natarasan-9445366044.This temple is on Tiruporur Mambakkam road.Tiruporur is 6 km from here."
36,24,Amoor Temples,Sri Tripura Sundari Sametha Sri Aayyaar Wodeyar Temple,"Sri Tripura Sundari, Sri Aayyaar Wodeyar, Ganesha, Murugan, Brahma, Surya, Bhairava, Jeshta Devi",Amur village,Thiruporur,,,Dilapidated,Functional,Remote village; buses available from Thiruporur and Tambaram,"It is about 8 km on the road from Thiruporur to Thirukkalukkunram.Sri Tripura Sundari Sametha Sri Aayyaar Wodeyar Temple is located in the remote village of Amur.This ancient temple was built entirely of stones.Moolavar Thirumeni is made of white stone.Other shrines are of Ganesha, Murugan, Brahma, Surya, Bhairava, and Jeshta Devi.Puja takes place for a while.The temple is currently under renovation.Contact Mr. Radha Krishnan- 9840228023, Mr. Jayaraman-9841833452, Mr. Pandian-9444364903.Buses ply here from Tiruporur, and Tambaram.The temple is near Thirukkulam.A head tree. Sri Vaikunda Perumal has a temple in Amur village as Sridevi Bhudevi Samethar.Sri Garudazhwar shrine is in separate hall opposite to Perumal shrine.The temple is in a state of repair.No daily pujas are performed here.Contact Mr. Radhakrishnan-9840228023, Mr. Jayaraman-98418 33452 Mr.Pandian-9444364903."
37,24,Amoor Temples,Sri Vaikunda Perumal Temple,"Sri Vaikunda Perumal, Sridevi, Bhudevi, Garudazhwar",Amur village,Thiruporur,,,Dilapidated,Non-Functional,Remote village; buses available from Thiruporur and Tambaram,"It is about 8 km on the road from Thiruporur to Thirukkalukkunram.Sri Tripura Sundari Sametha Sri Aayyaar Wodeyar Temple is located in the remote village of Amur.This ancient temple was built entirely of stones.Moolavar Thirumeni is made of white stone.Other shrines are of Ganesha, Murugan, Brahma, Surya, Bhairava, and Jeshta Devi.Puja takes place for a while.The temple is currently under renovation.Contact Mr. Radha Krishnan- 9840228023, Mr. Jayaraman-9841833452, Mr. Pandian-9444364903.Buses ply here from Tiruporur, and Tambaram.The temple is near Thirukkulam.A head tree. Sri Vaikunda Perumal has a temple in Amur village as Sridevi Bhudevi Samethar.Sri Garudazhwar shrine is in separate hall opposite to Perumal shrine.The temple is in a state of repair.No daily pujas are performed here.Contact Mr. Radhakrishnan-9840228023, Mr. Jayaraman-98418 33452 Mr.Pandian-9444364903."
38,25,Agaram Temples,Ancient Shiva Temple (Shivalayam),"Sri Kailasanathar, Sri Akhilandeshwari, Vinayaka, Subramaniyar, Bhairava, Nalvar, Pancha Goshta deities",Akaram village on Tiruporur Tirukkalukkunram road,"Tiruporur, Tirukkalukkunram",,,Intact,Functional,Well-connected,"The ancient Shiva Temple and Perumal Temple are located in Akaram village on Tiruporur Tirukkalukkunram road.The Shivalayam, which is a stone temple, is founded by Sri Kailasanathar.Ambal Thirunamam Sri Akhilandeshwari.Along with Pancha Goshta shrines there are shrines of Vinayaka, Subramaniyar, Bhairava, Nalvar etc.Sometimes a pooja takes place.The temple also has a Thirukkulam.Contact Mr. Ayyappan- 9940872125, Mr. Shanmugam-9677695375. The Perumal here is Sri Vaikundavasa Perumal.There are no pujas here.The temple is in need of repair."
39,25,Agaram Temples,Perumal Temple (Sri Vaikundavasa Perumal Temple),Sri Vaikundavasa Perumal,Akaram village on Tiruporur Tirukkalukkunram road,"Tiruporur, Tirukkalukkunram",,,Dilapidated,Non-Functional,Well-connected,"The ancient Shiva Temple and Perumal Temple are located in Akaram village on Tiruporur Tirukkalukkunram road.The Shivalayam, which is a stone temple, is founded by Sri Kailasanathar.Ambal Thirunamam Sri Akhilandeshwari.Along with Pancha Goshta shrines there are shrines of Vinayaka, Subramaniyar, Bhairava, Nalvar etc.Sometimes a pooja takes place.The temple also has a Thirukkulam.Contact Mr. Ayyappan- 9940872125, Mr. Shanmugam-9677695375. The Perumal here is Sri Vaikundavasa Perumal.There are no pujas here.The temple is in need of repair."
40,26,Arunkundram Perumal Temple,Arunkundram Perumal Temple,"Sri Lakshminarayana Perumal, Sri Lakshmi Devi, Sri Anjaneya",Arungunram,Tiruporur,,,Intact,Functional,"Well-connected (bus facilities from Koyambedu, Tiruporur, Tambaram to Thirukalukkunram)","The very old temple is now newly constructed.Sri Lakshminarayana Perumal is depicted in a kolam sitting with mother Sri Lakshmi Devi on her lap.There is a separate temple for Sri Anjaneya nearby.Sometimes a pooja takes place.Contact Mr. Perumal-6380548907, Mr. Paranthaman-638399912, Mr. Shanmugasundaram-99527 84431 Tiruporur - Arungunram about 13 km.Bus facility Koyambedu-Thirukalukkunram, Tiruporur-Thirukalukkunram, Tambaram-Thirukalukkunram."
41,27,Thirunilai Periyandavar Temple,Thirunilai Periyandavar Temple,"Sri Periyandavar (Shiva), Sri Angala Parameshwari (Parvati), 32 Shiva Ganas, Tirupadam (Lord Shiva), Shree Thiruthana Nayaki, Vinayagar, Murugan, Pattinathar, Vallalar, Tirumool, Vibhuti Vinayagar","Thiruvanthi village, 7 km from Thirukkalugunram",Thirukkalugunram,,,Dilapidated,Functional,Remote,"It is about 7 km from Thirukkalugunram.The Sri Periyandavar temple in the remote village of Thiruvanthi is very famous.Shiva and Goddess Parvati in the form of Sri Periyandavara and Sri Angala Parameshwari are still seen in the very old temple.The 32 Shiva Ganas who came to earth with Lord Shiva have a temple here.Tirupadam, where Lord Shiva was enshrined, is found here.Sri Periyandavar, who is Swayambu, does not have a roof.Shree Angalaparameshwari and Shree Thiruthana Nayaki shrines are nearby.Other shrines are Vinayagar, Murugan, Pattinathar, Vallalar, Tirumool, Vibhuti Vinayagar.The temple pond is nearby with the name Chidhamirtha Pond.The temple head tree is Rudracha tree.Temple timings are 7 AM to 7 PM.Contact Mr. Ekasivan-9842740957, Mr. Raju-8110936920."
42,28,Periyavippedu Sivan Temple,Periyavippedu Sivan Temple,Shiv Lingam,Periya Vippedu village,Thirukkalugunram,,,Dilapidated,Functional,"Well-connected by bus (routes: Chengalpattu-Otteri 75, Thirukkalugunram-Otteri)","Villagers of Periya Vippedu have taken the Shiv Lingam which has been lying unattended in the open for a long time and built a small shed in 2014 to worship it.Kochenga Nayanar Siva Venkatesan, who has been doing the work of constructing sheds for many temples, has also done the work here.Daily puja is held here.Contact Mr. Narayana Murthy-9994141086, Mr. Kubendran-9445373669.This village is 7 km from Thirukkalugunram.The temple also has a shrine.Buses that come here are Chengalpattu-Otteri (75) Thirukhakukunram-Otteri."
43,29,Sirukundram Temples,Sri Valmikeeshwarar Shiva Temple,"Lord Shiva (Valmikeeshwarar), Ambal Ketara Gauri, Vinayaka, Valli Devasena Sametha Murugan, Saneeswarar, seven Shiva Lingams (four currently found)",Sirukunram village (originally Sivakunram),"Tambaram, Chengalpattu",Chengalpattu,,Intact,Functional,Well-connected by bus from Tambaram and Chengalpattu,"It is said that there were once seven temples in the village which was originally called Sivakunram and now known as Sirukunram.In the absence of all of them, only the Sri Valmikeeshwarar Shiva Temple remains.Sage Shri Valmiki worshiped the Lord with this name.Ambal Tirunamam Shri Ketara Gauri.The sage has consecrated seven Shiva Lingams in this temple.Currently only four are found.If you visit Nandi Devar with a smiling face and go inside, Vinayaka and Valli Devasena Sametha Murugan will appear in the Mahamandapam.The temple is located in the Pancha Koshta and has Saneeswarar in the Ambal Koshta.Sometimes a pooja takes place.Contact Mr. Ekambara Shivacharya-9176867741, Mr. Vijaya Pillai-9908806716.Buses come here from Tambaram and Chengalpattu. This temple serves as a place of reparation for childbirth, marriage and Ketara Gauri fast.This Thalathu Eason is blessed mainly for curing cancer. Sri Lakshminaranaya Perumal also has a temple next to the Shiva temple in Sirukunram village.Both the temples were built at the same time.He is seen as Sri Lakshminarayana holding Goddess Sri Lakshmi on his lap.There are sanctuaries of Wodeavar, Tirumangai Alwar, Nammalwar, Vishwaksenaar and Garudalwar.Sometimes a pooja takes place.Contact Mr. Ekambara Shivacharya -9176867741, Mr. Vijayapillai -9908806716."
44,29,Sirukundram Temples,Sri Lakshminaranaya Perumal Temple,"Sri Lakshminarayana with Goddess Sri Lakshmi on his lap, Wodeavar, Tirumangai Alwar, Nammalwar, Vishwaksenaar, Garudalwar","Sirukunram village, next to the Shiva temple","Tambaram, Chengalpattu",Chengalpattu,,Intact,Functional,Well-connected by bus from Tambaram and Chengalpattu,"It is said that there were once seven temples in the village which was originally called Sivakunram and now known as Sirukunram.In the absence of all of them, only the Sri Valmikeeshwarar Shiva Temple remains.Sage Shri Valmiki worshiped the Lord with this name.Ambal Tirunamam Shri Ketara Gauri.The sage has consecrated seven Shiva Lingams in this temple.Currently only four are found.If you visit Nandi Devar with a smiling face and go inside, Vinayaka and Valli Devasena Sametha Murugan will appear in the Mahamandapam.The temple is located in the Pancha Koshta and has Saneeswarar in the Ambal Koshta.Sometimes a pooja takes place.Contact Mr. Ekambara Shivacharya-9176867741, Mr. Vijaya Pillai-9908806716.Buses come here from Tambaram and Chengalpattu. This temple serves as a place of reparation for childbirth, marriage and Ketara Gauri fast.This Thalathu Eason is blessed mainly for curing cancer. Sri Lakshminaranaya Perumal also has a temple next to the Shiva temple in Sirukunram village.Both the temples were built at the same time.He is seen as Sri Lakshminarayana holding Goddess Sri Lakshmi on his lap.There are sanctuaries of Wodeavar, Tirumangai Alwar, Nammalwar, Vishwaksenaar and Garudalwar.Sometimes a pooja takes place.Contact Mr. Ekambara Shivacharya -9176867741, Mr. Vijayapillai -9908806716."
45,30,Melaiyur Temples,Sri Nagaparaneeswarar Temple,"Sri Nagaparaneeswarar (Shiva as Swayambu linga), Sri Periyanayake (Ambal), Sri Visalakshi Sametha Sri Kashi Viswanadha, Vinayagar, Subramaniyar, Ayyappan, Lakshmi, Chitragupta, Brahma Saraswati, Agasthiyar, Lalithambigai, Tripurasundari, Bhairava, Dattatreya Sarabeswarar","Melaiyur village, 4 km west of Vangur on Chengalpattu Tiruporur Road",Vangur,Chengalpattu,,Intact,Functional,Well-connected by bus (Tambaram - Karumbakkam route),"On Chengalpattu Tiruporur Road, reach Vangur and drive west for about 4 km.If you go to Melayur village.Many deities found on earth are on display in the newly constructed temple today.Lord Shiva is displayed as Swayambu murthi in the form of linga with the name Sri Nagaparaneeswarar.Ambal Thirunam Sri Periyanayake.Near the Swami sanctum sanctorum is the Sri Visalakshi Sametha Sri Kashi Viswanadha shrine.Other shrines are Vinayagar, Subramaniyar, Ayyappan, Lakshmi, Chitragupta, Brahma Saraswati, Agasthiyar, Lalithambigai, Tripurasundari, Bhairava, Dattatreya Sarabeswarar.Thirukulam temple is seen at the back.This temple which includes Raja Gopuram, Flag Tree and Vasantha Mandapam is the best healing place.Eason, who stays here, blesses child birth, cure of incurable diseases, and removal of marriage obstacles. Sridevi Bhudevi Sametha Sri Varadaraja Perumal temple is located in this temple complex.There are shrines of Garuda, Rukmini Satyabama Sametha Krishna and Anjaneya.Temple timings are 6 AM to 8 PM.Contact Mr. Vasudevan- 94980 36642, Mr. Shankar-9790653618, Ms. Maheshwari-9094734948.Bus Tambaram - Karumbakkam. Sri Venkatarama Swami's Jeeva Samathi Sri Venkatarama Swami's Jeeva Samadhi is located near the Shiva Vishnu Temple Raja Gopuram.Swami used to stay at the Vadapalani temple gate in Chennai until recently.He performed many miracles and blessed the devotees.In the year 2007, the Swami removed his Buddha body and resides here as Atma Sarupam.Sri Paranjothi Baba, who lived in Vadapalani during Annarat period, also attained Siddhi and his Jeeva Samadhi is located near Sriperumbudur."
46,30,Melaiyur Temples,Sridevi Bhudevi Sametha Sri Varadaraja Perumal Temple,"Sridevi, Bhudevi, Sri Varadaraja Perumal, Garuda, Rukmini Satyabama Sametha Krishna, Anjaneya","Same complex as Sri Nagaparaneeswarar Temple, Melaiyur village",Vangur,Chengalpattu,,Intact,Functional,Well-connected by bus (Tambaram - Karumbakkam route),"On Chengalpattu Tiruporur Road, reach Vangur and drive west for about 4 km.If you go to Melayur village.Many deities found on earth are on display in the newly constructed temple today.Lord Shiva is displayed as Swayambu murthi in the form of linga with the name Sri Nagaparaneeswarar.Ambal Thirunam Sri Periyanayake.Near the Swami sanctum sanctorum is the Sri Visalakshi Sametha Sri Kashi Viswanadha shrine.Other shrines are Vinayagar, Subramaniyar, Ayyappan, Lakshmi, Chitragupta, Brahma Saraswati, Agasthiyar, Lalithambigai, Tripurasundari, Bhairava, Dattatreya Sarabeswarar.Thirukulam temple is seen at the back.This temple which includes Raja Gopuram, Flag Tree and Vasantha Mandapam is the best healing place.Eason, who stays here, blesses child birth, cure of incurable diseases, and removal of marriage obstacles. Sridevi Bhudevi Sametha Sri Varadaraja Perumal temple is located in this temple complex.There are shrines of Garuda, Rukmini Satyabama Sametha Krishna and Anjaneya.Temple timings are 6 AM to 8 PM.Contact Mr. Vasudevan- 94980 36642, Mr. Shankar-9790653618, Ms. Maheshwari-9094734948.Bus Tambaram - Karumbakkam. Sri Venkatarama Swami's Jeeva Samathi Sri Venkatarama Swami's Jeeva Samadhi is located near the Shiva Vishnu Temple Raja Gopuram.Swami used to stay at the Vadapalani temple gate in Chennai until recently.He performed many miracles and blessed the devotees.In the year 2007, the Swami removed his Buddha body and resides here as Atma Sarupam.Sri Paranjothi Baba, who lived in Vadapalani during Annarat period, also attained Siddhi and his Jeeva Samadhi is located near Sriperumbudur."
47,30,Melaiyur Temples,Sri Venkatarama Swami's Jeeva Samadhi,Sri Venkatarama Swami,Near the Shiva Vishnu Temple Raja Gopuram in Melaiyur,Vangur,Chengalpattu,,Intact,Functional,Well-connected by bus (Tambaram - Karumbakkam route),"On Chengalpattu Tiruporur Road, reach Vangur and drive west for about 4 km.If you go to Melayur village.Many deities found on earth are on display in the newly constructed temple today.Lord Shiva is displayed as Swayambu murthi in the form of linga with the name Sri Nagaparaneeswarar.Ambal Thirunam Sri Periyanayake.Near the Swami sanctum sanctorum is the Sri Visalakshi Sametha Sri Kashi Viswanadha shrine.Other shrines are Vinayagar, Subramaniyar, Ayyappan, Lakshmi, Chitragupta, Brahma Saraswati, Agasthiyar, Lalithambigai, Tripurasundari, Bhairava, Dattatreya Sarabeswarar.Thirukulam temple is seen at the back.This temple which includes Raja Gopuram, Flag Tree and Vasantha Mandapam is the best healing place.Eason, who stays here, blesses child birth, cure of incurable diseases, and removal of marriage obstacles. Sridevi Bhudevi Sametha Sri Varadaraja Perumal temple is located in this temple complex.There are shrines of Garuda, Rukmini Satyabama Sametha Krishna and Anjaneya.Temple timings are 6 AM to 8 PM.Contact Mr. Vasudevan- 94980 36642, Mr. Shankar-9790653618, Ms. Maheshwari-9094734948.Bus Tambaram - Karumbakkam. Sri Venkatarama Swami's Jeeva Samathi Sri Venkatarama Swami's Jeeva Samadhi is located near the Shiva Vishnu Temple Raja Gopuram.Swami used to stay at the Vadapalani temple gate in Chennai until recently.He performed many miracles and blessed the devotees.In the year 2007, the Swami removed his Buddha body and resides here as Atma Sarupam.Sri Paranjothi Baba, who lived in Vadapalani during Annarat period, also attained Siddhi and his Jeeva Samadhi is located near Sriperumbudur."
48,31,Kondanki Sivaan Temple,Kondanki Sivaan Temple,"Lord Jagatheeswarar, Goddess Tripurasundari, Nataraja, Shivagami, Murugan, Perumal","Kondangi village, 5 km from Kuduvancheri on the road to Kottamedu",Kuduvancheri,,"Pandya, Chola, Vijayanagara",Intact,Functional,Well-connected by bus (Kuduvancheri-Kottamedu route),"5 kms near Kuduvancheri.A very old temple is situated in a village called Kondangi on the road to Kottamedu.Lord Thirunam Sri Jagatheeswarar.. Ambal Sri Tripurasundari.The temple remained in ruins till recently without any worship or maintenance.In the year 2002, the people of the village got together and started performing pujas.On the second day after the puja began, idols of Nataraja, Shivagami and Murugan were found underground under the temple Artha Mandapam.The temple is well established and worships are now taking place.It is also said that Eason, blessed by the Pandya king Pitku Mansumandu, is known as Thirukuleeswarar.During the time of Chola kings and Vijayanagara kings, repairs were done and now by Kanchi Sri Jayendra Swamy, the Pratimeshtikai was established in the sanctum sanctorum in 2002 and the repairs were done well.The Perumal idol found in the temple Thirukkulam is also consecrated here.Daily one time puja, and all the Shivalaya utsavams are going on.Contact Mr. Vasudevan-9498036642, Mr. Balu Nayakar-9176713580.Bus facility Kuduvancheri-Kottamedu."
49,32,Nellikuppam Temples,Sri Malleeswarar Temple,"Sri Malleeswarar (Shiva), Sri Mangalambhikai (Ambal), Two Shiva Lingams, Audaiyar","Nellikuppam village, about 12 km on Kuduvanchery-Kottamedu road","Kuduvanchery, Kottamedu",,,Dilapidated,Functional,"Well-connected via road, contact numbers available","About 12 km on the Kuduvanchery-Kottamedu road.An ancient Shiva temple and a Perumal temple exist in the distant Nellikuppam village.The Shiva temple is currently located in a small shed facing east.Swami Sri Mangalambhikai Sametha is known as Sri Malleeswarar.Only the Ambal foot is found at the back of the temple.In addition, two Shiva Lingams and an Audaiyar are seen.Daily puja takes place.Contact Mr. Sambasivam-9360730995, Mr. Thirunganasekar-9381887280, Ms. Devi-9962048372. In this temple, which is an ancient stone temple, Sridevi Bhudevi Sametha Sri Adhikeshava Perumal stands in the Thirukolam.Along with Sri Ambujavalli Thayar which has its own temple, other shrines are Sri Anjaneyar, Vodeavar, Sri Desikar and Sri Chakrathalwar. The temple is called Thirukulam Omavalli Kulam.Sometimes a pooja takes place.Contact Mr. Gajaraja--9445185127, Mr.Sriram-9941424938, Mr.Hariharasubramanyan- 9841602927. Radha Sathyabhama Sametha Sri Venugopalaswamy There is a Krishna temple in the area called Akaram in Nellikukulam.Stone temple.Sri Venugopala Swami Radha Sathyabhama performs seva with the Devis.The temple is under repair.Contact Mr Sriram-9941424938.Pooja is going on for a while."
50,32,Nellikuppam Temples,Sri Adhikeshava Perumal Temple,"Sri Adhikeshava Perumal (Vishnu) with Sridevi and Bhudevi, Sri Ambujavalli Thayar, Sri Anjaneyar, Vodeavar, Sri Desikar, Sri Chakrathalwar","Nellikuppam village, about 12 km on Kuduvanchery-Kottamedu road","Kuduvanchery, Kottamedu",,,Dilapidated,Functional,"Well-connected via road, contact numbers available","About 12 km on the Kuduvanchery-Kottamedu road.An ancient Shiva temple and a Perumal temple exist in the distant Nellikuppam village.The Shiva temple is currently located in a small shed facing east.Swami Sri Mangalambhikai Sametha is known as Sri Malleeswarar.Only the Ambal foot is found at the back of the temple.In addition, two Shiva Lingams and an Audaiyar are seen.Daily puja takes place.Contact Mr. Sambasivam-9360730995, Mr. Thirunganasekar-9381887280, Ms. Devi-9962048372. In this temple, which is an ancient stone temple, Sridevi Bhudevi Sametha Sri Adhikeshava Perumal stands in the Thirukolam.Along with Sri Ambujavalli Thayar which has its own temple, other shrines are Sri Anjaneyar, Vodeavar, Sri Desikar and Sri Chakrathalwar. The temple is called Thirukulam Omavalli Kulam.Sometimes a pooja takes place.Contact Mr. Gajaraja--9445185127, Mr.Sriram-9941424938, Mr.Hariharasubramanyan- 9841602927. Radha Sathyabhama Sametha Sri Venugopalaswamy There is a Krishna temple in the area called Akaram in Nellikukulam.Stone temple.Sri Venugopala Swami Radha Sathyabhama performs seva with the Devis.The temple is under repair.Contact Mr Sriram-9941424938.Pooja is going on for a while."
51,32,Nellikuppam Temples,Sri Venugopalaswamy Temple,Sri Venugopalaswamy (Krishna) with Radha and Sathyabhama,"Akaram area in Nellikuppam village, about 12 km on Kuduvanchery-Kottamedu road","Kuduvanchery, Kottamedu",,,Dilapidated,Functional,"Well-connected via road, contact numbers available","About 12 km on the Kuduvanchery-Kottamedu road.An ancient Shiva temple and a Perumal temple exist in the distant Nellikuppam village.The Shiva temple is currently located in a small shed facing east.Swami Sri Mangalambhikai Sametha is known as Sri Malleeswarar.Only the Ambal foot is found at the back of the temple.In addition, two Shiva Lingams and an Audaiyar are seen.Daily puja takes place.Contact Mr. Sambasivam-9360730995, Mr. Thirunganasekar-9381887280, Ms. Devi-9962048372. In this temple, which is an ancient stone temple, Sridevi Bhudevi Sametha Sri Adhikeshava Perumal stands in the Thirukolam.Along with Sri Ambujavalli Thayar which has its own temple, other shrines are Sri Anjaneyar, Vodeavar, Sri Desikar and Sri Chakrathalwar. The temple is called Thirukulam Omavalli Kulam.Sometimes a pooja takes place.Contact Mr. Gajaraja--9445185127, Mr.Sriram-9941424938, Mr.Hariharasubramanyan- 9841602927. Radha Sathyabhama Sametha Sri Venugopalaswamy There is a Krishna temple in the area called Akaram in Nellikukulam.Stone temple.Sri Venugopala Swami Radha Sathyabhama performs seva with the Devis.The temple is under repair.Contact Mr Sriram-9941424938.Pooja is going on for a while."
52,33,Keezhur Sivan Temple,Keezhur Sivan Temple,"Sivan, Indra, Vinayagar (Poiyavinayakar)",Keelur village on the Kuduvanchery-Kottamedu road,Kotta Medu,Chengalpattu,,Dilapidated,Functional,"Well-connected, buses from Chengalpattu, Tiruporur, and Guduvanchery","A very old temple is located in Keelur village on the Kuduvanchery-Kottamedu road.They take the deities in the stone temple and keep them in another place nearby and worship them.Cultivation work has recently taken place around the temple by clearing the thornbushes.It is said that Indra worshiped Isaan here.The statue of Indra is also here.Vinayagar here is known as Poiyavinayakar.Recently the Pradosha Puja has been started.Thirukkulam is also close to the temple.Contact Mr. Senthil-9445704659, Mr. Rajesh-9790519740, Devdas-7200245399. The village is very close to Kotta Medu and buses come from Chengalpattu, Tiruporur and Guduvanchery."
53,34,Thiruporur Temples,Thiruporur Kandaswamy Temple,"Sri Kandaswamy (Murugan) as Swayambu Murthy, Sri Subramaniya Yantra, Valli Devasena Devi","Thiruporur, near Chennai, Tamil Nadu","Chennai, Tambaram, Mambalam",Chengalpattu,,Intact,Functional,"Well-connected by buses from Chennai, Tambaram, Mambalam","On the day when Sri Chidambara Swami who incarnated in Madurai worshiped Mother Meenakshi and Chokanatha every day, Mother Meenakshi went to Tiruporur Murugan Talam in the north to make her feel that she should stay there.He performed Nitya Puja and attained Jiva Samadhi.All the 13 disciples of Anna are buried here. Temple Timings 7.30 AM-12 PM 4-7 PM.Guru Puja takes place on Visakha Nakshatra in the month of Vaikasi.Special pujas are held on Visakha, Poornami and Pradosham days every month. In this very famous temple, Moolav Sri Kandaswamy is enshrined as Swayambu Murthy.Sri Subramaniya Yantra is enshrined in the turtle shaped pedestal.Anointing is for the machine.The source does not have abhishekam.After the pooja to Murugan, the pooja is performed to Enthra.He presents the scene with four arms, one arm aksharamalai, one arm kandigai, one arm abhayahastam and other arm in tudu.The unique feature of this temple is its Ongara shape.The flagpole of the temple with 3 prakaras is outside.Airavatham given by Devendran is the vehicle here.A separate shrine for Valli Devasena Devi.Navagraham is not here.Sri Adi Sankara worshiped this Lord.The temple head tree came.Theertha Saravana Theertha. Murugan blesses those who stay in this place to achieve their desired goals, to get peace of mind and to get physical health.Mainly those who are afflicted with Mars will benefit if they visit this place and worship Lord Muruga. Contact Mr. Kumar Gurus-9566423840, Mr. Ravichandran- 9840977177, Mr. Anandan-9940146465.There are 4 daily pujas here. This temple is situated on a small hill called Pranavagiri near Thiruporur Kandaswamy Temple near Chennai.Moolavar Sri Kailasanathar gives a view towards the east.Ambal gives darshan of Shri Palambhikai Amma towards the east direction.The temple is about 2000 years old.The place where Lord Muruga preached to Sage Sri Agastya. The place where Sri Chidambara Swami worshipped.From here there is a tunnel to Kandasamy temple.There are shrines of Vinayagar, Murugan, Durgai, Ardhanareeswarar, Brahma, Sandikeswarar, Veerabhatra, Bhairava, Surya, etc. in the prakaram.Worshiping this Pranava Hill is considered very special.Visiting Eason on Saturday is very special.Perhaps the puja takes place here.Temple timings are 5.30-8.00 pm.Contact Mr. Kumar-9790712721, Mr. Senthilvel- 9840807409. Many buses ply from Chennai, Tambaram and Mambalam."
54,34,Thiruporur Temples,"Sri Kailasanathar Temple, Pranavagiri","Sri Kailasanathar (Shiva), Shri Palambhikai Amma (Parvati), Vinayagar, Murugan, Durgai, Ardhanareeswarar, Brahma, Sandikeswarar, Veerabhatra, Bhairava, Surya","Pranavagiri hill, near Thiruporur Kandaswamy Temple, Thiruporur, Tamil Nadu","Chennai, Tambaram, Mambalam",Chengalpattu,,Intact,Functional,"Well-connected by buses from Chennai, Tambaram, Mambalam","On the day when Sri Chidambara Swami who incarnated in Madurai worshiped Mother Meenakshi and Chokanatha every day, Mother Meenakshi went to Tiruporur Murugan Talam in the north to make her feel that she should stay there.He performed Nitya Puja and attained Jiva Samadhi.All the 13 disciples of Anna are buried here. Temple Timings 7.30 AM-12 PM 4-7 PM.Guru Puja takes place on Visakha Nakshatra in the month of Vaikasi.Special pujas are held on Visakha, Poornami and Pradosham days every month. In this very famous temple, Moolav Sri Kandaswamy is enshrined as Swayambu Murthy.Sri Subramaniya Yantra is enshrined in the turtle shaped pedestal.Anointing is for the machine.The source does not have abhishekam.After the pooja to Murugan, the pooja is performed to Enthra.He presents the scene with four arms, one arm aksharamalai, one arm kandigai, one arm abhayahastam and other arm in tudu.The unique feature of this temple is its Ongara shape.The flagpole of the temple with 3 prakaras is outside.Airavatham given by Devendran is the vehicle here.A separate shrine for Valli Devasena Devi.Navagraham is not here.Sri Adi Sankara worshiped this Lord.The temple head tree came.Theertha Saravana Theertha. Murugan blesses those who stay in this place to achieve their desired goals, to get peace of mind and to get physical health.Mainly those who are afflicted with Mars will benefit if they visit this place and worship Lord Muruga. Contact Mr. Kumar Gurus-9566423840, Mr. Ravichandran- 9840977177, Mr. Anandan-9940146465.There are 4 daily pujas here. This temple is situated on a small hill called Pranavagiri near Thiruporur Kandaswamy Temple near Chennai.Moolavar Sri Kailasanathar gives a view towards the east.Ambal gives darshan of Shri Palambhikai Amma towards the east direction.The temple is about 2000 years old.The place where Lord Muruga preached to Sage Sri Agastya. The place where Sri Chidambara Swami worshipped.From here there is a tunnel to Kandasamy temple.There are shrines of Vinayagar, Murugan, Durgai, Ardhanareeswarar, Brahma, Sandikeswarar, Veerabhatra, Bhairava, Surya, etc. in the prakaram.Worshiping this Pranava Hill is considered very special.Visiting Eason on Saturday is very special.Perhaps the puja takes place here.Temple timings are 5.30-8.00 pm.Contact Mr. Kumar-9790712721, Mr. Senthilvel- 9840807409. Many buses ply from Chennai, Tambaram and Mambalam."
55,35,Karumbakkam Sivan,Karumbakkam Sivan,"Shiva (Shivlingam), Nandi","Karumbakkam village, 100 meters east on Tiruporur Chengalpattu road","Chengalpattu, Tiruporur",Chengalpattu,,Vettaiveli,Non-Functional,Well-connected by Chengalpattu-Tiruporur bus,"As directed by Sri Siradi Saibaba in a lover's dream, he wandered all over Karumbakkam village and finally found a Shivlingam and Nandi reclining under a neem tree.Even the villagers do not know the details of this.This Shivlingam and Nandi are located about 100 meters to the east on Tiruporur Chengalpattu road.No one comes here.The Lord who dwells here must be very glorious.The villagers should gather together and build a small temple and start worship.You can reach Karumbakkam by Chengalpattu-Tiruporur bus.For further contact Mr Kannan-9841020857, Mr Muralitharan-8838242492. The Shiva temple in the nearby village of Bhuilupai, seen by Sri Shirdi Baba, is currently being renovated and the temple is nearing completion.The people of Karumbakkam village should also realize the specialness of this temple and start worshiping it as soon as possible."
56,35,Karumbakkam Sivan,Bhuilupai Shiva Temple,Shiva,Bhuilupai village,Karumbakkam,Chengalpattu,,Dilapidated,Non-Functional,"Accessible via Tiruporur Chengalpattu road, near Karumbakkam","As directed by Sri Siradi Saibaba in a lover's dream, he wandered all over Karumbakkam village and finally found a Shivlingam and Nandi reclining under a neem tree.Even the villagers do not know the details of this.This Shivlingam and Nandi are located about 100 meters to the east on Tiruporur Chengalpattu road.No one comes here.The Lord who dwells here must be very glorious.The villagers should gather together and build a small temple and start worship.You can reach Karumbakkam by Chengalpattu-Tiruporur bus.For further contact Mr Kannan-9841020857, Mr Muralitharan-8838242492. The Shiva temple in the nearby village of Bhuilupai, seen by Sri Shirdi Baba, is currently being renovated and the temple is nearing completion.The people of Karumbakkam village should also realize the specialness of this temple and start worshiping it as soon as possible."
58,36,Pooiluppai Sivan Temple,Pooiluppai Sivan Temple,Shiva (Sivan),"Near Karumbakkam, on Tiruporur-Chengalpattu road, about 1 km east of Karumbakkam bus stop",Tiruporur,Chengalpattu,,Dilapidated,Functional,"Well-connected by bus (Tiruporur-Chengalpattu route) to Karumbakkam stop, then 1 km walk east","Sri Shirdi Baba informed about the specialness of this temple and its location in a dream of a loved one and saw it that way. The temple in this village which was once surrounded by Ilubai forest was lost during the floods and only a few idols were found on the ground and the temple has been built in a small shed.At that time, there was a daily pilgrimage to take flowers from this village to Thirukkalugunram Vedakriswarar Temple.Snake bites in Indore are not poisonous.The bitten will not suffer any damage.Now the villagers are expanding the temple.A period of worship.Thala Vridsham Ilupai.The Thirukulam temple is seen at the back.Contact Mr Vijay-9840234803, 91768 09982, Ramu-9171626243.Bus Tiruporur- Chengalpattu, stopping at Karumbakkam.About 1 km to the east from here. By the grace of Sri Baba, the temple is now nearing completion."
59,37,Periyairumbadu Sivan Temple,Periyairumbadu Sivan Temple,"Sri Agastheeswarar, Sri Anandavalli Ambal",Irumpedu village,Chengalpattu,Chengalpattu,,Intact,Functional,Well-connected (buses from Chengalpattu),"Isan has a temple in Irumpedu village along with Devi Sri Anandavalli Ambal with the name Sri Agastheeswarar.Located with a 16-foot maha mandapam, the Lord faces east and Ambal faces south.The uterus is always moist.Other shrines include Pancha Goshta, Vinayaka, Murugan, Chandikeshwara, Navagragam.Contact Mr Gaurishankar- 9944029225. Buses ply to this village from Chengalpattu.There is a temple shrine."
60,38,Orathur Sivan,Orathur Sivan,"Shiva (Shivlingam), Nandi","Orathur village, on bank of a lake",Tirupporur,Chengalpattu,,Dilapidated,Non-Functional,Accessible by bus from Chengalpattu,"15 km from Tirupporur.A Shivlingam is found on the bank of a lake in the distant Orathur village.Leaning against the root of a neem tree nearby.It is square in shape.Opposite is Nandi Deva.The villagers are trying to bring the Swami who is far away outside the town to the town.Contact Mr Jeevaratnam-9443597343, Mr Yuvraj-9788188834, Mr Bhupathi-7094896988.Mr. Loku-9943742288.A bus comes from Chengalpattu to Orattur."
61,39,Thandarai Temples,Sri Thirumeneeswarar Temple,"Thirumeneeswarar (Shiva), Ambal (name unknown), Vinayagar, Subramaniyar, Chandikeswarar, Nandi",Thandarai,Tirupporur (12 km),Chengalpattu,,Dilapidated,Functional,"Accessible via Tirupporur, 12 km away; contact available","The idols of Swami, which used to be outside the cut, are now found in temples located in small sheds.Shiva Thirunamam Sri Thirumeneeswarar.Ambal name unknown.And idols of Vinayagar, Subramaniyar, Chandikeswarar and Nandi are seen.In another shed nearby, Perumal Sridevi is performing with the Budevis.Puja is held here only once a week.Contact Mr. Srinivasan-6381246723.Thandarai is 12 km from Tirupporur."
62,39,Thandarai Temples,Perumal Temple,"Perumal (Vishnu), Sridevi, Bhudevi",Thandarai,Tirupporur (12 km),Chengalpattu,,Dilapidated,Functional,"Accessible via Tirupporur, 12 km away; contact available","The idols of Swami, which used to be outside the cut, are now found in temples located in small sheds.Shiva Thirunamam Sri Thirumeneeswarar.Ambal name unknown.And idols of Vinayagar, Subramaniyar, Chandikeswarar and Nandi are seen.In another shed nearby, Perumal Sridevi is performing with the Budevis.Puja is held here only once a week.Contact Mr. Srinivasan-6381246723.Thandarai is 12 km from Tirupporur."
63,40,Perunthandalam Sivan Temple,Perunthandalam Sivan Temple,"Sri Agastheeswarar, Sri Tripurasundari Devi, Vinayagar, Subramaniyar, Bhairava, Navagraha, five Goshta Murthys",Perundandalam village,"Senneri, Mullipakkam",Chengalpattu,,,Functional,"Remote village, accessible via road from Senneri/Mullipakkam on Chengalpattu-Tiruporur road, bus from Chengalpattu","13 km from Chengalpattu.This ancient temple is located in the remote village of Perundandalam.Ambal has Sri Agastheeswarar Temple along with Sri Tripurasundari Devi.There are shrines of Vinayagar, Subramaniyar, Bhairava and Navagraha along with five Goshta Murthys.Sometimes a pooja takes place.This temple can be reached from Senneri, Mullipakkam Good Road on Chengalpattu Tiruporur Road.Contact Mr. Babu Gurus-9444286077, Mr. Mathiyalagan-9445584636 Mr. Jeeva- 9894352236. Bus (, T) from Chengalpattu."
64,41,Mullipakkam Sivan Temple,Mullipakkam Sivan Temple,"Sri Parasurameswarar, Sri Gnanambikai, Murugan","Mullipakkam village, near Varakunram, on Chengalpattu-Tiruporur road","Chengalpattu, Tiruporur",Chengalpattu,,Intact,Functional,"Well-connected via Chengalpattu-Tiruporur road, 4 km from Good Road","In the Shivalayam in this village, the Lord graces the West with the name Sri Parasurameswarar.Ambal Thirunamam Sri Gnanambikai.Considered to have been consecrated by Sri Parasurama. If you anoint Swami Ambal with honey and offer mulberry flowers on Wednesday, education will grow.Matrimonial Obstacles On Akala Surya Horai, Swami, Ambal anoints Murugan and performs Archana with white Arali, it is beneficial.Contact Mr Gaurishankar-9944029225.Puja takes place here for a period of time.Varakunram is 4 km from Good Road in the middle of the Chengalpattu-Tiruporur road."
65,42,Chenneri Temples,Sri Devaraja Perumal Temple,"Sridevi, Bhoodevi, Sri Devaraja Perumal","Senneri village, 10 km on Chengalpattu Tiruporur road",Chengalpattu,Chengalpattu,,Intact,Functional,Well-connected via Chengalpattu Tiruporur road,"This Perumal temple is located in Senneri village, 10 km away on Chengalpattu Tiruporur road.In this ancient temple which is a stone temple, the founder is Sridevi Bhoodevi Sametha Sri Devaraja Perumal.Pooja takes place for a period of time in this temple located with Ananda Vimana.Contact Mr. Ramu-9790422870.  While the old temple is completely in ruins, a small temple has been built under a tree with idols of Shivlingam, Ambal, Vinayagar, Nandi and Jeshtadevi.Swami's name is Sri Somanadeswarar, Ambal Sri Tripurasundari.Since there were no pujas, now the puja is being performed.About the Temple Details Tanjore Saraswati Mahal.Contact Mr Gaurishankar-9944029225, Mr Chandramohan-8754412023, Mr E .Chandra Mohan-9629304720"
66,42,Chenneri Temples,Sri Somanadeswarar Temple,"Sri Somanadeswarar (Shivlingam), Sri Tripurasundari, Vinayagar, Nandi, Jeshtadevi",Senneri village,Chengalpattu,Chengalpattu,,Vettaiveli,Functional,Well-connected via Chengalpattu Tiruporur road,"This Perumal temple is located in Senneri village, 10 km away on Chengalpattu Tiruporur road.In this ancient temple which is a stone temple, the founder is Sridevi Bhoodevi Sametha Sri Devaraja Perumal.Pooja takes place for a period of time in this temple located with Ananda Vimana.Contact Mr. Ramu-9790422870.  While the old temple is completely in ruins, a small temple has been built under a tree with idols of Shivlingam, Ambal, Vinayagar, Nandi and Jeshtadevi.Swami's name is Sri Somanadeswarar, Ambal Sri Tripurasundari.Since there were no pujas, now the puja is being performed.About the Temple Details Tanjore Saraswati Mahal.Contact Mr Gaurishankar-9944029225, Mr Chandramohan-8754412023, Mr E .Chandra Mohan-9629304720"
67,43,Ponnambala Swamigal Madam,Ponnambala Swamigal Madam,Sri Ponnambala Swami,Sembakkam village,,,,,Functional,,"Sri Ponnambala swamis incarnated in Sembakkam village as the son of Sivanarul to Thiruchirtambalam Mudaliar Sokkammal couple.He received Shiva Deeksha from his father and then Guru Deeksha from Muttiah Swami of Mylapore.After taking up the family profession of weaving, he married Amrithammal and after the birth of a child, he took up an ascetic life.During that time he gave relief to many people from various diseases and blessed them.He also blessed animals and plants by removing diseases.Thirumeni went to many places and finally came to Sembakkam and visited Annar and took initiation and lived with the Swami.Thirumeni ordered Swami to chant Sada Shiva Purana in his mind.Swami attained Jeevasamadhi in the month of Masi on Uttirada Nakshatra.The next day Thirumeni Swami also attained Maha Samadhi.The vibhuti offered here is said to be a cure for deadly diseases."
68,44,Sembakkam Lakshminarayana Perumal,Sembakkam Lakshminarayana Perumal,"Moolavar Sri Lakshminarayana Perumal, Utsawar Sridevi Bhoodevi Sametha Narayana Perumal, Andal (separate shrine), Two Garudavars",Sembakkam,,,,,Functional,,"Sembakkam Sri Lakshminarayana Perumal Moolavar Sri Lakshminarayana Perumal.Utsawar Sridevi Bhoodevi Sametha Narayana Perumal.Mother, Andal is a separate shrine.Two Garudavars.A pooja is held at 12 noon.Nalvar Temple is located near the temple.Also ancient Durga Temple and Bhairava Temple are found nearby.Both these temples are very ancient."
69,44,Sembakkam Lakshminarayana Perumal,Nalvar Temple,,Near Sembakkam Lakshminarayana Perumal Temple,Sembakkam,,,,,,"Sembakkam Sri Lakshminarayana Perumal Moolavar Sri Lakshminarayana Perumal.Utsawar Sridevi Bhoodevi Sametha Narayana Perumal.Mother, Andal is a separate shrine.Two Garudavars.A pooja is held at 12 noon.Nalvar Temple is located near the temple.Also ancient Durga Temple and Bhairava Temple are found nearby.Both these temples are very ancient."
70,44,Sembakkam Lakshminarayana Perumal,Ancient Durga Temple,Durga,Near Sembakkam Lakshminarayana Perumal Temple,Sembakkam,,,Dilapidated,,,"Sembakkam Sri Lakshminarayana Perumal Moolavar Sri Lakshminarayana Perumal.Utsawar Sridevi Bhoodevi Sametha Narayana Perumal.Mother, Andal is a separate shrine.Two Garudavars.A pooja is held at 12 noon.Nalvar Temple is located near the temple.Also ancient Durga Temple and Bhairava Temple are found nearby.Both these temples are very ancient."
71,44,Sembakkam Lakshminarayana Perumal,Ancient Bhairava Temple,Bhairava,Near Sembakkam Lakshminarayana Perumal Temple,Sembakkam,,,Dilapidated,,,"Sembakkam Sri Lakshminarayana Perumal Moolavar Sri Lakshminarayana Perumal.Utsawar Sridevi Bhoodevi Sametha Narayana Perumal.Mother, Andal is a separate shrine.Two Garudavars.A pooja is held at 12 noon.Nalvar Temple is located near the temple.Also ancient Durga Temple and Bhairava Temple are found nearby.Both these temples are very ancient."
72,45,Kovalam Sivan Temple,Kovalam Sivan Temple,"Sri Kailasanathar, Ambal Sri Kanakavalli, Vinayagar, Valli, Devasena Murugan, Pancha Goshta Murthys, Navagragam, Bhairava, Sri Perumal, Nandi Devar",Kovalam on Mamallapuram road,"Chennai, Mamallapuram",Chengalpattu,Pallava,Intact,Functional,Well-connected via Mamallapuram road,"This ancient Shiva temple is located in the small town of Kovalam on the Mamallapuram road in Chennai.In this stone temple, Sri Kailasanathar as the source gives a view towards the east direction.Ambal Sri Kanakavalli.About 1350 years old, this temple was renovated 35 years ago.Many inscriptions are found here.Other shrines are Vinayagar, Valli, Devasena Murugan, Pancha Goshta Murthys, Navagragam, Bhairava.There is an idol of Sri Perumal in a hall. Parameshwaran who bestows remedy Nandi Devar here is very special.She showed him the thali and the blessing of marriage would come immediately. Temple Hours 6-9, 5-7 PM. Contact Mr Dilli Chettiar-9176491300, Ms Vanaja-9884760952.take off"
73,46,Sembakkam Temples,Sembakkam Sri Jambukeswarar Temple,"Jambukeswarar (Shiva), Sundarambikai Ambal (Parvati)",Sembakkam village,Tirupporur,Chengalpattu,Chola (Kochanga Cholan),Intact,Functional,Well-connected via Chengalpattu road from Tirupporur,"Sembakkam village located near Tirupporur originally had a total of 36 temples.Most of the temples are completely gone and there are no traces left.These are the remaining temples  Sembakkam Sri Jambukeswarar Temple When Kochanga Cholan was going to many places without son, when he came to this place and stayed for the night, the Lord appeared in a dream and told him to build a temple as in Thiruvanaikka. The king immediately built a temple and worshiped the Lord.The king was blessed with a son.Here too the novel tree is confused.Located with a flag tree, this temple houses all the sanctuaries.A pond has been constructed to allow water to flow into the Swami sanctum sanctorum.The temple shrine is visible outside.Shri Sundarambikai Ambal Thirunamam. If those who want the blessing of a son come here and pray to the Lord 11 times, they will be blessed with a son. Sembakkam is on the 7 Chengalpattu road from Tiruporur.For further contact Mr. Nagaraja Gurus-9841171692, Mr. Vignesh-9600028603.Temple Timings: 7am-9pm, 5.30pm-8pm"
74,47,Nemmeli Jeevasamadhi Temple,Nemmeli Jeevasamadhi Temple,Sri Ramanuja Swami,Nemmeli village near Thiruvidantha on Chennai Mamallapuram road,Thiruvidantha,,,,Functional,Well-connected,"Kukasree Kumarastavam Sri Ramanuja Swami Jeevasamadhi is located outside the town in Nemmeli village near Thiruvidantha on Chennai Mamallapuram road.Sri Pamban Swami's disciple.A puja is held daily.Contact Mr. Duraisamy-9384623266, Ms. Gayathri Duraisamy-9176820569."
75,48,Pattipulam Murugan Temple,Pattipulam Murugan Temple,Murugan,"Near the beach at Pulikugai, before Mamallapuram on Chennai-Mamallapuram road",Mamallapuram,,,Dilapidated,Non-Functional,Well-connected via Chennai-Mamallapuram road,This temple is found near the beach at a place called Pulikugai before Mamallapuram on Chennai Mamallapuram road.Now there are only ruins.Archaeologists have excavated the earth and discovered this temple.They have researched and declared that this temple is Murugan temple and is about 3000 years old.There is no idol here.
76,49,Thiruvidanthai Perumal Temple,Thiruvidanthai Perumal Temple,"Moolavar Shree Lakshmi Varahar, Utsavar Sri Nitya Kalyana Perumal, Sri Komalavalli, Andal, Ranganayaki Sametha Sri Ranganatha",Kovalam - Mamallapuram road,"Kovalam, Mamallapuram",,,Intact,Functional,"Well-connected, on main road with contact information provided","This temple is the 62nd out of 108 Vaishnava shrines.Sri Thirumangai Alwar Mangalasasanam made the shrine.Moolavar Shree Lakshmi Varahar is depicted in a golam with Shree Bhumadevi sitting on his shoulder.Utsavar Sri Nitya Kalyana Perumal is the place where Goddess Bhumadevi was taken as Vara avatar when the Asuras abducted Bhumadevi.There is no Thirumanjanam as the Moolavar is made of herbs.Sri Komalavalli's mother, Andal, Ranganayaki Sametha Sri Ranganatha have a temple in a separate shrine.There are three solutions here.Varaha Theertha, Kalyana Theertha, Ranganatha Theertha.If an unmarried person comes here and takes a dip in the Varaha Theertha and worships Perumal in the evening, marriage will take place.Many people come here and perform this worship.Contact Manager Murthy-7358856193.044 2747 2235. Temple Timings 7-12 AM 3-8 PM. Four times puja is held here.The place is located on the Kovalam - Mamallapuram road."
77,50,Kelambakkam Sivan Temple,Kelambakkam Sivan Temple,"Shiva Lingam (Esan Thirunamam Shri Bhuminathar), natural Ganesha figure at tree root","About half a km west from Kelambakkam bus station, under a royal tree in natural environment",Kelambakkam,,,Intact,Functional,Well-connected,"About half a km west from Kelambakkam bus station.If you go, you will find a small temple under the royal tree in the natural environment.At the root of the tree is a Shiva Lingam.It is said that they have come out from underground before.Esan Thirunamam Shri Bhuminathar.Ambal idol not found.Near the Shiva Lingam, the root part naturally looks like a Ganesha figure.Daily puja is held here. Nearby is Sri Kelyamman Temple.A very old temple.It is said that it is called Kelambakkam after the goddess.This goddess is a boon.The goddess who bestows children.She presents a scene with a baby on her lap. Contact Mr. Sakthivel-9884989984, Mr. Sivakumar- 9841069433, Mr. Ravichandran-9884102437."
78,50,Kelambakkam Sivan Temple,Sri Kelyamman Temple,Goddess Kelyamman with baby on lap,Near Kelambakkam Sivan Temple,Kelambakkam,,,Intact,Functional,Well-connected,"About half a km west from Kelambakkam bus station.If you go, you will find a small temple under the royal tree in the natural environment.At the root of the tree is a Shiva Lingam.It is said that they have come out from underground before.Esan Thirunamam Shri Bhuminathar.Ambal idol not found.Near the Shiva Lingam, the root part naturally looks like a Ganesha figure.Daily puja is held here. Nearby is Sri Kelyamman Temple.A very old temple.It is said that it is called Kelambakkam after the goddess.This goddess is a boon.The goddess who bestows children.She presents a scene with a baby on her lap. Contact Mr. Sakthivel-9884989984, Mr. Sivakumar- 9841069433, Mr. Ravichandran-9884102437."
79,52,Temples Past And Present,Karuppur Shiva Temple (Kailasanathar Temple),"Lord Kailasanathar (Kateeswarar), Goddess Thayal Nayaki","Karuppur village, Seyyur circle, Chengalpattu district",Seyyur,Chengalpattu,,Intact,Functional,Well-connected,"Karuppur Shiva Temple Then and now The ancient Shiva temple in Karuppur village in Seyyur circle of Chengalpattu district has been renovated and the dedication ceremony was held in June 2019.Daily pujas are going on.Lord Sri Kateeswarar who rests here is now known as Kailasanathar.Ambal Sri Taiyalanaiki.It is good news that due to the efforts of Mr. Jaishankar Mudaliar and the cooperation of the villagers, the temple has been constructed and the pujas are being performed.The glory of this temple, Swami is a Swayambu Murthy. Old temple"
81,53,Roofless Temples In Kanchipuram Block,Lower Puttur Temple,"Shiva (Shivalinga, Banam Audaiyar)",Lower Puttur village,Walajabad (8 km),Kanchipuram,,Dilapidated,Functional,Well-connected,"Following are the details of the temples outside the Kanchipuram circle.These temple details were taken about 6 years ago.In some of the temples below, tirupani is being performed and pujas are going on..Others are in the same position.  Lower Puttur In this village, two Shivalinga Tirumenis are found outside the fields.One of them was Banam Audaiyar, with the help of the people of the village as the Aadar Peedam was separate.Corrected.Contact Mr. Manokaran -9962143347.Walajabad is 8 km from here. Periyanantham Here, near the school, there is a Shivlingam and Nandi under the royal tree.Daily puja takes place.The lingam lying in the river is worshiped here.Walajabad is 10 km from here.Contact Mr. Santhiappan-9159455681 Upper Nallur There is only a wall on three sides.It does not seem that there is any worship going on.Kanchi is 11 km from here.Contact Mr. Manokaran -9962143347. Nervousness Here, Perumal is seen sitting on a golam.A very elegant Sila form.No Pooja Kanchi is 8 km from here.Contact Mr Manokaran-9943070018, Mr Yogendran-9943868413"
82,53,Roofless Temples In Kanchipuram Block,Periyanantham Temple,"Shiva (Shivlingam, Nandi)","Periyanantham village, near school",Walajabad (10 km),Kanchipuram,,Dilapidated,Functional,Well-connected,"Following are the details of the temples outside the Kanchipuram circle.These temple details were taken about 6 years ago.In some of the temples below, tirupani is being performed and pujas are going on..Others are in the same position.  Lower Puttur In this village, two Shivalinga Tirumenis are found outside the fields.One of them was Banam Audaiyar, with the help of the people of the village as the Aadar Peedam was separate.Corrected.Contact Mr. Manokaran -9962143347.Walajabad is 8 km from here. Periyanantham Here, near the school, there is a Shivlingam and Nandi under the royal tree.Daily puja takes place.The lingam lying in the river is worshiped here.Walajabad is 10 km from here.Contact Mr. Santhiappan-9159455681 Upper Nallur There is only a wall on three sides.It does not seem that there is any worship going on.Kanchi is 11 km from here.Contact Mr. Manokaran -9962143347. Nervousness Here, Perumal is seen sitting on a golam.A very elegant Sila form.No Pooja Kanchi is 8 km from here.Contact Mr Manokaran-9943070018, Mr Yogendran-9943868413"
83,53,Roofless Temples In Kanchipuram Block,Upper Nallur Temple,Shiva,Upper Nallur village,Kanchi (11 km),Kanchipuram,,Dilapidated,Non-Functional,Well-connected,"Following are the details of the temples outside the Kanchipuram circle.These temple details were taken about 6 years ago.In some of the temples below, tirupani is being performed and pujas are going on..Others are in the same position.  Lower Puttur In this village, two Shivalinga Tirumenis are found outside the fields.One of them was Banam Audaiyar, with the help of the people of the village as the Aadar Peedam was separate.Corrected.Contact Mr. Manokaran -9962143347.Walajabad is 8 km from here. Periyanantham Here, near the school, there is a Shivlingam and Nandi under the royal tree.Daily puja takes place.The lingam lying in the river is worshiped here.Walajabad is 10 km from here.Contact Mr. Santhiappan-9159455681 Upper Nallur There is only a wall on three sides.It does not seem that there is any worship going on.Kanchi is 11 km from here.Contact Mr. Manokaran -9962143347. Nervousness Here, Perumal is seen sitting on a golam.A very elegant Sila form.No Pooja Kanchi is 8 km from here.Contact Mr Manokaran-9943070018, Mr Yogendran-9943868413"
84,53,Roofless Temples In Kanchipuram Block,Nervousness Perumal Temple,Perumal (Vishnu),Nervousness village,Kanchi (8 km),Kanchipuram,,Dilapidated,Non-Functional,Well-connected,"Following are the details of the temples outside the Kanchipuram circle.These temple details were taken about 6 years ago.In some of the temples below, tirupani is being performed and pujas are going on..Others are in the same position.  Lower Puttur In this village, two Shivalinga Tirumenis are found outside the fields.One of them was Banam Audaiyar, with the help of the people of the village as the Aadar Peedam was separate.Corrected.Contact Mr. Manokaran -9962143347.Walajabad is 8 km from here. Periyanantham Here, near the school, there is a Shivlingam and Nandi under the royal tree.Daily puja takes place.The lingam lying in the river is worshiped here.Walajabad is 10 km from here.Contact Mr. Santhiappan-9159455681 Upper Nallur There is only a wall on three sides.It does not seem that there is any worship going on.Kanchi is 11 km from here.Contact Mr. Manokaran -9962143347. Nervousness Here, Perumal is seen sitting on a golam.A very elegant Sila form.No Pooja Kanchi is 8 km from here.Contact Mr Manokaran-9943070018, Mr Yogendran-9943868413"
85,54,Karuveppampoondi Sivalayam,Karuveppampoondi Sivalayam,"Sri Viswanath (Shiva), Lakshmi Narayan","Karuveppambundi village, 7 km from Uttara Merur on Uttaramerur-Kanchipuram Road (Lower Road)",Uttara Merur (Uttaramerur),Kanchipuram,,Dilapidated,Non-Functional,"Remote, 7 km from Uttaramerur on Kanchipuram road","Karuveppambundi 7 KM from Uttara Merur.This temple is located in a distant village called Karuveppambundi.Now only the sanctum sanctorum remains.Swami Thirunam is Sri Viswanath.Some idols are found nearby.Puja did not take place in the temple.There is no one to care.A statue of Lakshmi Narayan is seen behind the Lord seated in the Garbiya Mandya sanctum sanctorum.7 km on Uttaramerur-Kanchipuram Road (Lower Road).This village is far away.Contact Mr Rajavelu 9443642255 The Perumal temple in this village has completely disappeared, but now the villagers are constructing a new temple. Perumal temple under construction"
86,54,Karuveppampoondi Sivalayam,"Perumal Temple, Karuveppambundi",Perumal (Vishnu),"Karuveppambundi village, 7 km from Uttara Merur on Uttaramerur-Kanchipuram Road (Lower Road)",Uttara Merur (Uttaramerur),Kanchipuram,,Vettaiveli,Non-Functional,"Remote, 7 km from Uttaramerur on Kanchipuram road","Karuveppambundi 7 KM from Uttara Merur.This temple is located in a distant village called Karuveppambundi.Now only the sanctum sanctorum remains.Swami Thirunam is Sri Viswanath.Some idols are found nearby.Puja did not take place in the temple.There is no one to care.A statue of Lakshmi Narayan is seen behind the Lord seated in the Garbiya Mandya sanctum sanctorum.7 km on Uttaramerur-Kanchipuram Road (Lower Road).This village is far away.Contact Mr Rajavelu 9443642255 The Perumal temple in this village has completely disappeared, but now the villagers are constructing a new temple. Perumal temple under construction"
87,56,Uthukkadu Sri Arumugar Temple,Uthukkadu Sri Arumugar Temple,"Sri Arumugar (Murugan) with Valli and Devasena, Sri Vinayagar, Sri Dakshinamurthy","Oothukadu village, 5 km near Walajabad",Walajabad,Kanchipuram,,Dilapidated,Functional,Well-connected (buses from Kanchipuram and Walajabad),"5 kms near Walajabad.The temple is located in the distant Oothukadu village.Sri Arumukhar Valli Devasena performs with Devis.Only the 1000 year old temple Sri Vinayagar and Sri Dakshinamurthy shrines remain.Daily puja is held once.Contact Mr Siva-9787088964.Many buses come here from Kanchipuram, and Walajahabad. There is also a Panchapandavar temple in this town.In the sanctum sanctorum Draupadi Sahitam has a temple with Sri Dharmaraja along with four other Pandavas.There is also a Sri Krishna shrine outside.Pujas are held daily.Contact Mr Chandran-95976 95165."
88,56,Uthukkadu Sri Arumugar Temple,Panchapandavar Temple,"Sri Dharmaraja (Yudhishthira) with four Pandavas and Draupadi, Sri Krishna","Oothukadu village, 5 km near Walajabad",Walajabad,Kanchipuram,,Intact,Functional,Well-connected (buses from Kanchipuram and Walajabad),"5 kms near Walajabad.The temple is located in the distant Oothukadu village.Sri Arumukhar Valli Devasena performs with Devis.Only the 1000 year old temple Sri Vinayagar and Sri Dakshinamurthy shrines remain.Daily puja is held once.Contact Mr Siva-9787088964.Many buses come here from Kanchipuram, and Walajahabad. There is also a Panchapandavar temple in this town.In the sanctum sanctorum Draupadi Sahitam has a temple with Sri Dharmaraja along with four other Pandavas.There is also a Sri Krishna shrine outside.Pujas are held daily.Contact Mr Chandran-95976 95165."
89,57,Roofless Temples In Uthiramerur Bock,Kadammangalam Shiva Temple,"Shiva Lingam, Nandi",Kadammangalam village,Uttaramerur,Kanchipuram,,Vettaiveli,Non-Functional,"7 km from Uttaramerur, well-connected by road","There are many Shivalinga Thirumenis outside the cut in Uttaramerur circle.The details of the village where they are located, contact persons, and photographs are given. Kadammangalam There is only Shiva Lingam Nandi.There is a pond nearby. There is no worship here.Contact Mr. Rajavelu-9443642255, Prem Kumar-9600447525.Uttaramerur is 7 km from here. Ammaiyappanallur There are only Shivalingam and Nandi.A dry pond is nearby.Contact Mr. Natarajapillai-9444569093 Pooja No.Uttaramerur 5 Kms. Addition Shiva Lingam, Nandi, Bali Peedam.There are Ambal idols.Only one brick wall remains in a dilapidated state.A statue of Jain Tirthankar is seen on the side.No pooja.Contact Mr. Rajavelu-9443642255.Uttaramerur is 10 km from here. Driving Only one Shiva Lingam is found here.No puja is performed here.Contact Mr. Jagannathan 9600838837 Uthramerur -Vantavasi should board the bus and get off at Arasani Mangalam stop.Uttaramerur 8 km. Athiyur - top dust Only one Shiva Lingam is found in this village.No other details are known.Contact Mr. Perumal-9444238856, Mr. Raghavan-9786860103. Uttaramerur is 8 km from here. Athiyur Here a Shivalinga is seen buried in the earth in a reclining position.There is a temple pond.Contact Mr Murali-9787179669, Mr Venkatesan-9382854336. Pulipakkam This Shivalayam is found in a very pathetic condition between the houses in the middle of this village.No tower.No roof.No building.All that exists is the linga form of Eason.and Durga, Sun, Nandi.Everything is cut outside.Thirukulam is found nearby.Black pillars, and stones everywhere.He will not perform puja.Contact Mr. Damodaran 9626642494. Pulipakkam village is on branch road where Ramco Cement Company is located on Chengalputtu Uttaramerur Road. Buliyur Very old.Shivlingam Nandi only.Cut outside There areTirunam Sri Mahadev.Large pot shape.Pujas are held twice.Mr. Poorasasamiyar-9444325304, Mr. Eyumalai 9789769939. Chennai- Ellapakkam 104,, Kanchipuram- Acharappakkam bus.4 km from Uthiramerur. Forest killing The Lord is seen outside the village in the form of a large pan.No other divine forms were found..Mr. Krishnamurthy, who was suffering from mental illness, visited the Lord here for several days and is now in a good condition.Puja takes place.Mr. Krishnamurthy 9626126057, and Mr. Devarajan 9381134666. Bus Uttaramerur-Vedanthangal, Uttaramerur-Ditalam. Factor Shiva Eason has a temple in a clearing outside the town in a quiet environment in a village called Phakar located on the Kanchipuram Uthramerur (route Manampathi) road.The name of the Lord is not known.There are traces of an earlier temple.Villagers perform pooja to Lord on Pradosha.They light the lamp every day.Villagers have come forward to build a temple soon.The Bala Temple will be built on the 8th of the coming month of Karthikai (24-11-14).This factor village is 7 km from Uttaramerur.Bus Stand Factor Mandapam.1 km from here.Temple.Contact Mr. Subramani 9629388949, Mr. Adhimoolam 9445273202, 9629072025 Mr. Devan 9444367877 Somanathapuram This town has only the most ancient Ganesha, an Audaiyar and Nandi.Contact Mr. Perumal-9047675291.. Uttara Merur is 2 km from here. build up Here a Shivalingam is found under a tree.The temple pool has become short.Contact Mr. Arumuga Mudaliar-9751167167.It is on Chengalpattu-Uttamerur road. Nallur Shiva Wada is about 1 km after Nallur village.A Shivlingam is found in the middle of a field in the distant village of Nallur.A statue of Brahma Devar is also found nearby.A broken statue of Nandi is on a mound nearby.Contact Mr Muralitharan (94455 75380) Perungozhi Shiva The village Perungozhi is 1 km south of Sirukozhi village.Located far away.A single drink is found in a field at a place called Kamakshi Medu.Contact Mr Muralitharan (9445575380 Pandavkam Shiv Lingam outside cut.There is no worship. Two trees Very dilapidated temple.. Puja takes place.There are only Shiva shrines and Nandi. Murukeri The temple is completely absent and only the Poi Nagar statue remains.There is a pond nearby.Uttaramerur 5 KM. Aarasanipalayam There is a Shiva lingam outside the cut.Uttaramerur 6 KM. Vialathur There is only Shiva Lingam. Balechwaram Only Shiva Lingam and Nandi are outside the cut. Vending There is a Shivalingam in the temple of the village deity of the village. It is a very ancient place. Arumbuliyur There is a Shiva Lingam on the western bank of the village pond.To emerge from the earth. Wayalakavur The Sivalingam found in Seyyar is placed near the Chelliyamman temple.Another one is located near Periyandavar temple Vailur From Uttaramerur"
90,57,Roofless Temples In Uthiramerur Bock,Ammaiyappanallur Shiva Temple,"Shivalingam, Nandi",Ammaiyappanallur village,Uttaramerur,Kanchipuram,,Vettaiveli,Non-Functional,5 km from Uttaramerur,"There are many Shivalinga Thirumenis outside the cut in Uttaramerur circle.The details of the village where they are located, contact persons, and photographs are given. Kadammangalam There is only Shiva Lingam Nandi.There is a pond nearby. There is no worship here.Contact Mr. Rajavelu-9443642255, Prem Kumar-9600447525.Uttaramerur is 7 km from here. Ammaiyappanallur There are only Shivalingam and Nandi.A dry pond is nearby.Contact Mr. Natarajapillai-9444569093 Pooja No.Uttaramerur 5 Kms. Addition Shiva Lingam, Nandi, Bali Peedam.There are Ambal idols.Only one brick wall remains in a dilapidated state.A statue of Jain Tirthankar is seen on the side.No pooja.Contact Mr. Rajavelu-9443642255.Uttaramerur is 10 km from here. Driving Only one Shiva Lingam is found here.No puja is performed here.Contact Mr. Jagannathan 9600838837 Uthramerur -Vantavasi should board the bus and get off at Arasani Mangalam stop.Uttaramerur 8 km. Athiyur - top dust Only one Shiva Lingam is found in this village.No other details are known.Contact Mr. Perumal-9444238856, Mr. Raghavan-9786860103. Uttaramerur is 8 km from here. Athiyur Here a Shivalinga is seen buried in the earth in a reclining position.There is a temple pond.Contact Mr Murali-9787179669, Mr Venkatesan-9382854336. Pulipakkam This Shivalayam is found in a very pathetic condition between the houses in the middle of this village.No tower.No roof.No building.All that exists is the linga form of Eason.and Durga, Sun, Nandi.Everything is cut outside.Thirukulam is found nearby.Black pillars, and stones everywhere.He will not perform puja.Contact Mr. Damodaran 9626642494. Pulipakkam village is on branch road where Ramco Cement Company is located on Chengalputtu Uttaramerur Road. Buliyur Very old.Shivlingam Nandi only.Cut outside There areTirunam Sri Mahadev.Large pot shape.Pujas are held twice.Mr. Poorasasamiyar-9444325304, Mr. Eyumalai 9789769939. Chennai- Ellapakkam 104,, Kanchipuram- Acharappakkam bus.4 km from Uthiramerur. Forest killing The Lord is seen outside the village in the form of a large pan.No other divine forms were found..Mr. Krishnamurthy, who was suffering from mental illness, visited the Lord here for several days and is now in a good condition.Puja takes place.Mr. Krishnamurthy 9626126057, and Mr. Devarajan 9381134666. Bus Uttaramerur-Vedanthangal, Uttaramerur-Ditalam. Factor Shiva Eason has a temple in a clearing outside the town in a quiet environment in a village called Phakar located on the Kanchipuram Uthramerur (route Manampathi) road.The name of the Lord is not known.There are traces of an earlier temple.Villagers perform pooja to Lord on Pradosha.They light the lamp every day.Villagers have come forward to build a temple soon.The Bala Temple will be built on the 8th of the coming month of Karthikai (24-11-14).This factor village is 7 km from Uttaramerur.Bus Stand Factor Mandapam.1 km from here.Temple.Contact Mr. Subramani 9629388949, Mr. Adhimoolam 9445273202, 9629072025 Mr. Devan 9444367877 Somanathapuram This town has only the most ancient Ganesha, an Audaiyar and Nandi.Contact Mr. Perumal-9047675291.. Uttara Merur is 2 km from here. build up Here a Shivalingam is found under a tree.The temple pool has become short.Contact Mr. Arumuga Mudaliar-9751167167.It is on Chengalpattu-Uttamerur road. Nallur Shiva Wada is about 1 km after Nallur village.A Shivlingam is found in the middle of a field in the distant village of Nallur.A statue of Brahma Devar is also found nearby.A broken statue of Nandi is on a mound nearby.Contact Mr Muralitharan (94455 75380) Perungozhi Shiva The village Perungozhi is 1 km south of Sirukozhi village.Located far away.A single drink is found in a field at a place called Kamakshi Medu.Contact Mr Muralitharan (9445575380 Pandavkam Shiv Lingam outside cut.There is no worship. Two trees Very dilapidated temple.. Puja takes place.There are only Shiva shrines and Nandi. Murukeri The temple is completely absent and only the Poi Nagar statue remains.There is a pond nearby.Uttaramerur 5 KM. Aarasanipalayam There is a Shiva lingam outside the cut.Uttaramerur 6 KM. Vialathur There is only Shiva Lingam. Balechwaram Only Shiva Lingam and Nandi are outside the cut. Vending There is a Shivalingam in the temple of the village deity of the village. It is a very ancient place. Arumbuliyur There is a Shiva Lingam on the western bank of the village pond.To emerge from the earth. Wayalakavur The Sivalingam found in Seyyar is placed near the Chelliyamman temple.Another one is located near Periyandavar temple Vailur From Uttaramerur"
91,57,Roofless Temples In Uthiramerur Bock,Addition Shiva Temple,"Shiva Lingam, Nandi, Bali Peedam, Ambal idols, Jain Tirthankar statue",Addition village,Uttaramerur,Kanchipuram,,Dilapidated,Non-Functional,10 km from Uttaramerur,"There are many Shivalinga Thirumenis outside the cut in Uttaramerur circle.The details of the village where they are located, contact persons, and photographs are given. Kadammangalam There is only Shiva Lingam Nandi.There is a pond nearby. There is no worship here.Contact Mr. Rajavelu-9443642255, Prem Kumar-9600447525.Uttaramerur is 7 km from here. Ammaiyappanallur There are only Shivalingam and Nandi.A dry pond is nearby.Contact Mr. Natarajapillai-9444569093 Pooja No.Uttaramerur 5 Kms. Addition Shiva Lingam, Nandi, Bali Peedam.There are Ambal idols.Only one brick wall remains in a dilapidated state.A statue of Jain Tirthankar is seen on the side.No pooja.Contact Mr. Rajavelu-9443642255.Uttaramerur is 10 km from here. Driving Only one Shiva Lingam is found here.No puja is performed here.Contact Mr. Jagannathan 9600838837 Uthramerur -Vantavasi should board the bus and get off at Arasani Mangalam stop.Uttaramerur 8 km. Athiyur - top dust Only one Shiva Lingam is found in this village.No other details are known.Contact Mr. Perumal-9444238856, Mr. Raghavan-9786860103. Uttaramerur is 8 km from here. Athiyur Here a Shivalinga is seen buried in the earth in a reclining position.There is a temple pond.Contact Mr Murali-9787179669, Mr Venkatesan-9382854336. Pulipakkam This Shivalayam is found in a very pathetic condition between the houses in the middle of this village.No tower.No roof.No building.All that exists is the linga form of Eason.and Durga, Sun, Nandi.Everything is cut outside.Thirukulam is found nearby.Black pillars, and stones everywhere.He will not perform puja.Contact Mr. Damodaran 9626642494. Pulipakkam village is on branch road where Ramco Cement Company is located on Chengalputtu Uttaramerur Road. Buliyur Very old.Shivlingam Nandi only.Cut outside There areTirunam Sri Mahadev.Large pot shape.Pujas are held twice.Mr. Poorasasamiyar-9444325304, Mr. Eyumalai 9789769939. Chennai- Ellapakkam 104,, Kanchipuram- Acharappakkam bus.4 km from Uthiramerur. Forest killing The Lord is seen outside the village in the form of a large pan.No other divine forms were found..Mr. Krishnamurthy, who was suffering from mental illness, visited the Lord here for several days and is now in a good condition.Puja takes place.Mr. Krishnamurthy 9626126057, and Mr. Devarajan 9381134666. Bus Uttaramerur-Vedanthangal, Uttaramerur-Ditalam. Factor Shiva Eason has a temple in a clearing outside the town in a quiet environment in a village called Phakar located on the Kanchipuram Uthramerur (route Manampathi) road.The name of the Lord is not known.There are traces of an earlier temple.Villagers perform pooja to Lord on Pradosha.They light the lamp every day.Villagers have come forward to build a temple soon.The Bala Temple will be built on the 8th of the coming month of Karthikai (24-11-14).This factor village is 7 km from Uttaramerur.Bus Stand Factor Mandapam.1 km from here.Temple.Contact Mr. Subramani 9629388949, Mr. Adhimoolam 9445273202, 9629072025 Mr. Devan 9444367877 Somanathapuram This town has only the most ancient Ganesha, an Audaiyar and Nandi.Contact Mr. Perumal-9047675291.. Uttara Merur is 2 km from here. build up Here a Shivalingam is found under a tree.The temple pool has become short.Contact Mr. Arumuga Mudaliar-9751167167.It is on Chengalpattu-Uttamerur road. Nallur Shiva Wada is about 1 km after Nallur village.A Shivlingam is found in the middle of a field in the distant village of Nallur.A statue of Brahma Devar is also found nearby.A broken statue of Nandi is on a mound nearby.Contact Mr Muralitharan (94455 75380) Perungozhi Shiva The village Perungozhi is 1 km south of Sirukozhi village.Located far away.A single drink is found in a field at a place called Kamakshi Medu.Contact Mr Muralitharan (9445575380 Pandavkam Shiv Lingam outside cut.There is no worship. Two trees Very dilapidated temple.. Puja takes place.There are only Shiva shrines and Nandi. Murukeri The temple is completely absent and only the Poi Nagar statue remains.There is a pond nearby.Uttaramerur 5 KM. Aarasanipalayam There is a Shiva lingam outside the cut.Uttaramerur 6 KM. Vialathur There is only Shiva Lingam. Balechwaram Only Shiva Lingam and Nandi are outside the cut. Vending There is a Shivalingam in the temple of the village deity of the village. It is a very ancient place. Arumbuliyur There is a Shiva Lingam on the western bank of the village pond.To emerge from the earth. Wayalakavur The Sivalingam found in Seyyar is placed near the Chelliyamman temple.Another one is located near Periyandavar temple Vailur From Uttaramerur"
92,57,Roofless Temples In Uthiramerur Bock,Driving Shiva Temple,Shiva Lingam,"Driving village, near Arasani Mangalam stop",Uttaramerur,Kanchipuram,,Vettaiveli,Non-Functional,"8 km from Uttaramerur, accessible via Uthiramerur-Vantavasi bus","There are many Shivalinga Thirumenis outside the cut in Uttaramerur circle.The details of the village where they are located, contact persons, and photographs are given. Kadammangalam There is only Shiva Lingam Nandi.There is a pond nearby. There is no worship here.Contact Mr. Rajavelu-9443642255, Prem Kumar-9600447525.Uttaramerur is 7 km from here. Ammaiyappanallur There are only Shivalingam and Nandi.A dry pond is nearby.Contact Mr. Natarajapillai-9444569093 Pooja No.Uttaramerur 5 Kms. Addition Shiva Lingam, Nandi, Bali Peedam.There are Ambal idols.Only one brick wall remains in a dilapidated state.A statue of Jain Tirthankar is seen on the side.No pooja.Contact Mr. Rajavelu-9443642255.Uttaramerur is 10 km from here. Driving Only one Shiva Lingam is found here.No puja is performed here.Contact Mr. Jagannathan 9600838837 Uthramerur -Vantavasi should board the bus and get off at Arasani Mangalam stop.Uttaramerur 8 km. Athiyur - top dust Only one Shiva Lingam is found in this village.No other details are known.Contact Mr. Perumal-9444238856, Mr. Raghavan-9786860103. Uttaramerur is 8 km from here. Athiyur Here a Shivalinga is seen buried in the earth in a reclining position.There is a temple pond.Contact Mr Murali-9787179669, Mr Venkatesan-9382854336. Pulipakkam This Shivalayam is found in a very pathetic condition between the houses in the middle of this village.No tower.No roof.No building.All that exists is the linga form of Eason.and Durga, Sun, Nandi.Everything is cut outside.Thirukulam is found nearby.Black pillars, and stones everywhere.He will not perform puja.Contact Mr. Damodaran 9626642494. Pulipakkam village is on branch road where Ramco Cement Company is located on Chengalputtu Uttaramerur Road. Buliyur Very old.Shivlingam Nandi only.Cut outside There areTirunam Sri Mahadev.Large pot shape.Pujas are held twice.Mr. Poorasasamiyar-9444325304, Mr. Eyumalai 9789769939. Chennai- Ellapakkam 104,, Kanchipuram- Acharappakkam bus.4 km from Uthiramerur. Forest killing The Lord is seen outside the village in the form of a large pan.No other divine forms were found..Mr. Krishnamurthy, who was suffering from mental illness, visited the Lord here for several days and is now in a good condition.Puja takes place.Mr. Krishnamurthy 9626126057, and Mr. Devarajan 9381134666. Bus Uttaramerur-Vedanthangal, Uttaramerur-Ditalam. Factor Shiva Eason has a temple in a clearing outside the town in a quiet environment in a village called Phakar located on the Kanchipuram Uthramerur (route Manampathi) road.The name of the Lord is not known.There are traces of an earlier temple.Villagers perform pooja to Lord on Pradosha.They light the lamp every day.Villagers have come forward to build a temple soon.The Bala Temple will be built on the 8th of the coming month of Karthikai (24-11-14).This factor village is 7 km from Uttaramerur.Bus Stand Factor Mandapam.1 km from here.Temple.Contact Mr. Subramani 9629388949, Mr. Adhimoolam 9445273202, 9629072025 Mr. Devan 9444367877 Somanathapuram This town has only the most ancient Ganesha, an Audaiyar and Nandi.Contact Mr. Perumal-9047675291.. Uttara Merur is 2 km from here. build up Here a Shivalingam is found under a tree.The temple pool has become short.Contact Mr. Arumuga Mudaliar-9751167167.It is on Chengalpattu-Uttamerur road. Nallur Shiva Wada is about 1 km after Nallur village.A Shivlingam is found in the middle of a field in the distant village of Nallur.A statue of Brahma Devar is also found nearby.A broken statue of Nandi is on a mound nearby.Contact Mr Muralitharan (94455 75380) Perungozhi Shiva The village Perungozhi is 1 km south of Sirukozhi village.Located far away.A single drink is found in a field at a place called Kamakshi Medu.Contact Mr Muralitharan (9445575380 Pandavkam Shiv Lingam outside cut.There is no worship. Two trees Very dilapidated temple.. Puja takes place.There are only Shiva shrines and Nandi. Murukeri The temple is completely absent and only the Poi Nagar statue remains.There is a pond nearby.Uttaramerur 5 KM. Aarasanipalayam There is a Shiva lingam outside the cut.Uttaramerur 6 KM. Vialathur There is only Shiva Lingam. Balechwaram Only Shiva Lingam and Nandi are outside the cut. Vending There is a Shivalingam in the temple of the village deity of the village. It is a very ancient place. Arumbuliyur There is a Shiva Lingam on the western bank of the village pond.To emerge from the earth. Wayalakavur The Sivalingam found in Seyyar is placed near the Chelliyamman temple.Another one is located near Periyandavar temple Vailur From Uttaramerur"
93,57,Roofless Temples In Uthiramerur Bock,Athiyur Top Dust Shiva Temple,Shiva Lingam,Athiyur village (top dust area),Uttaramerur,Kanchipuram,,Vettaiveli,Non-Functional,8 km from Uttaramerur,"There are many Shivalinga Thirumenis outside the cut in Uttaramerur circle.The details of the village where they are located, contact persons, and photographs are given. Kadammangalam There is only Shiva Lingam Nandi.There is a pond nearby. There is no worship here.Contact Mr. Rajavelu-9443642255, Prem Kumar-9600447525.Uttaramerur is 7 km from here. Ammaiyappanallur There are only Shivalingam and Nandi.A dry pond is nearby.Contact Mr. Natarajapillai-9444569093 Pooja No.Uttaramerur 5 Kms. Addition Shiva Lingam, Nandi, Bali Peedam.There are Ambal idols.Only one brick wall remains in a dilapidated state.A statue of Jain Tirthankar is seen on the side.No pooja.Contact Mr. Rajavelu-9443642255.Uttaramerur is 10 km from here. Driving Only one Shiva Lingam is found here.No puja is performed here.Contact Mr. Jagannathan 9600838837 Uthramerur -Vantavasi should board the bus and get off at Arasani Mangalam stop.Uttaramerur 8 km. Athiyur - top dust Only one Shiva Lingam is found in this village.No other details are known.Contact Mr. Perumal-9444238856, Mr. Raghavan-9786860103. Uttaramerur is 8 km from here. Athiyur Here a Shivalinga is seen buried in the earth in a reclining position.There is a temple pond.Contact Mr Murali-9787179669, Mr Venkatesan-9382854336. Pulipakkam This Shivalayam is found in a very pathetic condition between the houses in the middle of this village.No tower.No roof.No building.All that exists is the linga form of Eason.and Durga, Sun, Nandi.Everything is cut outside.Thirukulam is found nearby.Black pillars, and stones everywhere.He will not perform puja.Contact Mr. Damodaran 9626642494. Pulipakkam village is on branch road where Ramco Cement Company is located on Chengalputtu Uttaramerur Road. Buliyur Very old.Shivlingam Nandi only.Cut outside There areTirunam Sri Mahadev.Large pot shape.Pujas are held twice.Mr. Poorasasamiyar-9444325304, Mr. Eyumalai 9789769939. Chennai- Ellapakkam 104,, Kanchipuram- Acharappakkam bus.4 km from Uthiramerur. Forest killing The Lord is seen outside the village in the form of a large pan.No other divine forms were found..Mr. Krishnamurthy, who was suffering from mental illness, visited the Lord here for several days and is now in a good condition.Puja takes place.Mr. Krishnamurthy 9626126057, and Mr. Devarajan 9381134666. Bus Uttaramerur-Vedanthangal, Uttaramerur-Ditalam. Factor Shiva Eason has a temple in a clearing outside the town in a quiet environment in a village called Phakar located on the Kanchipuram Uthramerur (route Manampathi) road.The name of the Lord is not known.There are traces of an earlier temple.Villagers perform pooja to Lord on Pradosha.They light the lamp every day.Villagers have come forward to build a temple soon.The Bala Temple will be built on the 8th of the coming month of Karthikai (24-11-14).This factor village is 7 km from Uttaramerur.Bus Stand Factor Mandapam.1 km from here.Temple.Contact Mr. Subramani 9629388949, Mr. Adhimoolam 9445273202, 9629072025 Mr. Devan 9444367877 Somanathapuram This town has only the most ancient Ganesha, an Audaiyar and Nandi.Contact Mr. Perumal-9047675291.. Uttara Merur is 2 km from here. build up Here a Shivalingam is found under a tree.The temple pool has become short.Contact Mr. Arumuga Mudaliar-9751167167.It is on Chengalpattu-Uttamerur road. Nallur Shiva Wada is about 1 km after Nallur village.A Shivlingam is found in the middle of a field in the distant village of Nallur.A statue of Brahma Devar is also found nearby.A broken statue of Nandi is on a mound nearby.Contact Mr Muralitharan (94455 75380) Perungozhi Shiva The village Perungozhi is 1 km south of Sirukozhi village.Located far away.A single drink is found in a field at a place called Kamakshi Medu.Contact Mr Muralitharan (9445575380 Pandavkam Shiv Lingam outside cut.There is no worship. Two trees Very dilapidated temple.. Puja takes place.There are only Shiva shrines and Nandi. Murukeri The temple is completely absent and only the Poi Nagar statue remains.There is a pond nearby.Uttaramerur 5 KM. Aarasanipalayam There is a Shiva lingam outside the cut.Uttaramerur 6 KM. Vialathur There is only Shiva Lingam. Balechwaram Only Shiva Lingam and Nandi are outside the cut. Vending There is a Shivalingam in the temple of the village deity of the village. It is a very ancient place. Arumbuliyur There is a Shiva Lingam on the western bank of the village pond.To emerge from the earth. Wayalakavur The Sivalingam found in Seyyar is placed near the Chelliyamman temple.Another one is located near Periyandavar temple Vailur From Uttaramerur"
94,57,Roofless Temples In Uthiramerur Bock,Athiyur Shiva Temple,Shivalinga (buried in reclining position),Athiyur village,Uttaramerur,Kanchipuram,,Vettaiveli,Non-Functional,"8 km from Uttaramerur, temple pond nearby","There are many Shivalinga Thirumenis outside the cut in Uttaramerur circle.The details of the village where they are located, contact persons, and photographs are given. Kadammangalam There is only Shiva Lingam Nandi.There is a pond nearby. There is no worship here.Contact Mr. Rajavelu-9443642255, Prem Kumar-9600447525.Uttaramerur is 7 km from here. Ammaiyappanallur There are only Shivalingam and Nandi.A dry pond is nearby.Contact Mr. Natarajapillai-9444569093 Pooja No.Uttaramerur 5 Kms. Addition Shiva Lingam, Nandi, Bali Peedam.There are Ambal idols.Only one brick wall remains in a dilapidated state.A statue of Jain Tirthankar is seen on the side.No pooja.Contact Mr. Rajavelu-9443642255.Uttaramerur is 10 km from here. Driving Only one Shiva Lingam is found here.No puja is performed here.Contact Mr. Jagannathan 9600838837 Uthramerur -Vantavasi should board the bus and get off at Arasani Mangalam stop.Uttaramerur 8 km. Athiyur - top dust Only one Shiva Lingam is found in this village.No other details are known.Contact Mr. Perumal-9444238856, Mr. Raghavan-9786860103. Uttaramerur is 8 km from here. Athiyur Here a Shivalinga is seen buried in the earth in a reclining position.There is a temple pond.Contact Mr Murali-9787179669, Mr Venkatesan-9382854336. Pulipakkam This Shivalayam is found in a very pathetic condition between the houses in the middle of this village.No tower.No roof.No building.All that exists is the linga form of Eason.and Durga, Sun, Nandi.Everything is cut outside.Thirukulam is found nearby.Black pillars, and stones everywhere.He will not perform puja.Contact Mr. Damodaran 9626642494. Pulipakkam village is on branch road where Ramco Cement Company is located on Chengalputtu Uttaramerur Road. Buliyur Very old.Shivlingam Nandi only.Cut outside There areTirunam Sri Mahadev.Large pot shape.Pujas are held twice.Mr. Poorasasamiyar-9444325304, Mr. Eyumalai 9789769939. Chennai- Ellapakkam 104,, Kanchipuram- Acharappakkam bus.4 km from Uthiramerur. Forest killing The Lord is seen outside the village in the form of a large pan.No other divine forms were found..Mr. Krishnamurthy, who was suffering from mental illness, visited the Lord here for several days and is now in a good condition.Puja takes place.Mr. Krishnamurthy 9626126057, and Mr. Devarajan 9381134666. Bus Uttaramerur-Vedanthangal, Uttaramerur-Ditalam. Factor Shiva Eason has a temple in a clearing outside the town in a quiet environment in a village called Phakar located on the Kanchipuram Uthramerur (route Manampathi) road.The name of the Lord is not known.There are traces of an earlier temple.Villagers perform pooja to Lord on Pradosha.They light the lamp every day.Villagers have come forward to build a temple soon.The Bala Temple will be built on the 8th of the coming month of Karthikai (24-11-14).This factor village is 7 km from Uttaramerur.Bus Stand Factor Mandapam.1 km from here.Temple.Contact Mr. Subramani 9629388949, Mr. Adhimoolam 9445273202, 9629072025 Mr. Devan 9444367877 Somanathapuram This town has only the most ancient Ganesha, an Audaiyar and Nandi.Contact Mr. Perumal-9047675291.. Uttara Merur is 2 km from here. build up Here a Shivalingam is found under a tree.The temple pool has become short.Contact Mr. Arumuga Mudaliar-9751167167.It is on Chengalpattu-Uttamerur road. Nallur Shiva Wada is about 1 km after Nallur village.A Shivlingam is found in the middle of a field in the distant village of Nallur.A statue of Brahma Devar is also found nearby.A broken statue of Nandi is on a mound nearby.Contact Mr Muralitharan (94455 75380) Perungozhi Shiva The village Perungozhi is 1 km south of Sirukozhi village.Located far away.A single drink is found in a field at a place called Kamakshi Medu.Contact Mr Muralitharan (9445575380 Pandavkam Shiv Lingam outside cut.There is no worship. Two trees Very dilapidated temple.. Puja takes place.There are only Shiva shrines and Nandi. Murukeri The temple is completely absent and only the Poi Nagar statue remains.There is a pond nearby.Uttaramerur 5 KM. Aarasanipalayam There is a Shiva lingam outside the cut.Uttaramerur 6 KM. Vialathur There is only Shiva Lingam. Balechwaram Only Shiva Lingam and Nandi are outside the cut. Vending There is a Shivalingam in the temple of the village deity of the village. It is a very ancient place. Arumbuliyur There is a Shiva Lingam on the western bank of the village pond.To emerge from the earth. Wayalakavur The Sivalingam found in Seyyar is placed near the Chelliyamman temple.Another one is located near Periyandavar temple Vailur From Uttaramerur"
95,57,Roofless Temples In Uthiramerur Bock,Pulipakkam Shivalayam,"Shiva Lingam (Eason), Durga, Sun, Nandi","Pulipakkam village, on branch road near Ramco Cement Company, Chengalputtu-Uttaramerur Road",Uttaramerur,Kanchipuram,,Dilapidated,Non-Functional,"On Chengalpattu-Uttaramerur road, near Ramco Cement Company","There are many Shivalinga Thirumenis outside the cut in Uttaramerur circle.The details of the village where they are located, contact persons, and photographs are given. Kadammangalam There is only Shiva Lingam Nandi.There is a pond nearby. There is no worship here.Contact Mr. Rajavelu-9443642255, Prem Kumar-9600447525.Uttaramerur is 7 km from here. Ammaiyappanallur There are only Shivalingam and Nandi.A dry pond is nearby.Contact Mr. Natarajapillai-9444569093 Pooja No.Uttaramerur 5 Kms. Addition Shiva Lingam, Nandi, Bali Peedam.There are Ambal idols.Only one brick wall remains in a dilapidated state.A statue of Jain Tirthankar is seen on the side.No pooja.Contact Mr. Rajavelu-9443642255.Uttaramerur is 10 km from here. Driving Only one Shiva Lingam is found here.No puja is performed here.Contact Mr. Jagannathan 9600838837 Uthramerur -Vantavasi should board the bus and get off at Arasani Mangalam stop.Uttaramerur 8 km. Athiyur - top dust Only one Shiva Lingam is found in this village.No other details are known.Contact Mr. Perumal-9444238856, Mr. Raghavan-9786860103. Uttaramerur is 8 km from here. Athiyur Here a Shivalinga is seen buried in the earth in a reclining position.There is a temple pond.Contact Mr Murali-9787179669, Mr Venkatesan-9382854336. Pulipakkam This Shivalayam is found in a very pathetic condition between the houses in the middle of this village.No tower.No roof.No building.All that exists is the linga form of Eason.and Durga, Sun, Nandi.Everything is cut outside.Thirukulam is found nearby.Black pillars, and stones everywhere.He will not perform puja.Contact Mr. Damodaran 9626642494. Pulipakkam village is on branch road where Ramco Cement Company is located on Chengalputtu Uttaramerur Road. Buliyur Very old.Shivlingam Nandi only.Cut outside There areTirunam Sri Mahadev.Large pot shape.Pujas are held twice.Mr. Poorasasamiyar-9444325304, Mr. Eyumalai 9789769939. Chennai- Ellapakkam 104,, Kanchipuram- Acharappakkam bus.4 km from Uthiramerur. Forest killing The Lord is seen outside the village in the form of a large pan.No other divine forms were found..Mr. Krishnamurthy, who was suffering from mental illness, visited the Lord here for several days and is now in a good condition.Puja takes place.Mr. Krishnamurthy 9626126057, and Mr. Devarajan 9381134666. Bus Uttaramerur-Vedanthangal, Uttaramerur-Ditalam. Factor Shiva Eason has a temple in a clearing outside the town in a quiet environment in a village called Phakar located on the Kanchipuram Uthramerur (route Manampathi) road.The name of the Lord is not known.There are traces of an earlier temple.Villagers perform pooja to Lord on Pradosha.They light the lamp every day.Villagers have come forward to build a temple soon.The Bala Temple will be built on the 8th of the coming month of Karthikai (24-11-14).This factor village is 7 km from Uttaramerur.Bus Stand Factor Mandapam.1 km from here.Temple.Contact Mr. Subramani 9629388949, Mr. Adhimoolam 9445273202, 9629072025 Mr. Devan 9444367877 Somanathapuram This town has only the most ancient Ganesha, an Audaiyar and Nandi.Contact Mr. Perumal-9047675291.. Uttara Merur is 2 km from here. build up Here a Shivalingam is found under a tree.The temple pool has become short.Contact Mr. Arumuga Mudaliar-9751167167.It is on Chengalpattu-Uttamerur road. Nallur Shiva Wada is about 1 km after Nallur village.A Shivlingam is found in the middle of a field in the distant village of Nallur.A statue of Brahma Devar is also found nearby.A broken statue of Nandi is on a mound nearby.Contact Mr Muralitharan (94455 75380) Perungozhi Shiva The village Perungozhi is 1 km south of Sirukozhi village.Located far away.A single drink is found in a field at a place called Kamakshi Medu.Contact Mr Muralitharan (9445575380 Pandavkam Shiv Lingam outside cut.There is no worship. Two trees Very dilapidated temple.. Puja takes place.There are only Shiva shrines and Nandi. Murukeri The temple is completely absent and only the Poi Nagar statue remains.There is a pond nearby.Uttaramerur 5 KM. Aarasanipalayam There is a Shiva lingam outside the cut.Uttaramerur 6 KM. Vialathur There is only Shiva Lingam. Balechwaram Only Shiva Lingam and Nandi are outside the cut. Vending There is a Shivalingam in the temple of the village deity of the village. It is a very ancient place. Arumbuliyur There is a Shiva Lingam on the western bank of the village pond.To emerge from the earth. Wayalakavur The Sivalingam found in Seyyar is placed near the Chelliyamman temple.Another one is located near Periyandavar temple Vailur From Uttaramerur"
96,57,Roofless Temples In Uthiramerur Bock,Buliyur Shiva Temple,"Shivlingam, Nandi, Tirunam Sri Mahadev",Buliyur village,Uttaramerur,Kanchipuram,,Dilapidated,Functional,"4 km from Uthiramerur, Chennai-Ellapakkam 104 bus, Kanchipuram-Acharappakkam bus","There are many Shivalinga Thirumenis outside the cut in Uttaramerur circle.The details of the village where they are located, contact persons, and photographs are given. Kadammangalam There is only Shiva Lingam Nandi.There is a pond nearby. There is no worship here.Contact Mr. Rajavelu-9443642255, Prem Kumar-9600447525.Uttaramerur is 7 km from here. Ammaiyappanallur There are only Shivalingam and Nandi.A dry pond is nearby.Contact Mr. Natarajapillai-9444569093 Pooja No.Uttaramerur 5 Kms. Addition Shiva Lingam, Nandi, Bali Peedam.There are Ambal idols.Only one brick wall remains in a dilapidated state.A statue of Jain Tirthankar is seen on the side.No pooja.Contact Mr. Rajavelu-9443642255.Uttaramerur is 10 km from here. Driving Only one Shiva Lingam is found here.No puja is performed here.Contact Mr. Jagannathan 9600838837 Uthramerur -Vantavasi should board the bus and get off at Arasani Mangalam stop.Uttaramerur 8 km. Athiyur - top dust Only one Shiva Lingam is found in this village.No other details are known.Contact Mr. Perumal-9444238856, Mr. Raghavan-9786860103. Uttaramerur is 8 km from here. Athiyur Here a Shivalinga is seen buried in the earth in a reclining position.There is a temple pond.Contact Mr Murali-9787179669, Mr Venkatesan-9382854336. Pulipakkam This Shivalayam is found in a very pathetic condition between the houses in the middle of this village.No tower.No roof.No building.All that exists is the linga form of Eason.and Durga, Sun, Nandi.Everything is cut outside.Thirukulam is found nearby.Black pillars, and stones everywhere.He will not perform puja.Contact Mr. Damodaran 9626642494. Pulipakkam village is on branch road where Ramco Cement Company is located on Chengalputtu Uttaramerur Road. Buliyur Very old.Shivlingam Nandi only.Cut outside There areTirunam Sri Mahadev.Large pot shape.Pujas are held twice.Mr. Poorasasamiyar-9444325304, Mr. Eyumalai 9789769939. Chennai- Ellapakkam 104,, Kanchipuram- Acharappakkam bus.4 km from Uthiramerur. Forest killing The Lord is seen outside the village in the form of a large pan.No other divine forms were found..Mr. Krishnamurthy, who was suffering from mental illness, visited the Lord here for several days and is now in a good condition.Puja takes place.Mr. Krishnamurthy 9626126057, and Mr. Devarajan 9381134666. Bus Uttaramerur-Vedanthangal, Uttaramerur-Ditalam. Factor Shiva Eason has a temple in a clearing outside the town in a quiet environment in a village called Phakar located on the Kanchipuram Uthramerur (route Manampathi) road.The name of the Lord is not known.There are traces of an earlier temple.Villagers perform pooja to Lord on Pradosha.They light the lamp every day.Villagers have come forward to build a temple soon.The Bala Temple will be built on the 8th of the coming month of Karthikai (24-11-14).This factor village is 7 km from Uttaramerur.Bus Stand Factor Mandapam.1 km from here.Temple.Contact Mr. Subramani 9629388949, Mr. Adhimoolam 9445273202, 9629072025 Mr. Devan 9444367877 Somanathapuram This town has only the most ancient Ganesha, an Audaiyar and Nandi.Contact Mr. Perumal-9047675291.. Uttara Merur is 2 km from here. build up Here a Shivalingam is found under a tree.The temple pool has become short.Contact Mr. Arumuga Mudaliar-9751167167.It is on Chengalpattu-Uttamerur road. Nallur Shiva Wada is about 1 km after Nallur village.A Shivlingam is found in the middle of a field in the distant village of Nallur.A statue of Brahma Devar is also found nearby.A broken statue of Nandi is on a mound nearby.Contact Mr Muralitharan (94455 75380) Perungozhi Shiva The village Perungozhi is 1 km south of Sirukozhi village.Located far away.A single drink is found in a field at a place called Kamakshi Medu.Contact Mr Muralitharan (9445575380 Pandavkam Shiv Lingam outside cut.There is no worship. Two trees Very dilapidated temple.. Puja takes place.There are only Shiva shrines and Nandi. Murukeri The temple is completely absent and only the Poi Nagar statue remains.There is a pond nearby.Uttaramerur 5 KM. Aarasanipalayam There is a Shiva lingam outside the cut.Uttaramerur 6 KM. Vialathur There is only Shiva Lingam. Balechwaram Only Shiva Lingam and Nandi are outside the cut. Vending There is a Shivalingam in the temple of the village deity of the village. It is a very ancient place. Arumbuliyur There is a Shiva Lingam on the western bank of the village pond.To emerge from the earth. Wayalakavur The Sivalingam found in Seyyar is placed near the Chelliyamman temple.Another one is located near Periyandavar temple Vailur From Uttaramerur"
97,57,Roofless Temples In Uthiramerur Bock,Forest Killing Shiva Temple,Lord in form of large pan,Outside village (Forest killing area),Uttaramerur,Kanchipuram,,Vettaiveli,Functional,Accessible via Uttaramerur-Vedanthangal and Uttaramerur-Ditalam buses,"There are many Shivalinga Thirumenis outside the cut in Uttaramerur circle.The details of the village where they are located, contact persons, and photographs are given. Kadammangalam There is only Shiva Lingam Nandi.There is a pond nearby. There is no worship here.Contact Mr. Rajavelu-9443642255, Prem Kumar-9600447525.Uttaramerur is 7 km from here. Ammaiyappanallur There are only Shivalingam and Nandi.A dry pond is nearby.Contact Mr. Natarajapillai-9444569093 Pooja No.Uttaramerur 5 Kms. Addition Shiva Lingam, Nandi, Bali Peedam.There are Ambal idols.Only one brick wall remains in a dilapidated state.A statue of Jain Tirthankar is seen on the side.No pooja.Contact Mr. Rajavelu-9443642255.Uttaramerur is 10 km from here. Driving Only one Shiva Lingam is found here.No puja is performed here.Contact Mr. Jagannathan 9600838837 Uthramerur -Vantavasi should board the bus and get off at Arasani Mangalam stop.Uttaramerur 8 km. Athiyur - top dust Only one Shiva Lingam is found in this village.No other details are known.Contact Mr. Perumal-9444238856, Mr. Raghavan-9786860103. Uttaramerur is 8 km from here. Athiyur Here a Shivalinga is seen buried in the earth in a reclining position.There is a temple pond.Contact Mr Murali-9787179669, Mr Venkatesan-9382854336. Pulipakkam This Shivalayam is found in a very pathetic condition between the houses in the middle of this village.No tower.No roof.No building.All that exists is the linga form of Eason.and Durga, Sun, Nandi.Everything is cut outside.Thirukulam is found nearby.Black pillars, and stones everywhere.He will not perform puja.Contact Mr. Damodaran 9626642494. Pulipakkam village is on branch road where Ramco Cement Company is located on Chengalputtu Uttaramerur Road. Buliyur Very old.Shivlingam Nandi only.Cut outside There areTirunam Sri Mahadev.Large pot shape.Pujas are held twice.Mr. Poorasasamiyar-9444325304, Mr. Eyumalai 9789769939. Chennai- Ellapakkam 104,, Kanchipuram- Acharappakkam bus.4 km from Uthiramerur. Forest killing The Lord is seen outside the village in the form of a large pan.No other divine forms were found..Mr. Krishnamurthy, who was suffering from mental illness, visited the Lord here for several days and is now in a good condition.Puja takes place.Mr. Krishnamurthy 9626126057, and Mr. Devarajan 9381134666. Bus Uttaramerur-Vedanthangal, Uttaramerur-Ditalam. Factor Shiva Eason has a temple in a clearing outside the town in a quiet environment in a village called Phakar located on the Kanchipuram Uthramerur (route Manampathi) road.The name of the Lord is not known.There are traces of an earlier temple.Villagers perform pooja to Lord on Pradosha.They light the lamp every day.Villagers have come forward to build a temple soon.The Bala Temple will be built on the 8th of the coming month of Karthikai (24-11-14).This factor village is 7 km from Uttaramerur.Bus Stand Factor Mandapam.1 km from here.Temple.Contact Mr. Subramani 9629388949, Mr. Adhimoolam 9445273202, 9629072025 Mr. Devan 9444367877 Somanathapuram This town has only the most ancient Ganesha, an Audaiyar and Nandi.Contact Mr. Perumal-9047675291.. Uttara Merur is 2 km from here. build up Here a Shivalingam is found under a tree.The temple pool has become short.Contact Mr. Arumuga Mudaliar-9751167167.It is on Chengalpattu-Uttamerur road. Nallur Shiva Wada is about 1 km after Nallur village.A Shivlingam is found in the middle of a field in the distant village of Nallur.A statue of Brahma Devar is also found nearby.A broken statue of Nandi is on a mound nearby.Contact Mr Muralitharan (94455 75380) Perungozhi Shiva The village Perungozhi is 1 km south of Sirukozhi village.Located far away.A single drink is found in a field at a place called Kamakshi Medu.Contact Mr Muralitharan (9445575380 Pandavkam Shiv Lingam outside cut.There is no worship. Two trees Very dilapidated temple.. Puja takes place.There are only Shiva shrines and Nandi. Murukeri The temple is completely absent and only the Poi Nagar statue remains.There is a pond nearby.Uttaramerur 5 KM. Aarasanipalayam There is a Shiva lingam outside the cut.Uttaramerur 6 KM. Vialathur There is only Shiva Lingam. Balechwaram Only Shiva Lingam and Nandi are outside the cut. Vending There is a Shivalingam in the temple of the village deity of the village. It is a very ancient place. Arumbuliyur There is a Shiva Lingam on the western bank of the village pond.To emerge from the earth. Wayalakavur The Sivalingam found in Seyyar is placed near the Chelliyamman temple.Another one is located near Periyandavar temple Vailur From Uttaramerur"
98,57,Roofless Temples In Uthiramerur Bock,Factor Shiva Temple (Phakar),"Shiva (name unknown), traces of earlier temple",Phakar village on Kanchipuram-Uthiramerur road (Manampathi route),Uttaramerur,Kanchipuram,,Vettaiveli,Functional,"7 km from Uttaramerur, 1 km from Factor Mandapam bus stand","There are many Shivalinga Thirumenis outside the cut in Uttaramerur circle.The details of the village where they are located, contact persons, and photographs are given. Kadammangalam There is only Shiva Lingam Nandi.There is a pond nearby. There is no worship here.Contact Mr. Rajavelu-9443642255, Prem Kumar-9600447525.Uttaramerur is 7 km from here. Ammaiyappanallur There are only Shivalingam and Nandi.A dry pond is nearby.Contact Mr. Natarajapillai-9444569093 Pooja No.Uttaramerur 5 Kms. Addition Shiva Lingam, Nandi, Bali Peedam.There are Ambal idols.Only one brick wall remains in a dilapidated state.A statue of Jain Tirthankar is seen on the side.No pooja.Contact Mr. Rajavelu-9443642255.Uttaramerur is 10 km from here. Driving Only one Shiva Lingam is found here.No puja is performed here.Contact Mr. Jagannathan 9600838837 Uthramerur -Vantavasi should board the bus and get off at Arasani Mangalam stop.Uttaramerur 8 km. Athiyur - top dust Only one Shiva Lingam is found in this village.No other details are known.Contact Mr. Perumal-9444238856, Mr. Raghavan-9786860103. Uttaramerur is 8 km from here. Athiyur Here a Shivalinga is seen buried in the earth in a reclining position.There is a temple pond.Contact Mr Murali-9787179669, Mr Venkatesan-9382854336. Pulipakkam This Shivalayam is found in a very pathetic condition between the houses in the middle of this village.No tower.No roof.No building.All that exists is the linga form of Eason.and Durga, Sun, Nandi.Everything is cut outside.Thirukulam is found nearby.Black pillars, and stones everywhere.He will not perform puja.Contact Mr. Damodaran 9626642494. Pulipakkam village is on branch road where Ramco Cement Company is located on Chengalputtu Uttaramerur Road. Buliyur Very old.Shivlingam Nandi only.Cut outside There areTirunam Sri Mahadev.Large pot shape.Pujas are held twice.Mr. Poorasasamiyar-9444325304, Mr. Eyumalai 9789769939. Chennai- Ellapakkam 104,, Kanchipuram- Acharappakkam bus.4 km from Uthiramerur. Forest killing The Lord is seen outside the village in the form of a large pan.No other divine forms were found..Mr. Krishnamurthy, who was suffering from mental illness, visited the Lord here for several days and is now in a good condition.Puja takes place.Mr. Krishnamurthy 9626126057, and Mr. Devarajan 9381134666. Bus Uttaramerur-Vedanthangal, Uttaramerur-Ditalam. Factor Shiva Eason has a temple in a clearing outside the town in a quiet environment in a village called Phakar located on the Kanchipuram Uthramerur (route Manampathi) road.The name of the Lord is not known.There are traces of an earlier temple.Villagers perform pooja to Lord on Pradosha.They light the lamp every day.Villagers have come forward to build a temple soon.The Bala Temple will be built on the 8th of the coming month of Karthikai (24-11-14).This factor village is 7 km from Uttaramerur.Bus Stand Factor Mandapam.1 km from here.Temple.Contact Mr. Subramani 9629388949, Mr. Adhimoolam 9445273202, 9629072025 Mr. Devan 9444367877 Somanathapuram This town has only the most ancient Ganesha, an Audaiyar and Nandi.Contact Mr. Perumal-9047675291.. Uttara Merur is 2 km from here. build up Here a Shivalingam is found under a tree.The temple pool has become short.Contact Mr. Arumuga Mudaliar-9751167167.It is on Chengalpattu-Uttamerur road. Nallur Shiva Wada is about 1 km after Nallur village.A Shivlingam is found in the middle of a field in the distant village of Nallur.A statue of Brahma Devar is also found nearby.A broken statue of Nandi is on a mound nearby.Contact Mr Muralitharan (94455 75380) Perungozhi Shiva The village Perungozhi is 1 km south of Sirukozhi village.Located far away.A single drink is found in a field at a place called Kamakshi Medu.Contact Mr Muralitharan (9445575380 Pandavkam Shiv Lingam outside cut.There is no worship. Two trees Very dilapidated temple.. Puja takes place.There are only Shiva shrines and Nandi. Murukeri The temple is completely absent and only the Poi Nagar statue remains.There is a pond nearby.Uttaramerur 5 KM. Aarasanipalayam There is a Shiva lingam outside the cut.Uttaramerur 6 KM. Vialathur There is only Shiva Lingam. Balechwaram Only Shiva Lingam and Nandi are outside the cut. Vending There is a Shivalingam in the temple of the village deity of the village. It is a very ancient place. Arumbuliyur There is a Shiva Lingam on the western bank of the village pond.To emerge from the earth. Wayalakavur The Sivalingam found in Seyyar is placed near the Chelliyamman temple.Another one is located near Periyandavar temple Vailur From Uttaramerur"
99,57,Roofless Temples In Uthiramerur Bock,Somanathapuram Temple,"Ancient Ganesha, Audaiyar, Nandi",Somanathapuram town,Uttaramerur,Kanchipuram,,Vettaiveli,Non-Functional,2 km from Uttaramerur,"There are many Shivalinga Thirumenis outside the cut in Uttaramerur circle.The details of the village where they are located, contact persons, and photographs are given. Kadammangalam There is only Shiva Lingam Nandi.There is a pond nearby. There is no worship here.Contact Mr. Rajavelu-9443642255, Prem Kumar-9600447525.Uttaramerur is 7 km from here. Ammaiyappanallur There are only Shivalingam and Nandi.A dry pond is nearby.Contact Mr. Natarajapillai-9444569093 Pooja No.Uttaramerur 5 Kms. Addition Shiva Lingam, Nandi, Bali Peedam.There are Ambal idols.Only one brick wall remains in a dilapidated state.A statue of Jain Tirthankar is seen on the side.No pooja.Contact Mr. Rajavelu-9443642255.Uttaramerur is 10 km from here. Driving Only one Shiva Lingam is found here.No puja is performed here.Contact Mr. Jagannathan 9600838837 Uthramerur -Vantavasi should board the bus and get off at Arasani Mangalam stop.Uttaramerur 8 km. Athiyur - top dust Only one Shiva Lingam is found in this village.No other details are known.Contact Mr. Perumal-9444238856, Mr. Raghavan-9786860103. Uttaramerur is 8 km from here. Athiyur Here a Shivalinga is seen buried in the earth in a reclining position.There is a temple pond.Contact Mr Murali-9787179669, Mr Venkatesan-9382854336. Pulipakkam This Shivalayam is found in a very pathetic condition between the houses in the middle of this village.No tower.No roof.No building.All that exists is the linga form of Eason.and Durga, Sun, Nandi.Everything is cut outside.Thirukulam is found nearby.Black pillars, and stones everywhere.He will not perform puja.Contact Mr. Damodaran 9626642494. Pulipakkam village is on branch road where Ramco Cement Company is located on Chengalputtu Uttaramerur Road. Buliyur Very old.Shivlingam Nandi only.Cut outside There areTirunam Sri Mahadev.Large pot shape.Pujas are held twice.Mr. Poorasasamiyar-9444325304, Mr. Eyumalai 9789769939. Chennai- Ellapakkam 104,, Kanchipuram- Acharappakkam bus.4 km from Uthiramerur. Forest killing The Lord is seen outside the village in the form of a large pan.No other divine forms were found..Mr. Krishnamurthy, who was suffering from mental illness, visited the Lord here for several days and is now in a good condition.Puja takes place.Mr. Krishnamurthy 9626126057, and Mr. Devarajan 9381134666. Bus Uttaramerur-Vedanthangal, Uttaramerur-Ditalam. Factor Shiva Eason has a temple in a clearing outside the town in a quiet environment in a village called Phakar located on the Kanchipuram Uthramerur (route Manampathi) road.The name of the Lord is not known.There are traces of an earlier temple.Villagers perform pooja to Lord on Pradosha.They light the lamp every day.Villagers have come forward to build a temple soon.The Bala Temple will be built on the 8th of the coming month of Karthikai (24-11-14).This factor village is 7 km from Uttaramerur.Bus Stand Factor Mandapam.1 km from here.Temple.Contact Mr. Subramani 9629388949, Mr. Adhimoolam 9445273202, 9629072025 Mr. Devan 9444367877 Somanathapuram This town has only the most ancient Ganesha, an Audaiyar and Nandi.Contact Mr. Perumal-9047675291.. Uttara Merur is 2 km from here. build up Here a Shivalingam is found under a tree.The temple pool has become short.Contact Mr. Arumuga Mudaliar-9751167167.It is on Chengalpattu-Uttamerur road. Nallur Shiva Wada is about 1 km after Nallur village.A Shivlingam is found in the middle of a field in the distant village of Nallur.A statue of Brahma Devar is also found nearby.A broken statue of Nandi is on a mound nearby.Contact Mr Muralitharan (94455 75380) Perungozhi Shiva The village Perungozhi is 1 km south of Sirukozhi village.Located far away.A single drink is found in a field at a place called Kamakshi Medu.Contact Mr Muralitharan (9445575380 Pandavkam Shiv Lingam outside cut.There is no worship. Two trees Very dilapidated temple.. Puja takes place.There are only Shiva shrines and Nandi. Murukeri The temple is completely absent and only the Poi Nagar statue remains.There is a pond nearby.Uttaramerur 5 KM. Aarasanipalayam There is a Shiva lingam outside the cut.Uttaramerur 6 KM. Vialathur There is only Shiva Lingam. Balechwaram Only Shiva Lingam and Nandi are outside the cut. Vending There is a Shivalingam in the temple of the village deity of the village. It is a very ancient place. Arumbuliyur There is a Shiva Lingam on the western bank of the village pond.To emerge from the earth. Wayalakavur The Sivalingam found in Seyyar is placed near the Chelliyamman temple.Another one is located near Periyandavar temple Vailur From Uttaramerur"
100,57,Roofless Temples In Uthiramerur Bock,Build Up Shiva Temple,Shivalingam,Under a tree on Chengalpattu-Uttaramerur road,Uttaramerur,Kanchipuram,,Vettaiveli,Non-Functional,On Chengalpattu-Uttaramerur road,"There are many Shivalinga Thirumenis outside the cut in Uttaramerur circle.The details of the village where they are located, contact persons, and photographs are given. Kadammangalam There is only Shiva Lingam Nandi.There is a pond nearby. There is no worship here.Contact Mr. Rajavelu-9443642255, Prem Kumar-9600447525.Uttaramerur is 7 km from here. Ammaiyappanallur There are only Shivalingam and Nandi.A dry pond is nearby.Contact Mr. Natarajapillai-9444569093 Pooja No.Uttaramerur 5 Kms. Addition Shiva Lingam, Nandi, Bali Peedam.There are Ambal idols.Only one brick wall remains in a dilapidated state.A statue of Jain Tirthankar is seen on the side.No pooja.Contact Mr. Rajavelu-9443642255.Uttaramerur is 10 km from here. Driving Only one Shiva Lingam is found here.No puja is performed here.Contact Mr. Jagannathan 9600838837 Uthramerur -Vantavasi should board the bus and get off at Arasani Mangalam stop.Uttaramerur 8 km. Athiyur - top dust Only one Shiva Lingam is found in this village.No other details are known.Contact Mr. Perumal-9444238856, Mr. Raghavan-9786860103. Uttaramerur is 8 km from here. Athiyur Here a Shivalinga is seen buried in the earth in a reclining position.There is a temple pond.Contact Mr Murali-9787179669, Mr Venkatesan-9382854336. Pulipakkam This Shivalayam is found in a very pathetic condition between the houses in the middle of this village.No tower.No roof.No building.All that exists is the linga form of Eason.and Durga, Sun, Nandi.Everything is cut outside.Thirukulam is found nearby.Black pillars, and stones everywhere.He will not perform puja.Contact Mr. Damodaran 9626642494. Pulipakkam village is on branch road where Ramco Cement Company is located on Chengalputtu Uttaramerur Road. Buliyur Very old.Shivlingam Nandi only.Cut outside There areTirunam Sri Mahadev.Large pot shape.Pujas are held twice.Mr. Poorasasamiyar-9444325304, Mr. Eyumalai 9789769939. Chennai- Ellapakkam 104,, Kanchipuram- Acharappakkam bus.4 km from Uthiramerur. Forest killing The Lord is seen outside the village in the form of a large pan.No other divine forms were found..Mr. Krishnamurthy, who was suffering from mental illness, visited the Lord here for several days and is now in a good condition.Puja takes place.Mr. Krishnamurthy 9626126057, and Mr. Devarajan 9381134666. Bus Uttaramerur-Vedanthangal, Uttaramerur-Ditalam. Factor Shiva Eason has a temple in a clearing outside the town in a quiet environment in a village called Phakar located on the Kanchipuram Uthramerur (route Manampathi) road.The name of the Lord is not known.There are traces of an earlier temple.Villagers perform pooja to Lord on Pradosha.They light the lamp every day.Villagers have come forward to build a temple soon.The Bala Temple will be built on the 8th of the coming month of Karthikai (24-11-14).This factor village is 7 km from Uttaramerur.Bus Stand Factor Mandapam.1 km from here.Temple.Contact Mr. Subramani 9629388949, Mr. Adhimoolam 9445273202, 9629072025 Mr. Devan 9444367877 Somanathapuram This town has only the most ancient Ganesha, an Audaiyar and Nandi.Contact Mr. Perumal-9047675291.. Uttara Merur is 2 km from here. build up Here a Shivalingam is found under a tree.The temple pool has become short.Contact Mr. Arumuga Mudaliar-9751167167.It is on Chengalpattu-Uttamerur road. Nallur Shiva Wada is about 1 km after Nallur village.A Shivlingam is found in the middle of a field in the distant village of Nallur.A statue of Brahma Devar is also found nearby.A broken statue of Nandi is on a mound nearby.Contact Mr Muralitharan (94455 75380) Perungozhi Shiva The village Perungozhi is 1 km south of Sirukozhi village.Located far away.A single drink is found in a field at a place called Kamakshi Medu.Contact Mr Muralitharan (9445575380 Pandavkam Shiv Lingam outside cut.There is no worship. Two trees Very dilapidated temple.. Puja takes place.There are only Shiva shrines and Nandi. Murukeri The temple is completely absent and only the Poi Nagar statue remains.There is a pond nearby.Uttaramerur 5 KM. Aarasanipalayam There is a Shiva lingam outside the cut.Uttaramerur 6 KM. Vialathur There is only Shiva Lingam. Balechwaram Only Shiva Lingam and Nandi are outside the cut. Vending There is a Shivalingam in the temple of the village deity of the village. It is a very ancient place. Arumbuliyur There is a Shiva Lingam on the western bank of the village pond.To emerge from the earth. Wayalakavur The Sivalingam found in Seyyar is placed near the Chelliyamman temple.Another one is located near Periyandavar temple Vailur From Uttaramerur"
101,57,Roofless Temples In Uthiramerur Bock,Nallur Shiva Temple,"Shivlingam, Brahma Devar statue, broken Nandi","Middle of field in distant Nallur village, 1 km after Nallur village",Uttaramerur,Kanchipuram,,Vettaiveli,Non-Functional,"Remote, in middle of field","There are many Shivalinga Thirumenis outside the cut in Uttaramerur circle.The details of the village where they are located, contact persons, and photographs are given. Kadammangalam There is only Shiva Lingam Nandi.There is a pond nearby. There is no worship here.Contact Mr. Rajavelu-9443642255, Prem Kumar-9600447525.Uttaramerur is 7 km from here. Ammaiyappanallur There are only Shivalingam and Nandi.A dry pond is nearby.Contact Mr. Natarajapillai-9444569093 Pooja No.Uttaramerur 5 Kms. Addition Shiva Lingam, Nandi, Bali Peedam.There are Ambal idols.Only one brick wall remains in a dilapidated state.A statue of Jain Tirthankar is seen on the side.No pooja.Contact Mr. Rajavelu-9443642255.Uttaramerur is 10 km from here. Driving Only one Shiva Lingam is found here.No puja is performed here.Contact Mr. Jagannathan 9600838837 Uthramerur -Vantavasi should board the bus and get off at Arasani Mangalam stop.Uttaramerur 8 km. Athiyur - top dust Only one Shiva Lingam is found in this village.No other details are known.Contact Mr. Perumal-9444238856, Mr. Raghavan-9786860103. Uttaramerur is 8 km from here. Athiyur Here a Shivalinga is seen buried in the earth in a reclining position.There is a temple pond.Contact Mr Murali-9787179669, Mr Venkatesan-9382854336. Pulipakkam This Shivalayam is found in a very pathetic condition between the houses in the middle of this village.No tower.No roof.No building.All that exists is the linga form of Eason.and Durga, Sun, Nandi.Everything is cut outside.Thirukulam is found nearby.Black pillars, and stones everywhere.He will not perform puja.Contact Mr. Damodaran 9626642494. Pulipakkam village is on branch road where Ramco Cement Company is located on Chengalputtu Uttaramerur Road. Buliyur Very old.Shivlingam Nandi only.Cut outside There areTirunam Sri Mahadev.Large pot shape.Pujas are held twice.Mr. Poorasasamiyar-9444325304, Mr. Eyumalai 9789769939. Chennai- Ellapakkam 104,, Kanchipuram- Acharappakkam bus.4 km from Uthiramerur. Forest killing The Lord is seen outside the village in the form of a large pan.No other divine forms were found..Mr. Krishnamurthy, who was suffering from mental illness, visited the Lord here for several days and is now in a good condition.Puja takes place.Mr. Krishnamurthy 9626126057, and Mr. Devarajan 9381134666. Bus Uttaramerur-Vedanthangal, Uttaramerur-Ditalam. Factor Shiva Eason has a temple in a clearing outside the town in a quiet environment in a village called Phakar located on the Kanchipuram Uthramerur (route Manampathi) road.The name of the Lord is not known.There are traces of an earlier temple.Villagers perform pooja to Lord on Pradosha.They light the lamp every day.Villagers have come forward to build a temple soon.The Bala Temple will be built on the 8th of the coming month of Karthikai (24-11-14).This factor village is 7 km from Uttaramerur.Bus Stand Factor Mandapam.1 km from here.Temple.Contact Mr. Subramani 9629388949, Mr. Adhimoolam 9445273202, 9629072025 Mr. Devan 9444367877 Somanathapuram This town has only the most ancient Ganesha, an Audaiyar and Nandi.Contact Mr. Perumal-9047675291.. Uttara Merur is 2 km from here. build up Here a Shivalingam is found under a tree.The temple pool has become short.Contact Mr. Arumuga Mudaliar-9751167167.It is on Chengalpattu-Uttamerur road. Nallur Shiva Wada is about 1 km after Nallur village.A Shivlingam is found in the middle of a field in the distant village of Nallur.A statue of Brahma Devar is also found nearby.A broken statue of Nandi is on a mound nearby.Contact Mr Muralitharan (94455 75380) Perungozhi Shiva The village Perungozhi is 1 km south of Sirukozhi village.Located far away.A single drink is found in a field at a place called Kamakshi Medu.Contact Mr Muralitharan (9445575380 Pandavkam Shiv Lingam outside cut.There is no worship. Two trees Very dilapidated temple.. Puja takes place.There are only Shiva shrines and Nandi. Murukeri The temple is completely absent and only the Poi Nagar statue remains.There is a pond nearby.Uttaramerur 5 KM. Aarasanipalayam There is a Shiva lingam outside the cut.Uttaramerur 6 KM. Vialathur There is only Shiva Lingam. Balechwaram Only Shiva Lingam and Nandi are outside the cut. Vending There is a Shivalingam in the temple of the village deity of the village. It is a very ancient place. Arumbuliyur There is a Shiva Lingam on the western bank of the village pond.To emerge from the earth. Wayalakavur The Sivalingam found in Seyyar is placed near the Chelliyamman temple.Another one is located near Periyandavar temple Vailur From Uttaramerur"
102,57,Roofless Temples In Uthiramerur Bock,Perungozhi Shiva Temple,Shiva Lingam,"Perungozhi village, 1 km south of Sirukozhi, at Kamakshi Medu in field",Uttaramerur,Kanchipuram,,Vettaiveli,Non-Functional,"Remote, in field at Kamakshi Medu","There are many Shivalinga Thirumenis outside the cut in Uttaramerur circle.The details of the village where they are located, contact persons, and photographs are given. Kadammangalam There is only Shiva Lingam Nandi.There is a pond nearby. There is no worship here.Contact Mr. Rajavelu-9443642255, Prem Kumar-9600447525.Uttaramerur is 7 km from here. Ammaiyappanallur There are only Shivalingam and Nandi.A dry pond is nearby.Contact Mr. Natarajapillai-9444569093 Pooja No.Uttaramerur 5 Kms. Addition Shiva Lingam, Nandi, Bali Peedam.There are Ambal idols.Only one brick wall remains in a dilapidated state.A statue of Jain Tirthankar is seen on the side.No pooja.Contact Mr. Rajavelu-9443642255.Uttaramerur is 10 km from here. Driving Only one Shiva Lingam is found here.No puja is performed here.Contact Mr. Jagannathan 9600838837 Uthramerur -Vantavasi should board the bus and get off at Arasani Mangalam stop.Uttaramerur 8 km. Athiyur - top dust Only one Shiva Lingam is found in this village.No other details are known.Contact Mr. Perumal-9444238856, Mr. Raghavan-9786860103. Uttaramerur is 8 km from here. Athiyur Here a Shivalinga is seen buried in the earth in a reclining position.There is a temple pond.Contact Mr Murali-9787179669, Mr Venkatesan-9382854336. Pulipakkam This Shivalayam is found in a very pathetic condition between the houses in the middle of this village.No tower.No roof.No building.All that exists is the linga form of Eason.and Durga, Sun, Nandi.Everything is cut outside.Thirukulam is found nearby.Black pillars, and stones everywhere.He will not perform puja.Contact Mr. Damodaran 9626642494. Pulipakkam village is on branch road where Ramco Cement Company is located on Chengalputtu Uttaramerur Road. Buliyur Very old.Shivlingam Nandi only.Cut outside There areTirunam Sri Mahadev.Large pot shape.Pujas are held twice.Mr. Poorasasamiyar-9444325304, Mr. Eyumalai 9789769939. Chennai- Ellapakkam 104,, Kanchipuram- Acharappakkam bus.4 km from Uthiramerur. Forest killing The Lord is seen outside the village in the form of a large pan.No other divine forms were found..Mr. Krishnamurthy, who was suffering from mental illness, visited the Lord here for several days and is now in a good condition.Puja takes place.Mr. Krishnamurthy 9626126057, and Mr. Devarajan 9381134666. Bus Uttaramerur-Vedanthangal, Uttaramerur-Ditalam. Factor Shiva Eason has a temple in a clearing outside the town in a quiet environment in a village called Phakar located on the Kanchipuram Uthramerur (route Manampathi) road.The name of the Lord is not known.There are traces of an earlier temple.Villagers perform pooja to Lord on Pradosha.They light the lamp every day.Villagers have come forward to build a temple soon.The Bala Temple will be built on the 8th of the coming month of Karthikai (24-11-14).This factor village is 7 km from Uttaramerur.Bus Stand Factor Mandapam.1 km from here.Temple.Contact Mr. Subramani 9629388949, Mr. Adhimoolam 9445273202, 9629072025 Mr. Devan 9444367877 Somanathapuram This town has only the most ancient Ganesha, an Audaiyar and Nandi.Contact Mr. Perumal-9047675291.. Uttara Merur is 2 km from here. build up Here a Shivalingam is found under a tree.The temple pool has become short.Contact Mr. Arumuga Mudaliar-9751167167.It is on Chengalpattu-Uttamerur road. Nallur Shiva Wada is about 1 km after Nallur village.A Shivlingam is found in the middle of a field in the distant village of Nallur.A statue of Brahma Devar is also found nearby.A broken statue of Nandi is on a mound nearby.Contact Mr Muralitharan (94455 75380) Perungozhi Shiva The village Perungozhi is 1 km south of Sirukozhi village.Located far away.A single drink is found in a field at a place called Kamakshi Medu.Contact Mr Muralitharan (9445575380 Pandavkam Shiv Lingam outside cut.There is no worship. Two trees Very dilapidated temple.. Puja takes place.There are only Shiva shrines and Nandi. Murukeri The temple is completely absent and only the Poi Nagar statue remains.There is a pond nearby.Uttaramerur 5 KM. Aarasanipalayam There is a Shiva lingam outside the cut.Uttaramerur 6 KM. Vialathur There is only Shiva Lingam. Balechwaram Only Shiva Lingam and Nandi are outside the cut. Vending There is a Shivalingam in the temple of the village deity of the village. It is a very ancient place. Arumbuliyur There is a Shiva Lingam on the western bank of the village pond.To emerge from the earth. Wayalakavur The Sivalingam found in Seyyar is placed near the Chelliyamman temple.Another one is located near Periyandavar temple Vailur From Uttaramerur"
103,57,Roofless Temples In Uthiramerur Bock,Pandavkam Shiva Temple,Shiv Lingam,Pandavkam village,Uttaramerur,Kanchipuram,,Vettaiveli,Non-Functional,"Outside cut, no worship","There are many Shivalinga Thirumenis outside the cut in Uttaramerur circle.The details of the village where they are located, contact persons, and photographs are given. Kadammangalam There is only Shiva Lingam Nandi.There is a pond nearby. There is no worship here.Contact Mr. Rajavelu-9443642255, Prem Kumar-9600447525.Uttaramerur is 7 km from here. Ammaiyappanallur There are only Shivalingam and Nandi.A dry pond is nearby.Contact Mr. Natarajapillai-9444569093 Pooja No.Uttaramerur 5 Kms. Addition Shiva Lingam, Nandi, Bali Peedam.There are Ambal idols.Only one brick wall remains in a dilapidated state.A statue of Jain Tirthankar is seen on the side.No pooja.Contact Mr. Rajavelu-9443642255.Uttaramerur is 10 km from here. Driving Only one Shiva Lingam is found here.No puja is performed here.Contact Mr. Jagannathan 9600838837 Uthramerur -Vantavasi should board the bus and get off at Arasani Mangalam stop.Uttaramerur 8 km. Athiyur - top dust Only one Shiva Lingam is found in this village.No other details are known.Contact Mr. Perumal-9444238856, Mr. Raghavan-9786860103. Uttaramerur is 8 km from here. Athiyur Here a Shivalinga is seen buried in the earth in a reclining position.There is a temple pond.Contact Mr Murali-9787179669, Mr Venkatesan-9382854336. Pulipakkam This Shivalayam is found in a very pathetic condition between the houses in the middle of this village.No tower.No roof.No building.All that exists is the linga form of Eason.and Durga, Sun, Nandi.Everything is cut outside.Thirukulam is found nearby.Black pillars, and stones everywhere.He will not perform puja.Contact Mr. Damodaran 9626642494. Pulipakkam village is on branch road where Ramco Cement Company is located on Chengalputtu Uttaramerur Road. Buliyur Very old.Shivlingam Nandi only.Cut outside There areTirunam Sri Mahadev.Large pot shape.Pujas are held twice.Mr. Poorasasamiyar-9444325304, Mr. Eyumalai 9789769939. Chennai- Ellapakkam 104,, Kanchipuram- Acharappakkam bus.4 km from Uthiramerur. Forest killing The Lord is seen outside the village in the form of a large pan.No other divine forms were found..Mr. Krishnamurthy, who was suffering from mental illness, visited the Lord here for several days and is now in a good condition.Puja takes place.Mr. Krishnamurthy 9626126057, and Mr. Devarajan 9381134666. Bus Uttaramerur-Vedanthangal, Uttaramerur-Ditalam. Factor Shiva Eason has a temple in a clearing outside the town in a quiet environment in a village called Phakar located on the Kanchipuram Uthramerur (route Manampathi) road.The name of the Lord is not known.There are traces of an earlier temple.Villagers perform pooja to Lord on Pradosha.They light the lamp every day.Villagers have come forward to build a temple soon.The Bala Temple will be built on the 8th of the coming month of Karthikai (24-11-14).This factor village is 7 km from Uttaramerur.Bus Stand Factor Mandapam.1 km from here.Temple.Contact Mr. Subramani 9629388949, Mr. Adhimoolam 9445273202, 9629072025 Mr. Devan 9444367877 Somanathapuram This town has only the most ancient Ganesha, an Audaiyar and Nandi.Contact Mr. Perumal-9047675291.. Uttara Merur is 2 km from here. build up Here a Shivalingam is found under a tree.The temple pool has become short.Contact Mr. Arumuga Mudaliar-9751167167.It is on Chengalpattu-Uttamerur road. Nallur Shiva Wada is about 1 km after Nallur village.A Shivlingam is found in the middle of a field in the distant village of Nallur.A statue of Brahma Devar is also found nearby.A broken statue of Nandi is on a mound nearby.Contact Mr Muralitharan (94455 75380) Perungozhi Shiva The village Perungozhi is 1 km south of Sirukozhi village.Located far away.A single drink is found in a field at a place called Kamakshi Medu.Contact Mr Muralitharan (9445575380 Pandavkam Shiv Lingam outside cut.There is no worship. Two trees Very dilapidated temple.. Puja takes place.There are only Shiva shrines and Nandi. Murukeri The temple is completely absent and only the Poi Nagar statue remains.There is a pond nearby.Uttaramerur 5 KM. Aarasanipalayam There is a Shiva lingam outside the cut.Uttaramerur 6 KM. Vialathur There is only Shiva Lingam. Balechwaram Only Shiva Lingam and Nandi are outside the cut. Vending There is a Shivalingam in the temple of the village deity of the village. It is a very ancient place. Arumbuliyur There is a Shiva Lingam on the western bank of the village pond.To emerge from the earth. Wayalakavur The Sivalingam found in Seyyar is placed near the Chelliyamman temple.Another one is located near Periyandavar temple Vailur From Uttaramerur"
104,57,Roofless Temples In Uthiramerur Bock,Two Trees Shiva Temple,"Shiva shrines, Nandi",Two Trees area,Uttaramerur,Kanchipuram,,Dilapidated,Functional,Very dilapidated but puja takes place,"There are many Shivalinga Thirumenis outside the cut in Uttaramerur circle.The details of the village where they are located, contact persons, and photographs are given. Kadammangalam There is only Shiva Lingam Nandi.There is a pond nearby. There is no worship here.Contact Mr. Rajavelu-9443642255, Prem Kumar-9600447525.Uttaramerur is 7 km from here. Ammaiyappanallur There are only Shivalingam and Nandi.A dry pond is nearby.Contact Mr. Natarajapillai-9444569093 Pooja No.Uttaramerur 5 Kms. Addition Shiva Lingam, Nandi, Bali Peedam.There are Ambal idols.Only one brick wall remains in a dilapidated state.A statue of Jain Tirthankar is seen on the side.No pooja.Contact Mr. Rajavelu-9443642255.Uttaramerur is 10 km from here. Driving Only one Shiva Lingam is found here.No puja is performed here.Contact Mr. Jagannathan 9600838837 Uthramerur -Vantavasi should board the bus and get off at Arasani Mangalam stop.Uttaramerur 8 km. Athiyur - top dust Only one Shiva Lingam is found in this village.No other details are known.Contact Mr. Perumal-9444238856, Mr. Raghavan-9786860103. Uttaramerur is 8 km from here. Athiyur Here a Shivalinga is seen buried in the earth in a reclining position.There is a temple pond.Contact Mr Murali-9787179669, Mr Venkatesan-9382854336. Pulipakkam This Shivalayam is found in a very pathetic condition between the houses in the middle of this village.No tower.No roof.No building.All that exists is the linga form of Eason.and Durga, Sun, Nandi.Everything is cut outside.Thirukulam is found nearby.Black pillars, and stones everywhere.He will not perform puja.Contact Mr. Damodaran 9626642494. Pulipakkam village is on branch road where Ramco Cement Company is located on Chengalputtu Uttaramerur Road. Buliyur Very old.Shivlingam Nandi only.Cut outside There areTirunam Sri Mahadev.Large pot shape.Pujas are held twice.Mr. Poorasasamiyar-9444325304, Mr. Eyumalai 9789769939. Chennai- Ellapakkam 104,, Kanchipuram- Acharappakkam bus.4 km from Uthiramerur. Forest killing The Lord is seen outside the village in the form of a large pan.No other divine forms were found..Mr. Krishnamurthy, who was suffering from mental illness, visited the Lord here for several days and is now in a good condition.Puja takes place.Mr. Krishnamurthy 9626126057, and Mr. Devarajan 9381134666. Bus Uttaramerur-Vedanthangal, Uttaramerur-Ditalam. Factor Shiva Eason has a temple in a clearing outside the town in a quiet environment in a village called Phakar located on the Kanchipuram Uthramerur (route Manampathi) road.The name of the Lord is not known.There are traces of an earlier temple.Villagers perform pooja to Lord on Pradosha.They light the lamp every day.Villagers have come forward to build a temple soon.The Bala Temple will be built on the 8th of the coming month of Karthikai (24-11-14).This factor village is 7 km from Uttaramerur.Bus Stand Factor Mandapam.1 km from here.Temple.Contact Mr. Subramani 9629388949, Mr. Adhimoolam 9445273202, 9629072025 Mr. Devan 9444367877 Somanathapuram This town has only the most ancient Ganesha, an Audaiyar and Nandi.Contact Mr. Perumal-9047675291.. Uttara Merur is 2 km from here. build up Here a Shivalingam is found under a tree.The temple pool has become short.Contact Mr. Arumuga Mudaliar-9751167167.It is on Chengalpattu-Uttamerur road. Nallur Shiva Wada is about 1 km after Nallur village.A Shivlingam is found in the middle of a field in the distant village of Nallur.A statue of Brahma Devar is also found nearby.A broken statue of Nandi is on a mound nearby.Contact Mr Muralitharan (94455 75380) Perungozhi Shiva The village Perungozhi is 1 km south of Sirukozhi village.Located far away.A single drink is found in a field at a place called Kamakshi Medu.Contact Mr Muralitharan (9445575380 Pandavkam Shiv Lingam outside cut.There is no worship. Two trees Very dilapidated temple.. Puja takes place.There are only Shiva shrines and Nandi. Murukeri The temple is completely absent and only the Poi Nagar statue remains.There is a pond nearby.Uttaramerur 5 KM. Aarasanipalayam There is a Shiva lingam outside the cut.Uttaramerur 6 KM. Vialathur There is only Shiva Lingam. Balechwaram Only Shiva Lingam and Nandi are outside the cut. Vending There is a Shivalingam in the temple of the village deity of the village. It is a very ancient place. Arumbuliyur There is a Shiva Lingam on the western bank of the village pond.To emerge from the earth. Wayalakavur The Sivalingam found in Seyyar is placed near the Chelliyamman temple.Another one is located near Periyandavar temple Vailur From Uttaramerur"
105,57,Roofless Temples In Uthiramerur Bock,Murukeri Temple,Poi Nagar statue,Murukeri village,Uttaramerur,Kanchipuram,,Vettaiveli,Non-Functional,"5 km from Uttaramerur, pond nearby","There are many Shivalinga Thirumenis outside the cut in Uttaramerur circle.The details of the village where they are located, contact persons, and photographs are given. Kadammangalam There is only Shiva Lingam Nandi.There is a pond nearby. There is no worship here.Contact Mr. Rajavelu-9443642255, Prem Kumar-9600447525.Uttaramerur is 7 km from here. Ammaiyappanallur There are only Shivalingam and Nandi.A dry pond is nearby.Contact Mr. Natarajapillai-9444569093 Pooja No.Uttaramerur 5 Kms. Addition Shiva Lingam, Nandi, Bali Peedam.There are Ambal idols.Only one brick wall remains in a dilapidated state.A statue of Jain Tirthankar is seen on the side.No pooja.Contact Mr. Rajavelu-9443642255.Uttaramerur is 10 km from here. Driving Only one Shiva Lingam is found here.No puja is performed here.Contact Mr. Jagannathan 9600838837 Uthramerur -Vantavasi should board the bus and get off at Arasani Mangalam stop.Uttaramerur 8 km. Athiyur - top dust Only one Shiva Lingam is found in this village.No other details are known.Contact Mr. Perumal-9444238856, Mr. Raghavan-9786860103. Uttaramerur is 8 km from here. Athiyur Here a Shivalinga is seen buried in the earth in a reclining position.There is a temple pond.Contact Mr Murali-9787179669, Mr Venkatesan-9382854336. Pulipakkam This Shivalayam is found in a very pathetic condition between the houses in the middle of this village.No tower.No roof.No building.All that exists is the linga form of Eason.and Durga, Sun, Nandi.Everything is cut outside.Thirukulam is found nearby.Black pillars, and stones everywhere.He will not perform puja.Contact Mr. Damodaran 9626642494. Pulipakkam village is on branch road where Ramco Cement Company is located on Chengalputtu Uttaramerur Road. Buliyur Very old.Shivlingam Nandi only.Cut outside There areTirunam Sri Mahadev.Large pot shape.Pujas are held twice.Mr. Poorasasamiyar-9444325304, Mr. Eyumalai 9789769939. Chennai- Ellapakkam 104,, Kanchipuram- Acharappakkam bus.4 km from Uthiramerur. Forest killing The Lord is seen outside the village in the form of a large pan.No other divine forms were found..Mr. Krishnamurthy, who was suffering from mental illness, visited the Lord here for several days and is now in a good condition.Puja takes place.Mr. Krishnamurthy 9626126057, and Mr. Devarajan 9381134666. Bus Uttaramerur-Vedanthangal, Uttaramerur-Ditalam. Factor Shiva Eason has a temple in a clearing outside the town in a quiet environment in a village called Phakar located on the Kanchipuram Uthramerur (route Manampathi) road.The name of the Lord is not known.There are traces of an earlier temple.Villagers perform pooja to Lord on Pradosha.They light the lamp every day.Villagers have come forward to build a temple soon.The Bala Temple will be built on the 8th of the coming month of Karthikai (24-11-14).This factor village is 7 km from Uttaramerur.Bus Stand Factor Mandapam.1 km from here.Temple.Contact Mr. Subramani 9629388949, Mr. Adhimoolam 9445273202, 9629072025 Mr. Devan 9444367877 Somanathapuram This town has only the most ancient Ganesha, an Audaiyar and Nandi.Contact Mr. Perumal-9047675291.. Uttara Merur is 2 km from here. build up Here a Shivalingam is found under a tree.The temple pool has become short.Contact Mr. Arumuga Mudaliar-9751167167.It is on Chengalpattu-Uttamerur road. Nallur Shiva Wada is about 1 km after Nallur village.A Shivlingam is found in the middle of a field in the distant village of Nallur.A statue of Brahma Devar is also found nearby.A broken statue of Nandi is on a mound nearby.Contact Mr Muralitharan (94455 75380) Perungozhi Shiva The village Perungozhi is 1 km south of Sirukozhi village.Located far away.A single drink is found in a field at a place called Kamakshi Medu.Contact Mr Muralitharan (9445575380 Pandavkam Shiv Lingam outside cut.There is no worship. Two trees Very dilapidated temple.. Puja takes place.There are only Shiva shrines and Nandi. Murukeri The temple is completely absent and only the Poi Nagar statue remains.There is a pond nearby.Uttaramerur 5 KM. Aarasanipalayam There is a Shiva lingam outside the cut.Uttaramerur 6 KM. Vialathur There is only Shiva Lingam. Balechwaram Only Shiva Lingam and Nandi are outside the cut. Vending There is a Shivalingam in the temple of the village deity of the village. It is a very ancient place. Arumbuliyur There is a Shiva Lingam on the western bank of the village pond.To emerge from the earth. Wayalakavur The Sivalingam found in Seyyar is placed near the Chelliyamman temple.Another one is located near Periyandavar temple Vailur From Uttaramerur"
106,57,Roofless Temples In Uthiramerur Bock,Aarasanipalayam Shiva Temple,Shiva lingam,Aarasanipalayam village,Uttaramerur,Kanchipuram,,Vettaiveli,Non-Functional,6 km from Uttaramerur,"There are many Shivalinga Thirumenis outside the cut in Uttaramerur circle.The details of the village where they are located, contact persons, and photographs are given. Kadammangalam There is only Shiva Lingam Nandi.There is a pond nearby. There is no worship here.Contact Mr. Rajavelu-9443642255, Prem Kumar-9600447525.Uttaramerur is 7 km from here. Ammaiyappanallur There are only Shivalingam and Nandi.A dry pond is nearby.Contact Mr. Natarajapillai-9444569093 Pooja No.Uttaramerur 5 Kms. Addition Shiva Lingam, Nandi, Bali Peedam.There are Ambal idols.Only one brick wall remains in a dilapidated state.A statue of Jain Tirthankar is seen on the side.No pooja.Contact Mr. Rajavelu-9443642255.Uttaramerur is 10 km from here. Driving Only one Shiva Lingam is found here.No puja is performed here.Contact Mr. Jagannathan 9600838837 Uthramerur -Vantavasi should board the bus and get off at Arasani Mangalam stop.Uttaramerur 8 km. Athiyur - top dust Only one Shiva Lingam is found in this village.No other details are known.Contact Mr. Perumal-9444238856, Mr. Raghavan-9786860103. Uttaramerur is 8 km from here. Athiyur Here a Shivalinga is seen buried in the earth in a reclining position.There is a temple pond.Contact Mr Murali-9787179669, Mr Venkatesan-9382854336. Pulipakkam This Shivalayam is found in a very pathetic condition between the houses in the middle of this village.No tower.No roof.No building.All that exists is the linga form of Eason.and Durga, Sun, Nandi.Everything is cut outside.Thirukulam is found nearby.Black pillars, and stones everywhere.He will not perform puja.Contact Mr. Damodaran 9626642494. Pulipakkam village is on branch road where Ramco Cement Company is located on Chengalputtu Uttaramerur Road. Buliyur Very old.Shivlingam Nandi only.Cut outside There areTirunam Sri Mahadev.Large pot shape.Pujas are held twice.Mr. Poorasasamiyar-9444325304, Mr. Eyumalai 9789769939. Chennai- Ellapakkam 104,, Kanchipuram- Acharappakkam bus.4 km from Uthiramerur. Forest killing The Lord is seen outside the village in the form of a large pan.No other divine forms were found..Mr. Krishnamurthy, who was suffering from mental illness, visited the Lord here for several days and is now in a good condition.Puja takes place.Mr. Krishnamurthy 9626126057, and Mr. Devarajan 9381134666. Bus Uttaramerur-Vedanthangal, Uttaramerur-Ditalam. Factor Shiva Eason has a temple in a clearing outside the town in a quiet environment in a village called Phakar located on the Kanchipuram Uthramerur (route Manampathi) road.The name of the Lord is not known.There are traces of an earlier temple.Villagers perform pooja to Lord on Pradosha.They light the lamp every day.Villagers have come forward to build a temple soon.The Bala Temple will be built on the 8th of the coming month of Karthikai (24-11-14).This factor village is 7 km from Uttaramerur.Bus Stand Factor Mandapam.1 km from here.Temple.Contact Mr. Subramani 9629388949, Mr. Adhimoolam 9445273202, 9629072025 Mr. Devan 9444367877 Somanathapuram This town has only the most ancient Ganesha, an Audaiyar and Nandi.Contact Mr. Perumal-9047675291.. Uttara Merur is 2 km from here. build up Here a Shivalingam is found under a tree.The temple pool has become short.Contact Mr. Arumuga Mudaliar-9751167167.It is on Chengalpattu-Uttamerur road. Nallur Shiva Wada is about 1 km after Nallur village.A Shivlingam is found in the middle of a field in the distant village of Nallur.A statue of Brahma Devar is also found nearby.A broken statue of Nandi is on a mound nearby.Contact Mr Muralitharan (94455 75380) Perungozhi Shiva The village Perungozhi is 1 km south of Sirukozhi village.Located far away.A single drink is found in a field at a place called Kamakshi Medu.Contact Mr Muralitharan (9445575380 Pandavkam Shiv Lingam outside cut.There is no worship. Two trees Very dilapidated temple.. Puja takes place.There are only Shiva shrines and Nandi. Murukeri The temple is completely absent and only the Poi Nagar statue remains.There is a pond nearby.Uttaramerur 5 KM. Aarasanipalayam There is a Shiva lingam outside the cut.Uttaramerur 6 KM. Vialathur There is only Shiva Lingam. Balechwaram Only Shiva Lingam and Nandi are outside the cut. Vending There is a Shivalingam in the temple of the village deity of the village. It is a very ancient place. Arumbuliyur There is a Shiva Lingam on the western bank of the village pond.To emerge from the earth. Wayalakavur The Sivalingam found in Seyyar is placed near the Chelliyamman temple.Another one is located near Periyandavar temple Vailur From Uttaramerur"
107,57,Roofless Temples In Uthiramerur Bock,Vialathur Shiva Temple,Shiva Lingam,Vialathur village,Uttaramerur,Kanchipuram,,Vettaiveli,Non-Functional,Near Uttaramerur,"There are many Shivalinga Thirumenis outside the cut in Uttaramerur circle.The details of the village where they are located, contact persons, and photographs are given. Kadammangalam There is only Shiva Lingam Nandi.There is a pond nearby. There is no worship here.Contact Mr. Rajavelu-9443642255, Prem Kumar-9600447525.Uttaramerur is 7 km from here. Ammaiyappanallur There are only Shivalingam and Nandi.A dry pond is nearby.Contact Mr. Natarajapillai-9444569093 Pooja No.Uttaramerur 5 Kms. Addition Shiva Lingam, Nandi, Bali Peedam.There are Ambal idols.Only one brick wall remains in a dilapidated state.A statue of Jain Tirthankar is seen on the side.No pooja.Contact Mr. Rajavelu-9443642255.Uttaramerur is 10 km from here. Driving Only one Shiva Lingam is found here.No puja is performed here.Contact Mr. Jagannathan 9600838837 Uthramerur -Vantavasi should board the bus and get off at Arasani Mangalam stop.Uttaramerur 8 km. Athiyur - top dust Only one Shiva Lingam is found in this village.No other details are known.Contact Mr. Perumal-9444238856, Mr. Raghavan-9786860103. Uttaramerur is 8 km from here. Athiyur Here a Shivalinga is seen buried in the earth in a reclining position.There is a temple pond.Contact Mr Murali-9787179669, Mr Venkatesan-9382854336. Pulipakkam This Shivalayam is found in a very pathetic condition between the houses in the middle of this village.No tower.No roof.No building.All that exists is the linga form of Eason.and Durga, Sun, Nandi.Everything is cut outside.Thirukulam is found nearby.Black pillars, and stones everywhere.He will not perform puja.Contact Mr. Damodaran 9626642494. Pulipakkam village is on branch road where Ramco Cement Company is located on Chengalputtu Uttaramerur Road. Buliyur Very old.Shivlingam Nandi only.Cut outside There areTirunam Sri Mahadev.Large pot shape.Pujas are held twice.Mr. Poorasasamiyar-9444325304, Mr. Eyumalai 9789769939. Chennai- Ellapakkam 104,, Kanchipuram- Acharappakkam bus.4 km from Uthiramerur. Forest killing The Lord is seen outside the village in the form of a large pan.No other divine forms were found..Mr. Krishnamurthy, who was suffering from mental illness, visited the Lord here for several days and is now in a good condition.Puja takes place.Mr. Krishnamurthy 9626126057, and Mr. Devarajan 9381134666. Bus Uttaramerur-Vedanthangal, Uttaramerur-Ditalam. Factor Shiva Eason has a temple in a clearing outside the town in a quiet environment in a village called Phakar located on the Kanchipuram Uthramerur (route Manampathi) road.The name of the Lord is not known.There are traces of an earlier temple.Villagers perform pooja to Lord on Pradosha.They light the lamp every day.Villagers have come forward to build a temple soon.The Bala Temple will be built on the 8th of the coming month of Karthikai (24-11-14).This factor village is 7 km from Uttaramerur.Bus Stand Factor Mandapam.1 km from here.Temple.Contact Mr. Subramani 9629388949, Mr. Adhimoolam 9445273202, 9629072025 Mr. Devan 9444367877 Somanathapuram This town has only the most ancient Ganesha, an Audaiyar and Nandi.Contact Mr. Perumal-9047675291.. Uttara Merur is 2 km from here. build up Here a Shivalingam is found under a tree.The temple pool has become short.Contact Mr. Arumuga Mudaliar-9751167167.It is on Chengalpattu-Uttamerur road. Nallur Shiva Wada is about 1 km after Nallur village.A Shivlingam is found in the middle of a field in the distant village of Nallur.A statue of Brahma Devar is also found nearby.A broken statue of Nandi is on a mound nearby.Contact Mr Muralitharan (94455 75380) Perungozhi Shiva The village Perungozhi is 1 km south of Sirukozhi village.Located far away.A single drink is found in a field at a place called Kamakshi Medu.Contact Mr Muralitharan (9445575380 Pandavkam Shiv Lingam outside cut.There is no worship. Two trees Very dilapidated temple.. Puja takes place.There are only Shiva shrines and Nandi. Murukeri The temple is completely absent and only the Poi Nagar statue remains.There is a pond nearby.Uttaramerur 5 KM. Aarasanipalayam There is a Shiva lingam outside the cut.Uttaramerur 6 KM. Vialathur There is only Shiva Lingam. Balechwaram Only Shiva Lingam and Nandi are outside the cut. Vending There is a Shivalingam in the temple of the village deity of the village. It is a very ancient place. Arumbuliyur There is a Shiva Lingam on the western bank of the village pond.To emerge from the earth. Wayalakavur The Sivalingam found in Seyyar is placed near the Chelliyamman temple.Another one is located near Periyandavar temple Vailur From Uttaramerur"
108,57,Roofless Temples In Uthiramerur Bock,Balechwaram Shiva Temple,"Shiva Lingam, Nandi",Balechwaram village,Uttaramerur,Kanchipuram,,Vettaiveli,Non-Functional,Outside cut,"There are many Shivalinga Thirumenis outside the cut in Uttaramerur circle.The details of the village where they are located, contact persons, and photographs are given. Kadammangalam There is only Shiva Lingam Nandi.There is a pond nearby. There is no worship here.Contact Mr. Rajavelu-9443642255, Prem Kumar-9600447525.Uttaramerur is 7 km from here. Ammaiyappanallur There are only Shivalingam and Nandi.A dry pond is nearby.Contact Mr. Natarajapillai-9444569093 Pooja No.Uttaramerur 5 Kms. Addition Shiva Lingam, Nandi, Bali Peedam.There are Ambal idols.Only one brick wall remains in a dilapidated state.A statue of Jain Tirthankar is seen on the side.No pooja.Contact Mr. Rajavelu-9443642255.Uttaramerur is 10 km from here. Driving Only one Shiva Lingam is found here.No puja is performed here.Contact Mr. Jagannathan 9600838837 Uthramerur -Vantavasi should board the bus and get off at Arasani Mangalam stop.Uttaramerur 8 km. Athiyur - top dust Only one Shiva Lingam is found in this village.No other details are known.Contact Mr. Perumal-9444238856, Mr. Raghavan-9786860103. Uttaramerur is 8 km from here. Athiyur Here a Shivalinga is seen buried in the earth in a reclining position.There is a temple pond.Contact Mr Murali-9787179669, Mr Venkatesan-9382854336. Pulipakkam This Shivalayam is found in a very pathetic condition between the houses in the middle of this village.No tower.No roof.No building.All that exists is the linga form of Eason.and Durga, Sun, Nandi.Everything is cut outside.Thirukulam is found nearby.Black pillars, and stones everywhere.He will not perform puja.Contact Mr. Damodaran 9626642494. Pulipakkam village is on branch road where Ramco Cement Company is located on Chengalputtu Uttaramerur Road. Buliyur Very old.Shivlingam Nandi only.Cut outside There areTirunam Sri Mahadev.Large pot shape.Pujas are held twice.Mr. Poorasasamiyar-9444325304, Mr. Eyumalai 9789769939. Chennai- Ellapakkam 104,, Kanchipuram- Acharappakkam bus.4 km from Uthiramerur. Forest killing The Lord is seen outside the village in the form of a large pan.No other divine forms were found..Mr. Krishnamurthy, who was suffering from mental illness, visited the Lord here for several days and is now in a good condition.Puja takes place.Mr. Krishnamurthy 9626126057, and Mr. Devarajan 9381134666. Bus Uttaramerur-Vedanthangal, Uttaramerur-Ditalam. Factor Shiva Eason has a temple in a clearing outside the town in a quiet environment in a village called Phakar located on the Kanchipuram Uthramerur (route Manampathi) road.The name of the Lord is not known.There are traces of an earlier temple.Villagers perform pooja to Lord on Pradosha.They light the lamp every day.Villagers have come forward to build a temple soon.The Bala Temple will be built on the 8th of the coming month of Karthikai (24-11-14).This factor village is 7 km from Uttaramerur.Bus Stand Factor Mandapam.1 km from here.Temple.Contact Mr. Subramani 9629388949, Mr. Adhimoolam 9445273202, 9629072025 Mr. Devan 9444367877 Somanathapuram This town has only the most ancient Ganesha, an Audaiyar and Nandi.Contact Mr. Perumal-9047675291.. Uttara Merur is 2 km from here. build up Here a Shivalingam is found under a tree.The temple pool has become short.Contact Mr. Arumuga Mudaliar-9751167167.It is on Chengalpattu-Uttamerur road. Nallur Shiva Wada is about 1 km after Nallur village.A Shivlingam is found in the middle of a field in the distant village of Nallur.A statue of Brahma Devar is also found nearby.A broken statue of Nandi is on a mound nearby.Contact Mr Muralitharan (94455 75380) Perungozhi Shiva The village Perungozhi is 1 km south of Sirukozhi village.Located far away.A single drink is found in a field at a place called Kamakshi Medu.Contact Mr Muralitharan (9445575380 Pandavkam Shiv Lingam outside cut.There is no worship. Two trees Very dilapidated temple.. Puja takes place.There are only Shiva shrines and Nandi. Murukeri The temple is completely absent and only the Poi Nagar statue remains.There is a pond nearby.Uttaramerur 5 KM. Aarasanipalayam There is a Shiva lingam outside the cut.Uttaramerur 6 KM. Vialathur There is only Shiva Lingam. Balechwaram Only Shiva Lingam and Nandi are outside the cut. Vending There is a Shivalingam in the temple of the village deity of the village. It is a very ancient place. Arumbuliyur There is a Shiva Lingam on the western bank of the village pond.To emerge from the earth. Wayalakavur The Sivalingam found in Seyyar is placed near the Chelliyamman temple.Another one is located near Periyandavar temple Vailur From Uttaramerur"
109,57,Roofless Temples In Uthiramerur Bock,Vending Village Deity Temple,Shivalingam (in village deity temple),Vending village,Uttaramerur,Kanchipuram,,Intact,Functional,"Very ancient place, within village deity temple","There are many Shivalinga Thirumenis outside the cut in Uttaramerur circle.The details of the village where they are located, contact persons, and photographs are given. Kadammangalam There is only Shiva Lingam Nandi.There is a pond nearby. There is no worship here.Contact Mr. Rajavelu-9443642255, Prem Kumar-9600447525.Uttaramerur is 7 km from here. Ammaiyappanallur There are only Shivalingam and Nandi.A dry pond is nearby.Contact Mr. Natarajapillai-9444569093 Pooja No.Uttaramerur 5 Kms. Addition Shiva Lingam, Nandi, Bali Peedam.There are Ambal idols.Only one brick wall remains in a dilapidated state.A statue of Jain Tirthankar is seen on the side.No pooja.Contact Mr. Rajavelu-9443642255.Uttaramerur is 10 km from here. Driving Only one Shiva Lingam is found here.No puja is performed here.Contact Mr. Jagannathan 9600838837 Uthramerur -Vantavasi should board the bus and get off at Arasani Mangalam stop.Uttaramerur 8 km. Athiyur - top dust Only one Shiva Lingam is found in this village.No other details are known.Contact Mr. Perumal-9444238856, Mr. Raghavan-9786860103. Uttaramerur is 8 km from here. Athiyur Here a Shivalinga is seen buried in the earth in a reclining position.There is a temple pond.Contact Mr Murali-9787179669, Mr Venkatesan-9382854336. Pulipakkam This Shivalayam is found in a very pathetic condition between the houses in the middle of this village.No tower.No roof.No building.All that exists is the linga form of Eason.and Durga, Sun, Nandi.Everything is cut outside.Thirukulam is found nearby.Black pillars, and stones everywhere.He will not perform puja.Contact Mr. Damodaran 9626642494. Pulipakkam village is on branch road where Ramco Cement Company is located on Chengalputtu Uttaramerur Road. Buliyur Very old.Shivlingam Nandi only.Cut outside There areTirunam Sri Mahadev.Large pot shape.Pujas are held twice.Mr. Poorasasamiyar-9444325304, Mr. Eyumalai 9789769939. Chennai- Ellapakkam 104,, Kanchipuram- Acharappakkam bus.4 km from Uthiramerur. Forest killing The Lord is seen outside the village in the form of a large pan.No other divine forms were found..Mr. Krishnamurthy, who was suffering from mental illness, visited the Lord here for several days and is now in a good condition.Puja takes place.Mr. Krishnamurthy 9626126057, and Mr. Devarajan 9381134666. Bus Uttaramerur-Vedanthangal, Uttaramerur-Ditalam. Factor Shiva Eason has a temple in a clearing outside the town in a quiet environment in a village called Phakar located on the Kanchipuram Uthramerur (route Manampathi) road.The name of the Lord is not known.There are traces of an earlier temple.Villagers perform pooja to Lord on Pradosha.They light the lamp every day.Villagers have come forward to build a temple soon.The Bala Temple will be built on the 8th of the coming month of Karthikai (24-11-14).This factor village is 7 km from Uttaramerur.Bus Stand Factor Mandapam.1 km from here.Temple.Contact Mr. Subramani 9629388949, Mr. Adhimoolam 9445273202, 9629072025 Mr. Devan 9444367877 Somanathapuram This town has only the most ancient Ganesha, an Audaiyar and Nandi.Contact Mr. Perumal-9047675291.. Uttara Merur is 2 km from here. build up Here a Shivalingam is found under a tree.The temple pool has become short.Contact Mr. Arumuga Mudaliar-9751167167.It is on Chengalpattu-Uttamerur road. Nallur Shiva Wada is about 1 km after Nallur village.A Shivlingam is found in the middle of a field in the distant village of Nallur.A statue of Brahma Devar is also found nearby.A broken statue of Nandi is on a mound nearby.Contact Mr Muralitharan (94455 75380) Perungozhi Shiva The village Perungozhi is 1 km south of Sirukozhi village.Located far away.A single drink is found in a field at a place called Kamakshi Medu.Contact Mr Muralitharan (9445575380 Pandavkam Shiv Lingam outside cut.There is no worship. Two trees Very dilapidated temple.. Puja takes place.There are only Shiva shrines and Nandi. Murukeri The temple is completely absent and only the Poi Nagar statue remains.There is a pond nearby.Uttaramerur 5 KM. Aarasanipalayam There is a Shiva lingam outside the cut.Uttaramerur 6 KM. Vialathur There is only Shiva Lingam. Balechwaram Only Shiva Lingam and Nandi are outside the cut. Vending There is a Shivalingam in the temple of the village deity of the village. It is a very ancient place. Arumbuliyur There is a Shiva Lingam on the western bank of the village pond.To emerge from the earth. Wayalakavur The Sivalingam found in Seyyar is placed near the Chelliyamman temple.Another one is located near Periyandavar temple Vailur From Uttaramerur"
110,57,Roofless Temples In Uthiramerur Bock,Arumbuliyur Shiva Temple,Shiva Lingam,"Arumbuliyur village, western bank of village pond",Uttaramerur,Kanchipuram,,Vettaiveli,Non-Functional,"On pond bank, emerging from earth","There are many Shivalinga Thirumenis outside the cut in Uttaramerur circle.The details of the village where they are located, contact persons, and photographs are given. Kadammangalam There is only Shiva Lingam Nandi.There is a pond nearby. There is no worship here.Contact Mr. Rajavelu-9443642255, Prem Kumar-9600447525.Uttaramerur is 7 km from here. Ammaiyappanallur There are only Shivalingam and Nandi.A dry pond is nearby.Contact Mr. Natarajapillai-9444569093 Pooja No.Uttaramerur 5 Kms. Addition Shiva Lingam, Nandi, Bali Peedam.There are Ambal idols.Only one brick wall remains in a dilapidated state.A statue of Jain Tirthankar is seen on the side.No pooja.Contact Mr. Rajavelu-9443642255.Uttaramerur is 10 km from here. Driving Only one Shiva Lingam is found here.No puja is performed here.Contact Mr. Jagannathan 9600838837 Uthramerur -Vantavasi should board the bus and get off at Arasani Mangalam stop.Uttaramerur 8 km. Athiyur - top dust Only one Shiva Lingam is found in this village.No other details are known.Contact Mr. Perumal-9444238856, Mr. Raghavan-9786860103. Uttaramerur is 8 km from here. Athiyur Here a Shivalinga is seen buried in the earth in a reclining position.There is a temple pond.Contact Mr Murali-9787179669, Mr Venkatesan-9382854336. Pulipakkam This Shivalayam is found in a very pathetic condition between the houses in the middle of this village.No tower.No roof.No building.All that exists is the linga form of Eason.and Durga, Sun, Nandi.Everything is cut outside.Thirukulam is found nearby.Black pillars, and stones everywhere.He will not perform puja.Contact Mr. Damodaran 9626642494. Pulipakkam village is on branch road where Ramco Cement Company is located on Chengalputtu Uttaramerur Road. Buliyur Very old.Shivlingam Nandi only.Cut outside There areTirunam Sri Mahadev.Large pot shape.Pujas are held twice.Mr. Poorasasamiyar-9444325304, Mr. Eyumalai 9789769939. Chennai- Ellapakkam 104,, Kanchipuram- Acharappakkam bus.4 km from Uthiramerur. Forest killing The Lord is seen outside the village in the form of a large pan.No other divine forms were found..Mr. Krishnamurthy, who was suffering from mental illness, visited the Lord here for several days and is now in a good condition.Puja takes place.Mr. Krishnamurthy 9626126057, and Mr. Devarajan 9381134666. Bus Uttaramerur-Vedanthangal, Uttaramerur-Ditalam. Factor Shiva Eason has a temple in a clearing outside the town in a quiet environment in a village called Phakar located on the Kanchipuram Uthramerur (route Manampathi) road.The name of the Lord is not known.There are traces of an earlier temple.Villagers perform pooja to Lord on Pradosha.They light the lamp every day.Villagers have come forward to build a temple soon.The Bala Temple will be built on the 8th of the coming month of Karthikai (24-11-14).This factor village is 7 km from Uttaramerur.Bus Stand Factor Mandapam.1 km from here.Temple.Contact Mr. Subramani 9629388949, Mr. Adhimoolam 9445273202, 9629072025 Mr. Devan 9444367877 Somanathapuram This town has only the most ancient Ganesha, an Audaiyar and Nandi.Contact Mr. Perumal-9047675291.. Uttara Merur is 2 km from here. build up Here a Shivalingam is found under a tree.The temple pool has become short.Contact Mr. Arumuga Mudaliar-9751167167.It is on Chengalpattu-Uttamerur road. Nallur Shiva Wada is about 1 km after Nallur village.A Shivlingam is found in the middle of a field in the distant village of Nallur.A statue of Brahma Devar is also found nearby.A broken statue of Nandi is on a mound nearby.Contact Mr Muralitharan (94455 75380) Perungozhi Shiva The village Perungozhi is 1 km south of Sirukozhi village.Located far away.A single drink is found in a field at a place called Kamakshi Medu.Contact Mr Muralitharan (9445575380 Pandavkam Shiv Lingam outside cut.There is no worship. Two trees Very dilapidated temple.. Puja takes place.There are only Shiva shrines and Nandi. Murukeri The temple is completely absent and only the Poi Nagar statue remains.There is a pond nearby.Uttaramerur 5 KM. Aarasanipalayam There is a Shiva lingam outside the cut.Uttaramerur 6 KM. Vialathur There is only Shiva Lingam. Balechwaram Only Shiva Lingam and Nandi are outside the cut. Vending There is a Shivalingam in the temple of the village deity of the village. It is a very ancient place. Arumbuliyur There is a Shiva Lingam on the western bank of the village pond.To emerge from the earth. Wayalakavur The Sivalingam found in Seyyar is placed near the Chelliyamman temple.Another one is located near Periyandavar temple Vailur From Uttaramerur"
111,57,Roofless Temples In Uthiramerur Bock,Wayalakavur Shiva Temples,"Sivalingam (from Seyyar), another near Periyandavar temple","Wayalakavur village, near Chelliyamman temple and Periyandavar temple",Uttaramerur,Kanchipuram,,Vettaiveli,Non-Functional,Near existing temples in village,"There are many Shivalinga Thirumenis outside the cut in Uttaramerur circle.The details of the village where they are located, contact persons, and photographs are given. Kadammangalam There is only Shiva Lingam Nandi.There is a pond nearby. There is no worship here.Contact Mr. Rajavelu-9443642255, Prem Kumar-9600447525.Uttaramerur is 7 km from here. Ammaiyappanallur There are only Shivalingam and Nandi.A dry pond is nearby.Contact Mr. Natarajapillai-9444569093 Pooja No.Uttaramerur 5 Kms. Addition Shiva Lingam, Nandi, Bali Peedam.There are Ambal idols.Only one brick wall remains in a dilapidated state.A statue of Jain Tirthankar is seen on the side.No pooja.Contact Mr. Rajavelu-9443642255.Uttaramerur is 10 km from here. Driving Only one Shiva Lingam is found here.No puja is performed here.Contact Mr. Jagannathan 9600838837 Uthramerur -Vantavasi should board the bus and get off at Arasani Mangalam stop.Uttaramerur 8 km. Athiyur - top dust Only one Shiva Lingam is found in this village.No other details are known.Contact Mr. Perumal-9444238856, Mr. Raghavan-9786860103. Uttaramerur is 8 km from here. Athiyur Here a Shivalinga is seen buried in the earth in a reclining position.There is a temple pond.Contact Mr Murali-9787179669, Mr Venkatesan-9382854336. Pulipakkam This Shivalayam is found in a very pathetic condition between the houses in the middle of this village.No tower.No roof.No building.All that exists is the linga form of Eason.and Durga, Sun, Nandi.Everything is cut outside.Thirukulam is found nearby.Black pillars, and stones everywhere.He will not perform puja.Contact Mr. Damodaran 9626642494. Pulipakkam village is on branch road where Ramco Cement Company is located on Chengalputtu Uttaramerur Road. Buliyur Very old.Shivlingam Nandi only.Cut outside There areTirunam Sri Mahadev.Large pot shape.Pujas are held twice.Mr. Poorasasamiyar-9444325304, Mr. Eyumalai 9789769939. Chennai- Ellapakkam 104,, Kanchipuram- Acharappakkam bus.4 km from Uthiramerur. Forest killing The Lord is seen outside the village in the form of a large pan.No other divine forms were found..Mr. Krishnamurthy, who was suffering from mental illness, visited the Lord here for several days and is now in a good condition.Puja takes place.Mr. Krishnamurthy 9626126057, and Mr. Devarajan 9381134666. Bus Uttaramerur-Vedanthangal, Uttaramerur-Ditalam. Factor Shiva Eason has a temple in a clearing outside the town in a quiet environment in a village called Phakar located on the Kanchipuram Uthramerur (route Manampathi) road.The name of the Lord is not known.There are traces of an earlier temple.Villagers perform pooja to Lord on Pradosha.They light the lamp every day.Villagers have come forward to build a temple soon.The Bala Temple will be built on the 8th of the coming month of Karthikai (24-11-14).This factor village is 7 km from Uttaramerur.Bus Stand Factor Mandapam.1 km from here.Temple.Contact Mr. Subramani 9629388949, Mr. Adhimoolam 9445273202, 9629072025 Mr. Devan 9444367877 Somanathapuram This town has only the most ancient Ganesha, an Audaiyar and Nandi.Contact Mr. Perumal-9047675291.. Uttara Merur is 2 km from here. build up Here a Shivalingam is found under a tree.The temple pool has become short.Contact Mr. Arumuga Mudaliar-9751167167.It is on Chengalpattu-Uttamerur road. Nallur Shiva Wada is about 1 km after Nallur village.A Shivlingam is found in the middle of a field in the distant village of Nallur.A statue of Brahma Devar is also found nearby.A broken statue of Nandi is on a mound nearby.Contact Mr Muralitharan (94455 75380) Perungozhi Shiva The village Perungozhi is 1 km south of Sirukozhi village.Located far away.A single drink is found in a field at a place called Kamakshi Medu.Contact Mr Muralitharan (9445575380 Pandavkam Shiv Lingam outside cut.There is no worship. Two trees Very dilapidated temple.. Puja takes place.There are only Shiva shrines and Nandi. Murukeri The temple is completely absent and only the Poi Nagar statue remains.There is a pond nearby.Uttaramerur 5 KM. Aarasanipalayam There is a Shiva lingam outside the cut.Uttaramerur 6 KM. Vialathur There is only Shiva Lingam. Balechwaram Only Shiva Lingam and Nandi are outside the cut. Vending There is a Shivalingam in the temple of the village deity of the village. It is a very ancient place. Arumbuliyur There is a Shiva Lingam on the western bank of the village pond.To emerge from the earth. Wayalakavur The Sivalingam found in Seyyar is placed near the Chelliyamman temple.Another one is located near Periyandavar temple Vailur From Uttaramerur"
112,57,Roofless Temples In Uthiramerur Bock,Vailur Shiva Temple,Shiva Lingam,Vailur village,Uttaramerur,Kanchipuram,,Vettaiveli,Non-Functional,From Uttaramerur,"There are many Shivalinga Thirumenis outside the cut in Uttaramerur circle.The details of the village where they are located, contact persons, and photographs are given. Kadammangalam There is only Shiva Lingam Nandi.There is a pond nearby. There is no worship here.Contact Mr. Rajavelu-9443642255, Prem Kumar-9600447525.Uttaramerur is 7 km from here. Ammaiyappanallur There are only Shivalingam and Nandi.A dry pond is nearby.Contact Mr. Natarajapillai-9444569093 Pooja No.Uttaramerur 5 Kms. Addition Shiva Lingam, Nandi, Bali Peedam.There are Ambal idols.Only one brick wall remains in a dilapidated state.A statue of Jain Tirthankar is seen on the side.No pooja.Contact Mr. Rajavelu-9443642255.Uttaramerur is 10 km from here. Driving Only one Shiva Lingam is found here.No puja is performed here.Contact Mr. Jagannathan 9600838837 Uthramerur -Vantavasi should board the bus and get off at Arasani Mangalam stop.Uttaramerur 8 km. Athiyur - top dust Only one Shiva Lingam is found in this village.No other details are known.Contact Mr. Perumal-9444238856, Mr. Raghavan-9786860103. Uttaramerur is 8 km from here. Athiyur Here a Shivalinga is seen buried in the earth in a reclining position.There is a temple pond.Contact Mr Murali-9787179669, Mr Venkatesan-9382854336. Pulipakkam This Shivalayam is found in a very pathetic condition between the houses in the middle of this village.No tower.No roof.No building.All that exists is the linga form of Eason.and Durga, Sun, Nandi.Everything is cut outside.Thirukulam is found nearby.Black pillars, and stones everywhere.He will not perform puja.Contact Mr. Damodaran 9626642494. Pulipakkam village is on branch road where Ramco Cement Company is located on Chengalputtu Uttaramerur Road. Buliyur Very old.Shivlingam Nandi only.Cut outside There areTirunam Sri Mahadev.Large pot shape.Pujas are held twice.Mr. Poorasasamiyar-9444325304, Mr. Eyumalai 9789769939. Chennai- Ellapakkam 104,, Kanchipuram- Acharappakkam bus.4 km from Uthiramerur. Forest killing The Lord is seen outside the village in the form of a large pan.No other divine forms were found..Mr. Krishnamurthy, who was suffering from mental illness, visited the Lord here for several days and is now in a good condition.Puja takes place.Mr. Krishnamurthy 9626126057, and Mr. Devarajan 9381134666. Bus Uttaramerur-Vedanthangal, Uttaramerur-Ditalam. Factor Shiva Eason has a temple in a clearing outside the town in a quiet environment in a village called Phakar located on the Kanchipuram Uthramerur (route Manampathi) road.The name of the Lord is not known.There are traces of an earlier temple.Villagers perform pooja to Lord on Pradosha.They light the lamp every day.Villagers have come forward to build a temple soon.The Bala Temple will be built on the 8th of the coming month of Karthikai (24-11-14).This factor village is 7 km from Uttaramerur.Bus Stand Factor Mandapam.1 km from here.Temple.Contact Mr. Subramani 9629388949, Mr. Adhimoolam 9445273202, 9629072025 Mr. Devan 9444367877 Somanathapuram This town has only the most ancient Ganesha, an Audaiyar and Nandi.Contact Mr. Perumal-9047675291.. Uttara Merur is 2 km from here. build up Here a Shivalingam is found under a tree.The temple pool has become short.Contact Mr. Arumuga Mudaliar-9751167167.It is on Chengalpattu-Uttamerur road. Nallur Shiva Wada is about 1 km after Nallur village.A Shivlingam is found in the middle of a field in the distant village of Nallur.A statue of Brahma Devar is also found nearby.A broken statue of Nandi is on a mound nearby.Contact Mr Muralitharan (94455 75380) Perungozhi Shiva The village Perungozhi is 1 km south of Sirukozhi village.Located far away.A single drink is found in a field at a place called Kamakshi Medu.Contact Mr Muralitharan (9445575380 Pandavkam Shiv Lingam outside cut.There is no worship. Two trees Very dilapidated temple.. Puja takes place.There are only Shiva shrines and Nandi. Murukeri The temple is completely absent and only the Poi Nagar statue remains.There is a pond nearby.Uttaramerur 5 KM. Aarasanipalayam There is a Shiva lingam outside the cut.Uttaramerur 6 KM. Vialathur There is only Shiva Lingam. Balechwaram Only Shiva Lingam and Nandi are outside the cut. Vending There is a Shivalingam in the temple of the village deity of the village. It is a very ancient place. Arumbuliyur There is a Shiva Lingam on the western bank of the village pond.To emerge from the earth. Wayalakavur The Sivalingam found in Seyyar is placed near the Chelliyamman temple.Another one is located near Periyandavar temple Vailur From Uttaramerur"
113,58,Sri Kedhareeswarar Temple,Sri Kedhareeswarar Temple,,,,,,,,,""" ,"
114,59,Villivalam Temples,Muchanti Amman Temple,Muchanti Amman,Villivalam (ancient name: Rajendran Chola Nallur),Karukupettai,Kanchipuram,Veerakakanda Gopalan (1255 AD),Intact,Functional,"Well-connected, 1 km from Karukupettai on Walajahabad-Kanchipuram road","This village was known as Rajendran Chola Nallur in ancient days.Four temples were built at the same time in 1255 AD by a king named Veerakakanda Gopalan.They are Muchanti Amman Temple, Gangaikondeswarar Temple, Varadaraja Perumal Temple and Anjaneyar Temple. The Perumal here is Sri Devi Bhoodevi Sametha  Sri Varadaraja Perumal.Also there are idols of mother and baby.Now the temple has been repaired and is in good condition.A puja is held daily.Contact Mr. Shanmugasundara Gurus-9042381875. Near Perumal Temple is Sri Anjaneyar Temple.This Anjaneya is a good benefactor.Here also puja is performed on a daily basis. Get off at Karukupettai on Walajahabad-Kanchipuram road and drive about 1 km.If you pass through it you can reach the village of Villivalam."
115,59,Villivalam Temples,Gangaikondeswarar Temple,Gangaikondeswarar (Shiva),Villivalam (ancient name: Rajendran Chola Nallur),Karukupettai,Kanchipuram,Veerakakanda Gopalan (1255 AD),Intact,Functional,"Well-connected, 1 km from Karukupettai on Walajahabad-Kanchipuram road","This village was known as Rajendran Chola Nallur in ancient days.Four temples were built at the same time in 1255 AD by a king named Veerakakanda Gopalan.They are Muchanti Amman Temple, Gangaikondeswarar Temple, Varadaraja Perumal Temple and Anjaneyar Temple. The Perumal here is Sri Devi Bhoodevi Sametha  Sri Varadaraja Perumal.Also there are idols of mother and baby.Now the temple has been repaired and is in good condition.A puja is held daily.Contact Mr. Shanmugasundara Gurus-9042381875. Near Perumal Temple is Sri Anjaneyar Temple.This Anjaneya is a good benefactor.Here also puja is performed on a daily basis. Get off at Karukupettai on Walajahabad-Kanchipuram road and drive about 1 km.If you pass through it you can reach the village of Villivalam."
116,59,Villivalam Temples,Varadaraja Perumal Temple,"Sri Devi Bhoodevi Sametha Sri Varadaraja Perumal (Vishnu with consorts), mother and baby idols",Villivalam (ancient name: Rajendran Chola Nallur),Karukupettai,Kanchipuram,Veerakakanda Gopalan (1255 AD),Intact,Functional,"Well-connected, 1 km from Karukupettai on Walajahabad-Kanchipuram road","This village was known as Rajendran Chola Nallur in ancient days.Four temples were built at the same time in 1255 AD by a king named Veerakakanda Gopalan.They are Muchanti Amman Temple, Gangaikondeswarar Temple, Varadaraja Perumal Temple and Anjaneyar Temple. The Perumal here is Sri Devi Bhoodevi Sametha  Sri Varadaraja Perumal.Also there are idols of mother and baby.Now the temple has been repaired and is in good condition.A puja is held daily.Contact Mr. Shanmugasundara Gurus-9042381875. Near Perumal Temple is Sri Anjaneyar Temple.This Anjaneya is a good benefactor.Here also puja is performed on a daily basis. Get off at Karukupettai on Walajahabad-Kanchipuram road and drive about 1 km.If you pass through it you can reach the village of Villivalam."
117,59,Villivalam Temples,Anjaneyar Temple,Anjaneya (Hanuman),Villivalam (ancient name: Rajendran Chola Nallur),Karukupettai,Kanchipuram,Veerakakanda Gopalan (1255 AD),Intact,Functional,"Well-connected, 1 km from Karukupettai on Walajahabad-Kanchipuram road","This village was known as Rajendran Chola Nallur in ancient days.Four temples were built at the same time in 1255 AD by a king named Veerakakanda Gopalan.They are Muchanti Amman Temple, Gangaikondeswarar Temple, Varadaraja Perumal Temple and Anjaneyar Temple. The Perumal here is Sri Devi Bhoodevi Sametha  Sri Varadaraja Perumal.Also there are idols of mother and baby.Now the temple has been repaired and is in good condition.A puja is held daily.Contact Mr. Shanmugasundara Gurus-9042381875. Near Perumal Temple is Sri Anjaneyar Temple.This Anjaneya is a good benefactor.Here also puja is performed on a daily basis. Get off at Karukupettai on Walajahabad-Kanchipuram road and drive about 1 km.If you pass through it you can reach the village of Villivalam."
118,60,Siruvakkam Sivan Temple,Siruvakkam Sivan Temple,"Shiva (Shiva Lingam), Ambal","Koilchiruvakkam village, 12 km from Kanchi",Kanchi (Kanchipuram),Kanchipuram,,Intact,Functional,"Mini bus service available (Kanchi-Chiruvakkam route 87), located far from main town","Swami and Ambal are located in a small village called Koilchiruvakkam facing east.The village is 12 km from Kanchi.Located far away.Sri Jayendra Saraswati Swamy of Kanchisankarasari repaired this dilapidated temple and built a new one.Moolavar shows Shiva Lingam slightly tilted.A puja is performed daily.Two ponds are found.Contact Mr. Kumar-8098826782, Mr. Thanikaimalai-9788473598, Mr. Gunasekar-98650 07572. The mini bus that comes here is Kanchi-Chiruvakkam (87). A Shiva lingam is found in a clearing on Perumal Temple Street in this town."
119,61,Ozhayur Temples,"Shiva Temple, Odayur",Shiva,"Odayur village, on the bank of the lake",Kanchipuram (7 km),Kanchipuram district,,Dilapidated,Functional,"Take Kanchi-Singadivakkam bus to Mettur, then 1 km drive/walk","About 7 km from Kanchi.A small village called Odayur in the distance has an ancient temple and Perumal temple.The Shiva temple is on the bank of the lake.Swami's Tirunama is not known.A pot is found in the Artha Mandapam.Small temple.Nandi statue outside. Puja is held only on Fridays. The Perumal Temple here has Sri Lakshminarayana Perumal Temple.There is only Garuda.The temple is well maintained.Puja is held once a day.To reach here, take the Kanchi-Singadivakkam bus and get down at Mettur and drive for 1 km.To walk."
120,61,Ozhayur Temples,"Sri Lakshminarayana Perumal Temple, Odayur",Lakshminarayana Perumal,Odayur village,Kanchipuram (7 km),Kanchipuram district,,Intact,Functional,"Take Kanchi-Singadivakkam bus to Mettur, then 1 km drive/walk","About 7 km from Kanchi.A small village called Odayur in the distance has an ancient temple and Perumal temple.The Shiva temple is on the bank of the lake.Swami's Tirunama is not known.A pot is found in the Artha Mandapam.Small temple.Nandi statue outside. Puja is held only on Fridays. The Perumal Temple here has Sri Lakshminarayana Perumal Temple.There is only Garuda.The temple is well maintained.Puja is held once a day.To reach here, take the Kanchi-Singadivakkam bus and get down at Mettur and drive for 1 km.To walk."
121,62,Kaliyanur Perumal Temple,Kaliyanur Perumal Temple,"Sri Bhumi Nyanga Sametha Sri Kalyana Varadaraja Perumal, Sri Perundevi, Sri Desikar, Anjaneya","Kalyanur village, near Ayyampet bus stop on Tambaram Kanchipuram road",Ayyampet,Kanchipuram,,Intact,Functional,Well-connected; buses to Chengalpattu and Tambaram-Kanchipuram stop at Ayyampet; Nattapet railway station 1.5 km away,"Alight at Ayyampet bus stop on Tambaram Kanchipuram road and travel a short distance to reach Kalyanur village.Here there is Sri Bhumi Nyanga Sametha Sri Kalyana Varadaraja Perumal temple.Outside the sanctum sanctorum is Sri Perundevi's mother shrine.A separate sanctum has a temple of Sri Desikar and Anjaneya.This temple is considered to be equivalent to Thiruvidantha Thalam.If you pray here, marriage obstacles will be removed and marriage will be successful.Puja is held once daily Contact Mr. Lakshmi Narasimhan-7373294010, Mr. Srikanthan- 9380357977. All buses going to Chengalpattu and Tambaram-Kanchipuram stop at Ayyampet.If you come by Chengalpattu-Kanchipuram train route, you have to get down at Nattapet railway station and cover a distance of about 1.5 km."
122,63,Open Air Temples In Walajabad Block,Chennakesavaperumal Temple,"Chennakesavaperumal, Boodevi",Venpakakkam,Walajabad (13 km),Kanchipuram,,Vettaiveli,Functional,Well-connected,"There are many roofless temples in Walajabad circle of Kanchipuram district.Their details are given below. Village: Venpakakkam, Chennakesavaperumal outside Vetta.Mother Boodevi is nearby.There is worship.Walajabad 13 km. Village : Katavakkam Walajabad: 6 Km.Contact: Mr Sasikumar-77081 33681, Mr 26582264, Mr Arulpandian-9043629628. .Apart from these, Shiva Lingams are found outside the cut in some other villages.The villages are as follows: Pallampakkam Kanchipuram 15 km. Valathur, Kanchipuram 18 km. Kattupathur, Kanchipuram 11 Km. Karaipet, Kanchipuram 5 Kms. Athivakkam, Kanchipuram 17 km Sekankulam is in the school premises.Kanchipuram 15 Kms , 9962143347, 9444088152 -"
123,63,Open Air Temples In Walajabad Block,Katavakkam Open Air Temple,Shiva Lingam,Katavakkam,Walajabad (6 km),Kanchipuram,,Vettaiveli,Functional,Well-connected,"There are many roofless temples in Walajabad circle of Kanchipuram district.Their details are given below. Village: Venpakakkam, Chennakesavaperumal outside Vetta.Mother Boodevi is nearby.There is worship.Walajabad 13 km. Village : Katavakkam Walajabad: 6 Km.Contact: Mr Sasikumar-77081 33681, Mr 26582264, Mr Arulpandian-9043629628. .Apart from these, Shiva Lingams are found outside the cut in some other villages.The villages are as follows: Pallampakkam Kanchipuram 15 km. Valathur, Kanchipuram 18 km. Kattupathur, Kanchipuram 11 Km. Karaipet, Kanchipuram 5 Kms. Athivakkam, Kanchipuram 17 km Sekankulam is in the school premises.Kanchipuram 15 Kms , 9962143347, 9444088152 -"
124,63,Open Air Temples In Walajabad Block,Pallampakkam Shiva Lingam,Shiva Lingam,Pallampakkam,Kanchipuram (15 km),Kanchipuram,,Vettaiveli,Non-Functional,Moderate,"There are many roofless temples in Walajabad circle of Kanchipuram district.Their details are given below. Village: Venpakakkam, Chennakesavaperumal outside Vetta.Mother Boodevi is nearby.There is worship.Walajabad 13 km. Village : Katavakkam Walajabad: 6 Km.Contact: Mr Sasikumar-77081 33681, Mr 26582264, Mr Arulpandian-9043629628. .Apart from these, Shiva Lingams are found outside the cut in some other villages.The villages are as follows: Pallampakkam Kanchipuram 15 km. Valathur, Kanchipuram 18 km. Kattupathur, Kanchipuram 11 Km. Karaipet, Kanchipuram 5 Kms. Athivakkam, Kanchipuram 17 km Sekankulam is in the school premises.Kanchipuram 15 Kms , 9962143347, 9444088152 -"
125,63,Open Air Temples In Walajabad Block,Valathur Shiva Lingam,Shiva Lingam,Valathur,Kanchipuram (18 km),Kanchipuram,,Vettaiveli,Non-Functional,Moderate,"There are many roofless temples in Walajabad circle of Kanchipuram district.Their details are given below. Village: Venpakakkam, Chennakesavaperumal outside Vetta.Mother Boodevi is nearby.There is worship.Walajabad 13 km. Village : Katavakkam Walajabad: 6 Km.Contact: Mr Sasikumar-77081 33681, Mr 26582264, Mr Arulpandian-9043629628. .Apart from these, Shiva Lingams are found outside the cut in some other villages.The villages are as follows: Pallampakkam Kanchipuram 15 km. Valathur, Kanchipuram 18 km. Kattupathur, Kanchipuram 11 Km. Karaipet, Kanchipuram 5 Kms. Athivakkam, Kanchipuram 17 km Sekankulam is in the school premises.Kanchipuram 15 Kms , 9962143347, 9444088152 -"
126,63,Open Air Temples In Walajabad Block,Kattupathur Shiva Lingam,Shiva Lingam,Kattupathur,Kanchipuram (11 km),Kanchipuram,,Vettaiveli,Non-Functional,Moderate,"There are many roofless temples in Walajabad circle of Kanchipuram district.Their details are given below. Village: Venpakakkam, Chennakesavaperumal outside Vetta.Mother Boodevi is nearby.There is worship.Walajabad 13 km. Village : Katavakkam Walajabad: 6 Km.Contact: Mr Sasikumar-77081 33681, Mr 26582264, Mr Arulpandian-9043629628. .Apart from these, Shiva Lingams are found outside the cut in some other villages.The villages are as follows: Pallampakkam Kanchipuram 15 km. Valathur, Kanchipuram 18 km. Kattupathur, Kanchipuram 11 Km. Karaipet, Kanchipuram 5 Kms. Athivakkam, Kanchipuram 17 km Sekankulam is in the school premises.Kanchipuram 15 Kms , 9962143347, 9444088152 -"
127,63,Open Air Temples In Walajabad Block,Karaipet Shiva Lingam,Shiva Lingam,Karaipet,Kanchipuram (5 km),Kanchipuram,,Vettaiveli,Non-Functional,Well-connected,"There are many roofless temples in Walajabad circle of Kanchipuram district.Their details are given below. Village: Venpakakkam, Chennakesavaperumal outside Vetta.Mother Boodevi is nearby.There is worship.Walajabad 13 km. Village : Katavakkam Walajabad: 6 Km.Contact: Mr Sasikumar-77081 33681, Mr 26582264, Mr Arulpandian-9043629628. .Apart from these, Shiva Lingams are found outside the cut in some other villages.The villages are as follows: Pallampakkam Kanchipuram 15 km. Valathur, Kanchipuram 18 km. Kattupathur, Kanchipuram 11 Km. Karaipet, Kanchipuram 5 Kms. Athivakkam, Kanchipuram 17 km Sekankulam is in the school premises.Kanchipuram 15 Kms , 9962143347, 9444088152 -"
128,63,Open Air Temples In Walajabad Block,Athivakkam Shiva Lingam,Shiva Lingam,Athivakkam,Kanchipuram (17 km),Kanchipuram,,Vettaiveli,Non-Functional,Moderate,"There are many roofless temples in Walajabad circle of Kanchipuram district.Their details are given below. Village: Venpakakkam, Chennakesavaperumal outside Vetta.Mother Boodevi is nearby.There is worship.Walajabad 13 km. Village : Katavakkam Walajabad: 6 Km.Contact: Mr Sasikumar-77081 33681, Mr 26582264, Mr Arulpandian-9043629628. .Apart from these, Shiva Lingams are found outside the cut in some other villages.The villages are as follows: Pallampakkam Kanchipuram 15 km. Valathur, Kanchipuram 18 km. Kattupathur, Kanchipuram 11 Km. Karaipet, Kanchipuram 5 Kms. Athivakkam, Kanchipuram 17 km Sekankulam is in the school premises.Kanchipuram 15 Kms , 9962143347, 9444088152 -"
129,63,Open Air Temples In Walajabad Block,Sekankulam Shiva Lingam,Shiva Lingam,Sekankulam,Kanchipuram (15 km),Kanchipuram,,Vettaiveli,Non-Functional,Moderate (located in school premises),"There are many roofless temples in Walajabad circle of Kanchipuram district.Their details are given below. Village: Venpakakkam, Chennakesavaperumal outside Vetta.Mother Boodevi is nearby.There is worship.Walajabad 13 km. Village : Katavakkam Walajabad: 6 Km.Contact: Mr Sasikumar-77081 33681, Mr 26582264, Mr Arulpandian-9043629628. .Apart from these, Shiva Lingams are found outside the cut in some other villages.The villages are as follows: Pallampakkam Kanchipuram 15 km. Valathur, Kanchipuram 18 km. Kattupathur, Kanchipuram 11 Km. Karaipet, Kanchipuram 5 Kms. Athivakkam, Kanchipuram 17 km Sekankulam is in the school premises.Kanchipuram 15 Kms , 9962143347, 9444088152 -"
130,64,Melperamanallur Perumal Temple,Melperamanallur Perumal Temple,"Sri Lakshmi Narayanaperumal, Sridevi, Bhoodevi","Melperamanallur village, 11 km from Kanchi on the road to Uttaramerur","Kanchi (Kanchipuram), Uttaramerur",Kanchipuram,,Intact,Functional,Well-connected by road,"In this village Sri Lakshmi Narayanaperumal is presented as Sridevi Bhoodevi Samethar in the temple.The temple, which was in ruins for a long time, was recently renovated and Sambrokshan was held.The temple is situated at a distance of 11 km from Kanchi on the road to Uttaramerur.Contact Mr. Rajagopalacharyar 9843239667."
131,65,Ponmar Sivalayam,Ponmar Sivalayam,"Sri Sakthipureeswarar, Sri Sakthipureeswari, Dwar Ganapati, Murugan, Dakshinamurthy, Kashi Vishwanath","Ponmar, on Medavakkam-Mambakkam road","Tambaram, Koyambedu, Mambakkam (3 km)",,Vijayanagara,Intact,Functional,Well-connected by bus from Tambaram and Koyambedu,"Many inscriptions are found in this temple during the reign of Vijayanagara kings.The name of the Lord is Sri Sakthipureeswarar.Ambal Thirunam Sri Sakthipureeswari.The pillars of the temple, which are entirely made of stone, have spectacular sculptures.There are shrines of Dwar Ganapati, Murugan, Dakshinamurthy and Kashi Vishwanath in the outer prakaram.Trithala vrutcham vilvam and velerku.Thirtham Kubera Thirtham.Sometimes a pooja takes place.Contact Mr. Srinivasan- 99402 62654, Mr. Santhanam-98843 81927. Ponmar is on Medavakkam- Mambakkam road.Buses ply from Tambaram, Koyambedu bus station via Ponmar.3 km from Mambakkam. Perumal temple In the same town, the Perumal Temple, built entirely of stones, is now crumbling and covered with bushes.There are no idols inside.There are no details about this.This legendary temple should be repaired.The saints must gather together and document."
132,65,Ponmar Sivalayam,Perumal Temple,,Ponmar (same town),"Tambaram, Koyambedu, Mambakkam (3 km)",,,Dilapidated,Non-Functional,Well-connected by bus from Tambaram and Koyambedu,"Many inscriptions are found in this temple during the reign of Vijayanagara kings.The name of the Lord is Sri Sakthipureeswarar.Ambal Thirunam Sri Sakthipureeswari.The pillars of the temple, which are entirely made of stone, have spectacular sculptures.There are shrines of Dwar Ganapati, Murugan, Dakshinamurthy and Kashi Vishwanath in the outer prakaram.Trithala vrutcham vilvam and velerku.Thirtham Kubera Thirtham.Sometimes a pooja takes place.Contact Mr. Srinivasan- 99402 62654, Mr. Santhanam-98843 81927. Ponmar is on Medavakkam- Mambakkam road.Buses ply from Tambaram, Koyambedu bus station via Ponmar.3 km from Mambakkam. Perumal temple In the same town, the Perumal Temple, built entirely of stones, is now crumbling and covered with bushes.There are no idols inside.There are no details about this.This legendary temple should be repaired.The saints must gather together and document."
133,66,Sonalur Temples,Adipureeswarar Temple,"Shiva (Adipureeswarar), Sivakami",Sonalur village,"Tambaram, Mambakkam",Chengalpattu,,Intact,Functional,Bus accessible from Tambaram via small road,"Temple After Mambakkam School, you can reach Sonalur by traveling 3 km on a small road going north.The people of this village have recently taken out the idols of the gods that were buried in the earth for a long time and built a temple.The Shivalingam was found at the root of a heather tree near Chamundeeswari temple near the pond.Other idols were found on the banks of the pond.An inscription is one of them.Lord Thirunam Sri Adipureeswarar.Ambal Thirunamam Sri Sivakami.But no statue.Sometimes a pooja takes place.Contact Mr. Govindasamy-7200013225, Thirunagarajan- 9043910686. Bus comes here from Tambaram.(51d) Sri Lakshminarayana Perumal The temple is situated in the middle of Sonalur village.The temple has been renovated and is in good condition.Moolavar Sri Lakshminarayanaperumal carries Goddess Lakshmi on his lap.Contact Mr. Govindasamy-7200013225, Thirunagarajan- 9043910686."
134,66,Sonalur Temples,Sri Lakshminarayana Perumal Temple,Lakshminarayana Perumal (Vishnu) with Goddess Lakshmi,Sonalur village (middle of village),"Tambaram, Mambakkam",Chengalpattu,,Intact,Functional,"Well-connected, located in village center","Temple After Mambakkam School, you can reach Sonalur by traveling 3 km on a small road going north.The people of this village have recently taken out the idols of the gods that were buried in the earth for a long time and built a temple.The Shivalingam was found at the root of a heather tree near Chamundeeswari temple near the pond.Other idols were found on the banks of the pond.An inscription is one of them.Lord Thirunam Sri Adipureeswarar.Ambal Thirunamam Sri Sivakami.But no statue.Sometimes a pooja takes place.Contact Mr. Govindasamy-7200013225, Thirunagarajan- 9043910686. Bus comes here from Tambaram.(51d) Sri Lakshminarayana Perumal The temple is situated in the middle of Sonalur village.The temple has been renovated and is in good condition.Moolavar Sri Lakshminarayanaperumal carries Goddess Lakshmi on his lap.Contact Mr. Govindasamy-7200013225, Thirunagarajan- 9043910686."
135,67,Mambakkam Temples,Murukanatheeswarar Temple,"Shri Murukanatheeswarar, Ambal Shri Deivanayake, Kannimoolai Ganapati, Valli Devasena Sametha Subramaniyar, Sivakoshta Dakshinamurthy, Durgai, Sandikeswarar, Surya, Anjaneya","Vandalur-Kelampakkam Road, Mambakkam",Mambakkam,,,,Functional,"Well-connected, all buses come and go here","Shiva temple The author is Shri Murukanatheeswarar Ambal Shri Deivanayake Shrines: Kannimoolai Ganapati, Valli Devasena Sametha Subramaniyar, Sivakoshta Dakshinamurthy, Durgai, Sandikeswarar, Surya, Anjaneya. Theertha: Two Theerthas. Contact:  Thiru Shiva Gurus-9444924525, Thiruhari Gurus-9884581931. Location: Located on Vandalur-Kelampakkam Road.All buses come and go here. Sri Kariyamanikka Perumal Temple Sri Kariyamanikka Perumal presents Sridevi Bhudevi patiently in the standing kolam.There are separate sanctuaries of Sri Manikavalli's mother and Sri Andal in the prakaram.Sometimes a pooja takes place.It seems that the Shiva temple here and this temple were built at the same time.Contact Mr. Kumar-7358781469."
136,67,Mambakkam Temples,Sri Kariyamanikka Perumal Temple,"Sri Kariyamanikka Perumal, Sridevi, Bhudevi, Sri Manikavalli's mother, Sri Andal","Vandalur-Kelampakkam Road, Mambakkam",Mambakkam,,,,Functional,"Well-connected, all buses come and go here","Shiva temple The author is Shri Murukanatheeswarar Ambal Shri Deivanayake Shrines: Kannimoolai Ganapati, Valli Devasena Sametha Subramaniyar, Sivakoshta Dakshinamurthy, Durgai, Sandikeswarar, Surya, Anjaneya. Theertha: Two Theerthas. Contact:  Thiru Shiva Gurus-9444924525, Thiruhari Gurus-9884581931. Location: Located on Vandalur-Kelampakkam Road.All buses come and go here. Sri Kariyamanikka Perumal Temple Sri Kariyamanikka Perumal presents Sridevi Bhudevi patiently in the standing kolam.There are separate sanctuaries of Sri Manikavalli's mother and Sri Andal in the prakaram.Sometimes a pooja takes place.It seems that the Shiva temple here and this temple were built at the same time.Contact Mr. Kumar-7358781469."
137,68,Kolathur Temples,Sri Kalyana Renganath Temple,"Sri Kalyana Renganatha (Moolavar), Sridevi, Sri Renganayagi, Sri Andal, Nammalwar, Wodevar, Desikar, Anjaneyar",1.5 km from Mambakkam on Vandalur-Kelambakkam road,Mambakkam,,,,Functional,Well-connected,"Sri Kalyana Renganath Temple Moolavar Sri Kalyana Renganatha is standing in the kolam where Sridevi is seen with the goddesses.The mother has a separate shrine at Sri Renganayagi Prakaram.  In this temple with the Raja Gopuram flagpole, Sri Andal is near Renganatha in the sanctum sanctorum.There are Nammalwar, Wodevar, Desikar and Anjaneyar shrines.A place where marriage barriers are removed.Temple timings are from 7 am to 9 am.5.30 pm to 6.30 pm.Contact Thiru Renganatha Pattar-94452 99105 Thirumohan-9444680711.The temple is located 1.5 km from Mambakkam on Vandalur- Kelambakkam road. Sri Somanateswarar Temple Kolathur village has a very old temple.The people of this town have found the temple which was buried underground some time ago and built it anew.It is said that the Eesan here has freed the moon from the curse.Chandra Devar set up a pushkara and bathed in it and worshiped the Lord and got rid of the curse and became exalted.Mentally affected people will get benefit if they bathe in the theertha here and continue to worship the Lord. Lord Sri Somanateswara.Ambal Sri Amudambikai.Other shrines along with Koshta, Ganapati, Valli Devasena Sametha Subramaniyar, Sandikeswarar, Bhairava, Navagragam, Surya, Chandran.Temple timings are 7 am to 11 am and 5.30 pm to 6.30 pm.Contact Mr. Nagaraja Gurus- 9840157028, Mr. Jayavel-98410 81482."
138,68,Kolathur Temples,Sri Somanateswarar Temple,"Lord Sri Somanateswara, Ambal Sri Amudambikai, Ganapati, Valli Devasena Sametha Subramaniyar, Sandikeswarar, Bhairava, Navagragam, Surya, Chandran",Kolathur village,,,,,Functional,,"Sri Kalyana Renganath Temple Moolavar Sri Kalyana Renganatha is standing in the kolam where Sridevi is seen with the goddesses.The mother has a separate shrine at Sri Renganayagi Prakaram.  In this temple with the Raja Gopuram flagpole, Sri Andal is near Renganatha in the sanctum sanctorum.There are Nammalwar, Wodevar, Desikar and Anjaneyar shrines.A place where marriage barriers are removed.Temple timings are from 7 am to 9 am.5.30 pm to 6.30 pm.Contact Thiru Renganatha Pattar-94452 99105 Thirumohan-9444680711.The temple is located 1.5 km from Mambakkam on Vandalur- Kelambakkam road. Sri Somanateswarar Temple Kolathur village has a very old temple.The people of this town have found the temple which was buried underground some time ago and built it anew.It is said that the Eesan here has freed the moon from the curse.Chandra Devar set up a pushkara and bathed in it and worshiped the Lord and got rid of the curse and became exalted.Mentally affected people will get benefit if they bathe in the theertha here and continue to worship the Lord. Lord Sri Somanateswara.Ambal Sri Amudambikai.Other shrines along with Koshta, Ganapati, Valli Devasena Sametha Subramaniyar, Sandikeswarar, Bhairava, Navagragam, Surya, Chandran.Temple timings are 7 am to 11 am and 5.30 pm to 6.30 pm.Contact Mr. Nagaraja Gurus- 9840157028, Mr. Jayavel-98410 81482."
139,69,Chozhanthangal Sivan,Chozhanthangal Sivan,Shiva,"Cholanthangal village, on Vandalur-Kelambakkam road, Mambakka Good Road to Kayar, 9 km from main road",Tambaram,Kanchipuram,,Vettaiveli,Functional,Well-connected by bus (Tambaram-Gayar route),"There are many murthas hidden in the soil, wells and ponds during the alien invasion.One of them is Shiva in Cholanthangal village.A very large drink.The people of the village left it as it was, unable to see the foot that had been dug down.A temporary roof has been erected.They come here and perform puja.Beyond the town, the Lord appears in solitude in the forest.On the Vandalur Kelambakkam road, on the Mambakka Good Road to Kayar, you can reach Cholanthangal village after 9 km.Buses to Tambaram Gayar arrive here.Contact Mr. 7871152813, Mr. Velu-9791008175, Mr. Vijayakumar- 9080562340."
140,70,Vembedu Sivan Temple,Vembedu Sivan Temple (Sri Agastheeswarar),"Lord Shiva (Sri Agastheeswarar), Ambal Srivedavalli, Pancha Goshta Murthy, Kanni Kooka Ganapati, Valli Devasena Sametha Murugan",Vembedu village,Thirukkulam,,,,Functional,Well-connected by bus from Kelambakkam (10 km) via Tambaram-Tiruporur route (Kayar),"Sage Sri Agasthya has consecrated and worshiped Lord Shiva at many places.One of them is the Shiva temple in Vembedu village.The Lord appears towards the east with the name Sri Agastheeswarar.Ambal Srivedavalli faces south.One can visit the shrines of Pancha Goshta Murthy, Kanni Kooka Ganapati, Valli Devasena Sametha Murugan while roaming around the prakaram.The temple is in the northern direction of Thirukkulam.Thala Vritsam Vanni, Vilvam.The temple is open from 5 AM to 9 AM and from 5 PM to 7 PM.Contact Mr. Veeraragavan-99620 93688, Mr. Velu-99626 87717, Mr. Gangatharan-98847 24093. 10 km from Kelambakkam.Farther away is Wembedu.Bus Tambaram-Tiruporur (route Kayar). Sri Kalabhairava Temple Sage Sri Agastya has consecrated eight Kala Bhairavas in eight diks in this area.One of them is on a small hill in Vembedu village.Bhairava temple is located on top of this mountain with 101 steps.Very few people visit this very powerful place.Apart from the Kala Bhairava shrine, there is only a Ganesha shrine here.Temple Worshiper Mr. Gangatharan-98847 24093. Temple Opening Hours 3.30-5.00 PM."
141,70,Vembedu Sivan Temple,Sri Kalabhairava Temple,"Kala Bhairava, Ganesha",On a small hill in Vembedu village,,,,,Functional,"Remote, accessible via 101 steps on hilltop; very few visitors","Sage Sri Agasthya has consecrated and worshiped Lord Shiva at many places.One of them is the Shiva temple in Vembedu village.The Lord appears towards the east with the name Sri Agastheeswarar.Ambal Srivedavalli faces south.One can visit the shrines of Pancha Goshta Murthy, Kanni Kooka Ganapati, Valli Devasena Sametha Murugan while roaming around the prakaram.The temple is in the northern direction of Thirukkulam.Thala Vritsam Vanni, Vilvam.The temple is open from 5 AM to 9 AM and from 5 PM to 7 PM.Contact Mr. Veeraragavan-99620 93688, Mr. Velu-99626 87717, Mr. Gangatharan-98847 24093. 10 km from Kelambakkam.Farther away is Wembedu.Bus Tambaram-Tiruporur (route Kayar). Sri Kalabhairava Temple Sage Sri Agastya has consecrated eight Kala Bhairavas in eight diks in this area.One of them is on a small hill in Vembedu village.Bhairava temple is located on top of this mountain with 101 steps.Very few people visit this very powerful place.Apart from the Kala Bhairava shrine, there is only a Ganesha shrine here.Temple Worshiper Mr. Gangatharan-98847 24093. Temple Opening Hours 3.30-5.00 PM."
142,71,Kayar Sivan Temple,Kayar Sivan Temple,"Shri Adleeswarar, Ambal Sri Vedanayake","Kayar village, 9 km south of Mambakkam, 11 km west of Kelambakkam","Mambakkam, Kelambakkam, Thirukkulam",,"Adittha Chola (Aditya Chola), ruled 870-907 AD",Dilapidated,Functional,Well-connected by Tambaram-Tiruporur buses (Gayar route),"Source: Shri Adleeswarar Ambal Sri Vedanayake Location Kayar village is located 9 km south of Mambakkam and 11 km west of Kelambakkam. The famous Adittha Chola who ruled from 870 to 907 AD built many temples.Kayar Shiva Temple is one of them.The entire temple is dilapidated and is in need of repair.Many inscriptions are found here.These inscriptions tell about the lands given to the Lord and about the gifts.An inscription here mentions that the Lord was originally called Atheswarar. Perhaps the puja takes place here.The temple is found near Thirukkulam.Contact Mr. Dinesh- 9962899336, Mr. Mohana Raman- 9283668486. Tambaram - Tiruporur buses (Gayar route) can come here."
143,72,Vanniyanallur Sivan,Vanniyanallur Sivan,"Lord (Sivan/Shiva), Vinayagar, Arumukhar (Murugan), Ambal, two Nandis",Vannianallur village near Sunampedu in Seyyur circle of Kanchipuram district,Sunampedu,Kanchipuram,,Dilapidated,Functional,Well-connected (buses from Chennai and Tambaram),"The temple is located in Vannianallur village near Sunampedu in Seyyur circle of Kanchipuram district.In this roofless temple, the Lord is outside.Vinayagar, Arumukhar, Ambal and two Nandis are also present here.A temple is also found nearby.Daily puja takes place.The villagers are trying to build a temple.Contact Thirunjanaprakasam-9786463282, Mr Kanniappan- 9025949056, Mr Ramalingam-8489880724.Buses ply from Chennai and Tambaram to this village."
144,73,Manapakkam Perumal Temple,Manapakkam Perumal Temple,"Sri Srinivasa Perumal, Krishna",Manapakkam,Sunampedu,,,Dilapidated,Non-Functional,"Well-connected by private buses from Sunambedu-Thambaram, Achirubakkam-Sunambedu","No worship is being held here at present.The old temple has been demolished and the people of this village have kept it in a tile shed.It is located in a small town called Manapakkam.This village is about 2 km from Sunampedu village.Perumal Thirunamam is Sri Srinivasa Perumal.There is a Krishna idol.The people of this village are trying to build a temple.Contact Mr. Guppusamy-9976316630.Sunambedu-Thambaram, Achirubakkam- Sunambedu, and private buses ply here."
145,74,Chunampet Sri Muthalamman Temple,Chunampet Sri Muthalamman Temple,"Muthalamman, Ambal","Choonambedu Village on Pandi Ekira Road, Chennai","Chengalpattu, Madhurandakam",,,Intact,Functional,"Well-connected by bus from Chennai, Chengalpattu, Madhurandakam","Muthalamman Temple is located in Choonambedu Village on Pandi Ekira Road, Chennai.This stone temple is said to be around 1000 years old.Pujas are held here daily.Every year, the first Tuesday of the month of Adi is special here.Along with this, 1000 jugs of milk are abhishekam to Ambal on Adi Pooram.Temple timings are 7 am to 11 am and 5 pm to 7.30 pm.Buses come here from Chennai, Chengalpattu, Madhurandakam.Contact Mr. Kasturi Priest- 9444034907. place of remedy If those who want child blessing come here on Tuesdays, Fridays and Sundays and pray to Ambal during the Rahu period by lighting a lamp with a bone fruit, they will be blessed with a son."
146,75,Chunampet Perumal Temple,Chunampet Perumal Temple,"Sri Varadarajaperumal, Sri Andal, Alvar, Lakshmi Narasimha, Kalyana Rama","Sunampedu, Ekira Road, Taluk Seyyur, District Kanchipuram",Seyyur,Kanchipuram,,Intact,Functional,Well-connected by buses on Chennai-Pondicherry route,"Source: Sri Devi Bhudevi Sametha Sri Varadarajaperumal Plane Chaya Plane Agama Vaikanasa Agama Other shrines are Sri Andal, Alvar, Lakshmi Narasimha, Kalyana Rama. The history of the temple is about 1000 years old Location: Sunampedu, Ekira Road Taluk Seyyur District Kanchipuram The main tree is the magi tree In this temple Mamallapuram Thala Sayana Perumal Temple is an adorable place.Vaikunda Ekadasi, Aadi Pooram, Krishna Jayanti, Andal Utsavam and Rama Navami festivals are held here.Contact Mr. Santana Butter=9751736728.All buses going to Pondicherry to Sunambed on the road up to Chennai Pondy stop here. It is a place of relief for all kinds of eye diseases.After the prayer is completed, one should perform tirumanjanam and offer prasadam to Swami."
147,76,Villipakkam Sivan Temple,Villipakkam Sivan Temple,"Sri Agastheeswarar, Ambal Tirunamam Sri Muthambikai, Vinayagar, Valli Devasena Sametha Arumukhar, Kashi Vishwanatha Visalakshi, Arumukhar devi, Chandikeshwara, Bhairava, Surya",Villipakkam village near Sunampedu on Chennai Pandi road,Sunampedu,,Chola dynasty (Rajendra Chola II),Intact,Functional,Well-connected via Chennai Pandi road,"An ancient Shiva temple is situated in a village called Villipakkam near Sunampedu on Chennai Pandi road.The name of the Lord in this temple is Sri Agastheeswarar.Ambal Tirunamam Sri Muthambikai.If you visit the flag tree in this temple with two prakaras, you can visit Sri Agastheeswarar in the sanctum sanctorum facing east.Vinayagar, Valli Devasena Sametha Arumukhar, four and three old Ambal idols are found in the Maha Mandapam.Along with panchagoshta murthys, Kashi Vishwanatha Visalakshi, Arumukhar devi, there are shrines of Chandikeshwara, Bhairava and Surya.It is sad that Brahma Utsavam has not been held in this temple with all the vehicles for the past 60 years.Pundarika Pushkarani is the holy tirtha of this temple.Thala vrutsham is the slain and vilvam.Many inscriptions are found in the temple.It is known from the inscriptions that Punarutharana took place during the reign of Rajendra Chola II.. Thala Purana Kanthan and Umaganthan were helping Nandi Devar's daily Shiva Puja. One day while plucking flowers, the flower fell down and turned into a fish and a parrot.So Nandi Dev got cursed and turned into cat and vedan.Both of them touch each other and curse them.Cat and Veduvan used to worship the Lord in this temple for many years.One day when the cat was being worshipped, a vendetta hit the cat with an arrow and it fell on the Lord and bled.At the same time, when the cat and Vedu put their hands to wipe the blood that had flowed on the Lord, the cat and Vedu came into contact and got rid of the curse.It is the person who came from the Veduvar dynasty who is still doing Pushpa Kaingaryam. It is said that Shri Agasthiyar worshiped the Lord here when he went to Kashi. The priest of the temple Mr. Sankara Gurukul (9787611643) is performing puja here.Temple timings are 6-11 am and 5.30-7.30 pm.Contact Mr. Suresh-9786701596, Mr. Diwakar-9952478567."
148,77,Zamin Thuraiyur Temples,"Ancient Shiva Temple, Zamin Thuraiyur","Shiva (Lingam), Nandi, Jeshtadevi",Sameen Thurayur village (Zamin Thuraiyur),"Achirubakkam (15 km), Sunambedu (9 km)",,,Dilapidated,Non-Functional,"Well-connected by bus from Tambaram, Koyambedu, Achirubakkam","Only a broken Shiva Lingam, a Nandi idol and a Jeshtadevi idol remain of the ancient temple.All these are unattended in the thornbushes. Here the Bhattabrahman Bhajani Mutt is in good condition.There are images of Sri Pattabrahman, Krishna, Anjaneya.Daily bhajans and pujas are being performed.Contact Mr. Suresh-96292 15985, Murthy Naidu-9445626405, Mr. Nagaraj Naidu-9940347898.Location Sameen Thurayur village, Achirubakkam 15 km, Sunambedu 9 km, Buses come here from Tambaram, Koyambedu and Achirubakkam."
149,77,Zamin Thuraiyur Temples,"Bhattabrahman Bhajani Mutt, Zamin Thuraiyur","Sri Pattabrahman, Krishna, Anjaneya",Sameen Thurayur village (Zamin Thuraiyur),"Achirubakkam (15 km), Sunambedu (9 km)",,,Intact,Functional,"Well-connected by bus from Tambaram, Koyambedu, Achirubakkam","Only a broken Shiva Lingam, a Nandi idol and a Jeshtadevi idol remain of the ancient temple.All these are unattended in the thornbushes. Here the Bhattabrahman Bhajani Mutt is in good condition.There are images of Sri Pattabrahman, Krishna, Anjaneya.Daily bhajans and pujas are being performed.Contact Mr. Suresh-96292 15985, Murthy Naidu-9445626405, Mr. Nagaraj Naidu-9940347898.Location Sameen Thurayur village, Achirubakkam 15 km, Sunambedu 9 km, Buses come here from Tambaram, Koyambedu and Achirubakkam."
150,77,Zamin Thuraiyur Temples,Ancient Temple at Zamin Thuraiyur,"Shiva Lingam, Nandi, Jeshtadevi",Sameen Thurayur village,"Achirubakkam (15 km), Sunambedu (9 km)",,,Dilapidated,Non-Functional,"Well-connected (buses from Tambaram, Koyambedu, Achirubakkam)","Only a broken Shiva Lingam, a Nandi idol and a Jeshtadevi idol remain of the ancient temple.All these are unattended in the thornbushes. Here the Bhattabrahman Bhajani Mutt is in good condition.There are images of Sri Pattabrahman, Krishna, Anjaneya.Daily bhajans and pujas are being performed.Contact Mr. Suresh-96292 15985, Murthy Naidu-9445626405, Mr. Nagaraj Naidu-9940347898.Location Sameen Thurayur village, Achirubakkam 15 km, Sunambedu 9 km, Buses come here from Tambaram, Koyambedu and Achirubakkam."
151,77,Zamin Thuraiyur Temples,Bhattabrahman Bhajani Mutt,"Sri Pattabrahman, Krishna, Anjaneya",Sameen Thurayur village,"Achirubakkam (15 km), Sunambedu (9 km)",,,Intact,Functional,"Well-connected (buses from Tambaram, Koyambedu, Achirubakkam)","Only a broken Shiva Lingam, a Nandi idol and a Jeshtadevi idol remain of the ancient temple.All these are unattended in the thornbushes. Here the Bhattabrahman Bhajani Mutt is in good condition.There are images of Sri Pattabrahman, Krishna, Anjaneya.Daily bhajans and pujas are being performed.Contact Mr. Suresh-96292 15985, Murthy Naidu-9445626405, Mr. Nagaraj Naidu-9940347898.Location Sameen Thurayur village, Achirubakkam 15 km, Sunambedu 9 km, Buses come here from Tambaram, Koyambedu and Achirubakkam."
152,78,Arasur Temples,Muthumariamman Temple,"Muthumariamman, Vinayar, Navagraha",Arasur village,Sunambed,,,Intact,Functional,"Well-connected by bus (Achirubakkam-Sunambedu 1202, Tambaram-Sunambedu 121)","An ancient Muthumariamman temple is located in Arasur village.You can reach this town by traveling 5 km from Sunambed.The old temple was repaired and Kumbabhishekam was performed in 2001.There are Vinayar and Navagraha shrines.There is also Thirukulam.Daily pujas are held.Contact Mr. Ramu-9486415071, Mr. Ethiappan-9443641066, Mr. Bhagyaraj-9944288064.Achirubakkam-Sunambedu (1202) and Tambaram-Sunambedu (121) buses ply here. A broken Shiva lingam, and a Nandi idol in a thornbush are found in the village.There must have been a temple here once upon a time. Broken Shiva Lingam Broken Nandisilaisi, D"
153,78,Arasur Temples,Ancient Shiva Temple (ruins),"Shiva (lingam), Nandi",Arasur village,Sunambed,,,Dilapidated,Non-Functional,Accessible but overgrown (broken lingam and Nandi in thornbush),"An ancient Muthumariamman temple is located in Arasur village.You can reach this town by traveling 5 km from Sunambed.The old temple was repaired and Kumbabhishekam was performed in 2001.There are Vinayar and Navagraha shrines.There is also Thirukulam.Daily pujas are held.Contact Mr. Ramu-9486415071, Mr. Ethiappan-9443641066, Mr. Bhagyaraj-9944288064.Achirubakkam-Sunambedu (1202) and Tambaram-Sunambedu (121) buses ply here. A broken Shiva lingam, and a Nandi idol in a thornbush are found in the village.There must have been a temple here once upon a time. Broken Shiva Lingam Broken Nandisilaisi, D"
154,79,Vanniyanallur Devarasu Siddhar,Vanniyanallur Devarasu Siddhar Samadhi Temple,Sri Devarasu Swami (Siddha Purusha),"Vannianallur, near Avvur pond",Sunambedu,,,Intact,Functional,"Well-connected by bus (Tambaram-Sunambedu 121, Koyambedu-Sunambedu 120C)","There are no details about the place and year of birth of Sri Devarasu Swami who was a Siddha Purusha by birth.Imma Khan stayed in Puducherry from 1935 to 1948.Some here have been Anna's disciples.They have done many kinds of rituals till the time they were on this earth.They have solved the deadly diseases of many people by donating the soil on the street.If the devotees give him pulp, he pours it into a coconut shell and drinks it.Swami, who has been wandering around forever, was once on the road towards Sunambedu when a vehicle hit him and he was left in a pool of blood.After some time he started walking as if nothing happened.The wound and blood on the body disappeared.From there they came to Vannianallur and stayed for six days.On 20.06.1948 at 3.30 pm he attained Siddhi in Purada Nakshatra.Villagers of Vannianallur built a Samadhi by digging a pit near a pond in Avvur.Swami's old disciples Govindaswamy and Rajappan appeared in their dreams and ordered them to come here.There is an article in Jnanabhoomi magazine in 1976 about the Swami. Twenty years later, on the same day as the Swami, Siva Sidthanandan was born in Puduvai. At the age of 43, he came here and built a large Samadhi temple with his own money and performed Kumbabhishekam in September 2016.Mahan's samadhi is a powerful place.Even today many devotees come and pray and the danger goes away.Contact Mr. Ranganathan-7904485419.Bus facility to reach here is Tambaram-Sunambedu (121), Koyambedu-Sunambedu (120C)."
155,80,Nesappakkam Sivan Temple,Nesappakkam Sivan Temple,"Shivalingam, Nandi, Ganesha, elephant",Nesappakkam village,"Paunchur (5 km), Seyyur (15 km)",,,Vettaiveli,Non-Functional,Accessible via Paunchur (5 km),"In the village of Nesappakkam, Shivalingam, Nandi, Ganesha and an elephant can be seen under a tree in a peaceful place in a natural environment.It seems that the temple must have completely collapsed before.No details are known.No pooja.A large lotus pond is found on the side.After asking the people of the town, they have decided to build a temple as soon as possible.Contact Mr. Vinod-9566884855, Mr. Parthipan-9962869193, Mr. Balasubramanian- 9751547470, 9003472062. Nesappakkam village is 5 km from Paunchur.Seyyur 15 km."
156,81,Puliyani Temple,Puliyani Temple,"Sri Krishna, Anjaneya, Shiva (Shivalingam), Amman Karumariyamman, Ganesha, Navagrahas",Puliyani village,Tolappedu (7 km),,,,Functional,Accessible by road,"In a small temple in this village, Sri Krishna is seen as the source.There is also an Anjaneya shrine here.Daily puja takes place.Outside the temple, a Shivalingam is found under a neem tree.There is a statue of Amman Karumariyamman nearby.Ganesha and Navagragam are also present here.Contact Mr. Srinivasan-9944284748, Mr. Sarathy-9840412623, Mr. Balaji-7539910206.From here Tolappedu is 7 km."
157,82,Melmaruvathur Aadhi Parasakthi Temple,Melmaruvathur Aadhi Parasakthi Temple,Adi Parashakti,Melmaruvathur,Chengalpattu,Chengalpattu,,Intact,Functional,Well-connected,"This Adi Parashakti is said to have existed for a long time.There is a reference to this temple in the Macha Purana.There are details in the Purana that this town is Siddhavana, the place where Ambal blessed and the place where the Siddhas did penance.It is known to everyone that in the storm that blew here in 1966, a neem tree fell and the Goddess emerged.The boundary deities present on all four boundaries of this temple can be seen even today.Everyone knows that Sri Bangaru Adikalar is managing this temple and doing many charitable works.The place is always crowded with devotees."
158,83,Sothupakkam Sivan Temple,Sothupakkam Sivan Temple,"Sri Somanadeeswarar, Sri Sivakami, Nandi, Kubera, Aishwaryasha, Mahalakshmi","Sothupakkam village, near Melmaruvathur on Chennai Trichy National Highway",Melmaruvathur,Chengalpattu,,Intact,Functional,Well-connected (on National Highway),"Sothupakkam village is located near Melmaruvathur on Chennai Trichy National Highway.A few years ago, when a loved one in this town prayed for the blessing of a son, he was blessed to build a temple for the Shivalingam Nandi, which is cut outside under a royal tree.Accordingly, the beloved has built a temple and consecrated some idols.The beloved's son was immediately blessed with a son.Swami's Tirunama is Sri Somanadeeswarar.Ambal Thirunamam Sri Sivakami.Even today a Naga comes here daily and worships the Lord.A puja is held daily.There are shrines of Kubera, Aishwaryasha and Mahalakshmi in this temple which has three kosthas for Shiva and three kosthas for Ambal.Temple timings are 7.30-10.00 pm and 5.30-8.00 pm.There is a temple sanctum next to the stairs.Contact Mr. Balachandran Redyar- 9443336777, Mr. Gurunathan-9445271190, Mr. Murugan-9751853418.All the Shivalaya Utsavams are well held here. place of remedy If you come to this place and light 21 lamps on the days of Ekadasi, Triyodasi, Poornami, Ammavasai to get rid of Naga Dosha, get a child, and get business development, the prayer will be fulfilled."
159,85,Poraiyur Sivan Temple,Poraiyur Sivan Temple,"Sri Muthulingeswarar (Swami), Shri Umamakeshwari (Ambal), Pancha Goshta Murthys, Kannimoolai Ganapati, Valli Devasena Sametha Subramanyar, Sandikeswarar, Navagragam, Bhairava, Surya, Chandra",Boraiyur village,Melmaruvathur (3 km),,,Intact,Functional,"Well-connected, 3 km from Melmaruvathur on NH45","This temple is located in Boraiyur village, 3 km from Melmaruvathur.Swami Thirunam Sri Muthulingeswarar.Ambal Shri Umamakeshwari.This ancient temple now has a new look.Along with Pancha Goshta Murthys there are shrines of Kannimoolai Ganapati, Valli Devasena Sametha Subramanyar, Sandikeswarar, Navagragam, Bhairava, Surya and Chandra.A period of puja takes place.Contact Mr Baburaj-9443336455."
160,86,Mukunthagiri Temples,Sri Srinivasa Perumal Temple,"Sri Srinivasa Perumal with Sridevi and Bhudevi, Wodevar, Chakrathalwar",Mukunthagiri,Maduranthakam,,,Intact,Functional,Well-connected by bus (Maduranthakam-Esur route),"Perumal temple Source Sridevi Bhudevi Sametha Sri Srinivasa Perumal.Utsavar also has the same name.There are shrines of Wodevar and Chakrathalwar.Sometimes a pooja takes place.The nearby pond is said to be Shiva pond.Contact Mr. Thanasu-9865789315, Mr. Katiravan-9626123217, Mr. Bhaktavatsalam-9789793317.The bus that comes here is Maduranthakam-Esur (.the ). Shiva temple They have erected a shed with the Siva Lingam and Nandi idols that were previously cut outside and are conducting worship.Swami Thirunam and other details are not known. Contact Mr. Murugesan-9791762617, Mr. Chanduru-9994693547, Mr. Thanasu-9865789315."
161,86,Mukunthagiri Temples,Mukunthagiri Shiva Temple,Siva Lingam and Nandi,Mukunthagiri,Maduranthakam,,,Dilapidated,Functional,Well-connected by bus (Maduranthakam-Esur route),"Perumal temple Source Sridevi Bhudevi Sametha Sri Srinivasa Perumal.Utsavar also has the same name.There are shrines of Wodevar and Chakrathalwar.Sometimes a pooja takes place.The nearby pond is said to be Shiva pond.Contact Mr. Thanasu-9865789315, Mr. Katiravan-9626123217, Mr. Bhaktavatsalam-9789793317.The bus that comes here is Maduranthakam-Esur (.the ). Shiva temple They have erected a shed with the Siva Lingam and Nandi idols that were previously cut outside and are conducting worship.Swami Thirunam and other details are not known. Contact Mr. Murugesan-9791762617, Mr. Chanduru-9994693547, Mr. Thanasu-9865789315."
162,87,Pondur Perumal Temple,Pondur Perumal Temple,"Sri Adi Kesava Perumal, Sridevi Budevi Samedar, Utsavar, Sri Lakshminarayanaperumal (Chinna Moolavar), Pesum Perumal, Adi Lakshmi, Andal, Alvars, Vishwaksenar, Vedantadesikar, Vodeavar, Periya Thiruvadi, Small Thiruvadi, Madapalli Nachiyar",Bondur village,Maduranthakam,,,Intact,Functional,Well-connected (Bus route Maduranthakam-Bondur),"Adi Vimana Vaikanasa Agama Niyam is a very ancient temple located in Bondur village.All stone temple.Sri Adi Kesava Perumal has risen as Sridevi Budevi Samedar in the sanctum sanctorum.Utsavar also has the same name.Sri Lakshminarayanaperumal, also known as Chinna Moolavar, is seen here.It is also known as Pesum Perumal.Among the separate shrines are Adi Lakshmi and Andal shrines in the prakaram.Alvars, Vishwaksenar, Vedantadesikar, Vodeavar, Periya Thiruvadi, Small Thiruvadi and Madapalli Nachiyar are found here.Perumal is equivalent to Lord Thiruvenkata.All the Vaishnava ritual festivals are held here.Puja takes place twice.Maha Shanti Homam takes place on every new moon.Thirukulam here is known as Aadi Theertha.Contact Mr Thegalesan-9500836505, Mr Ethiraj- 9445505231, Sunampedu 10 km from here.Bus Maduranthakam-Bondur (T)"
163,88,Vilankadu Temples,Sri Vijayapureeswarar Temple,"Shiva Lingam, Nandi, Ganesha, Ambal Sri Vasantanayaki",Vilankadu village,Sunampedu (13 km),,ancient times,Dilapidated,Functional,Well-connected via Madhuranthakam-Bondur road (T8),"The Shiva temple and the Perumal temple in this village were well maintained since ancient times.At present both the temples are completely dilapidated.The villagers are now building a temple together.The idols found are Shiva Lingam, Nandi, Ganesha and Lakshminarayan.Now two separate temples are being built.Shiva Thirunamam Sri Vijayapureeswarar.Ambal Sri Vasantanayaki.Perumal Sri Lakshminarayan.Now daily pujas are held.Contact Mr. Balakrishnan- 8144340723, Mr. Vijayan-9751724939, Mr. Radhakrishnan-9597710543.Sunampedu is 13 km from here.Madhuranthakam-Bondur (T8) comes here."
164,88,Vilankadu Temples,Sri Lakshminarayan Perumal Temple,Sri Lakshminarayan,Vilankadu village,Sunampedu (13 km),,ancient times,Dilapidated,Functional,Well-connected via Madhuranthakam-Bondur road (T8),"The Shiva temple and the Perumal temple in this village were well maintained since ancient times.At present both the temples are completely dilapidated.The villagers are now building a temple together.The idols found are Shiva Lingam, Nandi, Ganesha and Lakshminarayan.Now two separate temples are being built.Shiva Thirunamam Sri Vijayapureeswarar.Ambal Sri Vasantanayaki.Perumal Sri Lakshminarayan.Now daily pujas are held.Contact Mr. Balakrishnan- 8144340723, Mr. Vijayan-9751724939, Mr. Radhakrishnan-9597710543.Sunampedu is 13 km from here.Madhuranthakam-Bondur (T8) comes here."
165,89,Amainthankarunai Siva Vishnu Temple,Amainthankarunai Siva Vishnu Temple,"Shiva, Vishnu, Ambal, Nandi",Nidankaruna village,Seyyur (13 km),,,Intact,Functional,Well-connected,"It is said that this place is called Nikatankaruna due to the blessings from Hari and Shiva.Eason, who now exhibits in the sanctum, was previously outside the cut.An idol of Ambal is also kept in the sanctum sanctorum.Along with the old Nandi there is also a new Nandi.Daily puja takes place.All festivals are held here.The pond is located behind the temple.Contact Mr. Nagappan-9566531660, 9787525932, Mr. Somasundaram-996242033, Mr. Yehumalai-9787760263.Seyyur is 13 km from here. Sri Thandavaraya Swami did penance on a small hill in this town about 200 years ago.There they used to worship the Tirunamam and Chakram which were naturally formed on a rock.After traveling for some time, the Swami attained siddhi in a village called Amayampattu near Upper Maruvathur.The villagers of Nidankaruna have taken permission from the disciples who were with Swami and have built a small temple at the place where Swami stayed.Contact Mr. Charathi - 9840545560, Mr. Nithyanandam - 9840053567."
166,89,Amainthankarunai Siva Vishnu Temple,Sri Thandavaraya Swami Temple,"Sri Thandavaraya Swami, Tirunamam, Chakram",Nidankaruna village (place where Swami stayed),"Seyyur (13 km), Amayampattu near Upper Maruvathur",,,,,,"It is said that this place is called Nikatankaruna due to the blessings from Hari and Shiva.Eason, who now exhibits in the sanctum, was previously outside the cut.An idol of Ambal is also kept in the sanctum sanctorum.Along with the old Nandi there is also a new Nandi.Daily puja takes place.All festivals are held here.The pond is located behind the temple.Contact Mr. Nagappan-9566531660, 9787525932, Mr. Somasundaram-996242033, Mr. Yehumalai-9787760263.Seyyur is 13 km from here. Sri Thandavaraya Swami did penance on a small hill in this town about 200 years ago.There they used to worship the Tirunamam and Chakram which were naturally formed on a rock.After traveling for some time, the Swami attained siddhi in a village called Amayampattu near Upper Maruvathur.The villagers of Nidankaruna have taken permission from the disciples who were with Swami and have built a small temple at the place where Swami stayed.Contact Mr. Charathi - 9840545560, Mr. Nithyanandam - 9840053567."
167,90,Kadukalur Temples,Sri Adikesava Perumal Temple,"Sri Adhikesava Perumal Sridevi Bhudevi, Sri Ambujavalli, Shree Andal","Kadugalur village near Sunampedu in Seyyur district, Kanchi district",Sunampedu,Kanchi district,,Intact,Functional,Sunampedu is 7 km from here,"Sri Adikesava Perumal Temple This temple is located in Kadugalur village near Sunampedu in Seyyur district, Kanchi district.Below the vimana, which is said to be the Adi Vimana, Sri Adhikesava Perumal Sridevi Bhudevi with the Mothers presents a scene in the Thirukolam standing in the sanctum sanctorum.Sri Ambujavalli's mother has a temple in the prakaram in a separate shrine.There is also a Shree Andal shrine in the prakaram.Pujas are performed here according to the Vaikanasa Agama system.All the utsavams included in the Perumal temple are being conducted here formally.The theertha here is known as Adhikesava theertha.Contact Mr. Shriram Bhatter-9843901224.He manages the temple in his own way.Besides this, he also runs a cowshed with 30 cows.Sunampedu is 7 km from here.is far away. Sri Agastheeswarar Temple The temple, which was in ruins until recently, is now built and consists of a three-tiered Rajagopuram.Moolavar Sri Agastheeswarar is an east facing shrine.Ambal Sri Muthambikai is a south facing shrine.Other shrines are Pancha Goshta Murthys, Vinayagar, Balamurugan, Bhairava, Chandikeswarar and Navagragam.The temple tree is a stone tree.Now there is Nagalinga tree too.The temple is well maintained and in good condition.Perhaps the puja is held here formally.Contact Mr. Rajamani Gurus-9600591708, Mr. Balakrishnan-9943731155, Mr. Vadivel-96261 30410. Buses, share auto available from Sunambed."
168,90,Kadukalur Temples,Sri Agastheeswarar Temple,"Sri Agastheeswarar (Moolavar), Ambal Sri Muthambikai, Pancha Goshta Murthys, Vinayagar, Balamurugan, Bhairava, Chandikeswarar, Navagragam",Kadugalur village near Sunampedu,Sunambed,Kanchi district,,Intact,Functional,"Buses, share auto available from Sunambed","Sri Adikesava Perumal Temple This temple is located in Kadugalur village near Sunampedu in Seyyur district, Kanchi district.Below the vimana, which is said to be the Adi Vimana, Sri Adhikesava Perumal Sridevi Bhudevi with the Mothers presents a scene in the Thirukolam standing in the sanctum sanctorum.Sri Ambujavalli's mother has a temple in the prakaram in a separate shrine.There is also a Shree Andal shrine in the prakaram.Pujas are performed here according to the Vaikanasa Agama system.All the utsavams included in the Perumal temple are being conducted here formally.The theertha here is known as Adhikesava theertha.Contact Mr. Shriram Bhatter-9843901224.He manages the temple in his own way.Besides this, he also runs a cowshed with 30 cows.Sunampedu is 7 km from here.is far away. Sri Agastheeswarar Temple The temple, which was in ruins until recently, is now built and consists of a three-tiered Rajagopuram.Moolavar Sri Agastheeswarar is an east facing shrine.Ambal Sri Muthambikai is a south facing shrine.Other shrines are Pancha Goshta Murthys, Vinayagar, Balamurugan, Bhairava, Chandikeswarar and Navagragam.The temple tree is a stone tree.Now there is Nagalinga tree too.The temple is well maintained and in good condition.Perhaps the puja is held here formally.Contact Mr. Rajamani Gurus-9600591708, Mr. Balakrishnan-9943731155, Mr. Vadivel-96261 30410. Buses, share auto available from Sunambed."
169,91,Aayakunnam Sivan Temple,Aayakunnam Sivan Temple,"Swami Thirunam Sri Choeeswarar, Ambal Sri Taiyalanaiki","Ayagunnam village, 7 km from Acharappakkam","Acharappakkam, Melmaruvathur",Chengalpattu,,Dilapidated,Functional,Minibuses ply from Melmaruvathur,"7 km from Acharappakkam.A 1,000-year-old temple in ruins at Ayagunnam village is undergoing renovation.Swami Thirunam Sri Choeeswarar.Ambal Sri Taiyalanaiki.There are no other shrines.The temple also has a Thirukkulam.Found with a rock inscription.There is a daily puja here.Annual Shivalaya Utsavams are held here.Contact Selvam-9626628266, 9444466441, Mr. Sivasundaram-9025447941, Mr. Jeeva-9791721180.Minibuses ply here from Melmaruvathur."
170,92,Kolathur Sivan Temple,Sri Visalakshi Ambal Sametha Sri Kailasanathar Temple,"Sri Kailasanathar, Sri Visalakshi Ambal, Vinayagar, Balamurugan, Navagragam",Kolathur,Acharappakkam,Chengalpattu,,Intact,Functional,"Well-connected by mini bus from Acharappakkam, 5 km to Tolappedu","Sri Visalakshi Ambal Sametha Sri Kailasanathar Temple is now resplendent.Like nowhere else, Swami is presented in a rectangular audaiyar.Ambal in Artha Mandapam.There are forms of Vinayagar and Balamurugan.Navagragam has been newly installed.Puja is performed here daily.In front of the temple there is a big pond and Vinayagar temple.. Contact Ayyavu- 9943586096, Mr. Narayanamurthy-9487609548, Mr. Ayyappan-6381034969.A mini bus comes here from Acharappakkam.From here Tolappedu is 5 km.Presently Pradosha Puja has been worshiped and started."
171,93,Arappedu Sivan Temple,Arappedu Sivan Temple,"Shiva, Nandi",Arappedu village,Acharappakkam (5 km),,,,Functional,Accessible via Acharappakkam (5 km),"In this village they have built a shed with Shiva and Nandisila which were outside the cut Swami's name is not known.Daily puja takes place.Pradosham, Sivaratri, Karthikai Deepam, Annabishekam, Chitra Poornami utsavams are held very well. Contact Mr. Selvam-9894366739, Mr. Raja-98947 49415, Mr. Kanniyappan-9944819593.Acharappakkam is 5 km from here. There is also a Bhajan temple in this village.There are idols of Rukmai Sametha Pandurangan.There are festivals on Puratasi Shani, Krishna Jayanti, Rama Navami, Vaikunda Ekadasi.Swami departure also takes place."
172,93,Arappedu Sivan Temple,Arappedu Bhajan Temple,Rukmai Sametha Pandurangan,Arappedu village,Acharappakkam (5 km),,,,Functional,Accessible via Acharappakkam (5 km),"In this village they have built a shed with Shiva and Nandisila which were outside the cut Swami's name is not known.Daily puja takes place.Pradosham, Sivaratri, Karthikai Deepam, Annabishekam, Chitra Poornami utsavams are held very well. Contact Mr. Selvam-9894366739, Mr. Raja-98947 49415, Mr. Kanniyappan-9944819593.Acharappakkam is 5 km from here. There is also a Bhajan temple in this village.There are idols of Rukmai Sametha Pandurangan.There are festivals on Puratasi Shani, Krishna Jayanti, Rama Navami, Vaikunda Ekadasi.Swami departure also takes place."
173,94,Poongulam Ponniamman,Poongulam Ponniamman,"Ponniamman, Saptha Kanniya, Ganesha, Shiva Lingam",Poongulam village,Tirukulam,,,Dilapidated,Functional,Accessible by bus from Kayapakkam,"Poongulam village has an ancient Ponniamman temple.The other deities here are Saptha Kanniya, Ganesha, and a broken Shiva Lingam is also found here.Puja is held twice a day.Tirukulam is nearby.Contact Mr Kandeepan-9655743086, Mr Kumar-9789418252.Acharappakkam is 17 km from here.A bus comes here from Kayapakkam."
174,95,Porur Sivan Temple,Porur Sivan Temple,Shiva Lingam and Nandi,Porur village,Madhurandakam,Kanchi district,,Dilapidated,Functional,"Well-connected by bus (Chennai-Kadapakkam 81, Madhurantagam-Kadapakkam 81)","A Shiva temple is in a completely dilapidated state at Porur village of Madhuranthakam circle in Kanchi district.Only Shiva Lingam and Nandi are the deities left here.The people of this place say that Ambalsila is broken.Swami Thirunamam Srikoluntheeswarar.Daily puja is performed to Swami.The construction of the temple is currently underway.There is also a temple here.From here, Madhurandakam is 22 km.Buses that come here are Chennai-Kadapakkam (81) and Madhurantagam-Kadapakkam (81).Contact Mr. Padmanaban-9894623503, Mr. Velu-9047664672, Lilavati- 7305145779."
175,96,Kalpattu Sivan,Kalpattu Sivan,Lord Shiva,"Kalpattu village, on the bank of a lake",Sunampedu (7 km),,,Dilapidated,Non-Functional,Accessible via Sunampedu (7 km away),"The work of constructing a temple for Lord Shiva, which was left unattended on the bank of the lake, is going on in Kalpattu village.Swami is currently in Tanya Vasa.Sunampedu is 7 km from here.Contact Mr Ranganathan-8489795445, Mr Mohan-9442967751, Mr Murugesa Asari-979751 087194."
176,97,Agaram Draupathi Amman Temple,Agaram Draupathi Amman Temple,"Draupadi Amman, Perumal, Shiva lingam, Nandi",Akaram village,Sunampedu (6 km),,,,Functional,Well-connected,"About 600 years old Draupadi Amman temple is in Akaram village.Perumal worship also took place in this temple during that time.A Shiva lingam and a Nandi were taken from outside the Vinayagar temple in this town and are currently worshiped in this temple.A temple is also found nearby.A 10 day festival is held for Goddess Draupadi once in 6 years.Contact Mr Ranganathan-9524040048, Mr Rajendran-9751163451, Mr Kamalakannan-9025741649.Sunampedu is 6 km from here."
177,98,Nadupalani Balamurugan,Nadupalani Balamurugan,"Lord Muruga (Balamurugan), Vinayaka, Rajarajeshwari, Nalvar, Arunagirinath, Chidambara Swami, Ramalinga Vallalar, Sri Siddha (Jeevasamadhi)",Nadupalani village,Acharappakkam,,,Intact,Functional,Accessible by share auto from Acharappakkam (6 km away),"Kumaran, who is visible from every hill, has a temple on a small hill here.This temple is located in Nadupalani village, 6 km from Acharappakkam.About 60 years ago, the temple came into existence due to Annara's hard work as Sri Muthuswamy Siddhar had a vision of Lord Muruga in his dream and ordered to build a temple here.Sri Muthuswamy Siddhar built this temple as a disciple of Sri Damodaradas of Phairaki Mutt, Choukarpet, Chennai.They also consecrated the work Annar got on the hill.Siddhar Peruman has got the help of many people in the construction of the temple.It is unique that this temple and the very old Perumbherkandigai Murugan temple are located in the same straight line.The hill is 250 feet high and has 240 steps.Other shrines here are Vinayaka, Rajarajeshwari, Nalvar, Arunagirinath, Chidambara Swami, Ramalinga Vallalar.Also there is Jeevasamadhi of Sri Siddha here. Here comes ShareAuto from Acharappakkam.Temple Timings 7 AM-12 AM, 4.30 PM-7.30 PM.Contact Mr. Chandrakant-98940 16577, Mr. Parthiban-9841535637, Mr. Saravanan-7904805027."
178,99,Perunkaranai Sivan Temple,Perunkaranai Sivan Temple,"Shiva lingam, Ambal",Perunkaranai village,Achirapakkam,,,Dilapidated,Functional,"Well-connected by road, 6 km from Achirapakkam","To find out about the details of the ancient temple, when they came to this village and inquired about the location of the Shiva temple, the villagers showed them a hilly island in the middle of the fields surrounded by trees and thorn bushes.The temple was visible only when I went inside with the villagers after a lot of effort.A Shiva lingam was found inside the dilapidated sanctum sanctorum.Ambal statue buried in soil in Ambal sanctum sanctorum.Nothing else was visible in that environment.First of all, we prayed the people of the village to go to the temple easily by doing plowing and removing the trees and thorns there.They also repaired the place immediately.Currently the construction of the temple is going on.Nothing is known about the history of the temple.Contact Mr. Chandrakant-9894016577, Presently the temple is being constructed and the puja is being held.From Achirapakkam you can reach Perungaranai village after 6 km by road."
179,100,Parukkal Sivalayam,Parukkal Sivalayam,"Shivlingam, Amman (Parvati), Ganesha, Lakshmi, Saraswati, Durga, Subramaniyar, Chandikeswarar, Bhairava, Chandran, Navagraha",Parukkal village,Madhuranthakam,Kanchipuram,,Intact,Functional,Well-connected by bus (Madhuranthakam-Kottaipunjai route),"The people of this village built a new temple with the idols of Shivlingam, Amman and Ganesha outside the cut.All the other deities were newly installed.Swami and Ambal Tirunama are not known.Paramashiva is called Parvati.Along with Shiva Koshta, there are shrines of Lakshmi, Saraswati and Durga in Ambal Koshta.Other shrines are Ganapati in prakaram, Subramaniyar with two deities, Chandikeswarar, Bhairava, Chandran and Navagraha.There is a big pond behind the temple.Sometimes a pooja takes place.All festivals are held here in a grand manner.Thala Vridsha is the royal tree.Contact Mr. Bala Iyer- 9498083287, Mr. Padmanabha Rediyar-9443209279, Mr. Mani Mudaliar-96266 46917. The bus that comes here is Madhuranthakam-Kottaipunjai (Tee 1)."
180,101,Indhalur Sivan Temple,Indhalur Sivan Temple,"Sri Manapureeswarar, Ambal Thirunamam Shri Kailaiyartha Kanni, Dwara Ganapati, Balamurugan, Kanni Nooga Ganapati, Vallidevasena, Goddess Murugan, Chandikeswarar, Bhairava, Nalvar, Navagragam",Indalur village,"Seyyur, Madhurandakam, Acharappakkam",Kanchi district,Pallavar period,Dilapidated,Functional,Accessible by mini buses from Madhurandakam and Acharappakkam,"An 1100 year old temple is located in Indalur village of Seyyur circle, Kanchi district.Sri Manapureeswarar has risen as the source in the stone temple with the flagpole.Ambal Thirunamam Shri Kailaiyartha Kanni.The temple was built during the Pallavar period.Currently being renovated with a 5 level Raja Gopuram.The shrines here are Dwara Ganapati, Balamurugan, Kanni Nooga Ganapati, Vallidevasena along with Goddess Murugan, Chandikeswarar, Bhairava, Nalvar and Navagragam.Sometimes a pooja takes place.Contact Mr. Kuppa Rediyar-9444698336, Mr. Ramamurthy-94420 29015, Mr. Murugan-9487231852.Mini buses come here from Madhurandakam, Acharappakkam. place of remedy For the marriage, Swami has two garlands and takes one of them home.After getting married, couples should come and anoint the Lord and light a ghee lamp."
181,102,Kayappakkam Siva Vishnu Temple,Kayappakkam Siva Temple (Eason Sri Theertha Greeswarar Temple),"Eason Sri Theertha Greeswarar, Ambal Thirunamam Sri Tripurasundari, Pancha Goshtam, Kanni Mooka Ganapati, Valli Devasena Sametha Arumukhar, Chandikeshwara, Navagragam, Ganapati, Arumukhar, Bhikshadanar, Nalvar, Saraswati, Kundodharan, Bhairava, Surya",Kayapakkam,Achirubakkam (7 km),Kanchipuram,Chola (King Rajaraja Chola),Intact,Functional,"Well-connected (Kanchipuram-Kayapakkam, Tambaram-Kayapakkam, Achirubakkam-Kayapakkam bus routes)","This ancient temple enshrines Eason Sri Theertha Greeswarar.Ambal Thirunamam Sri Tripurasundari.It is known from inscriptions that this temple was built by King Rajaraja Chola.The other Devata Murthys enshrined in the prakaram here are Pancha Goshtam, Kanni Mooka Ganapati, Valli Devasena Sametha Arumukhar, Chandikeshwara and Navagragam.Ganapati, Arumukhar, Bhikshadanar in Maha Mandapam.Nalvar, Saraswati, Kundodharan, Bhairava, and Surya Sannadis .Brahma Utsavam was held earlier and is no more.A puja is held daily.Contact Mr. Nataraja Mudaliar-9677963601, Mr. Hari Iyer-9629120737. Perumal temple In the temple here, Sri Bhumi Nimya Sametha Adikesava Perumal is enshrined.Other sanctuaries include Garuda, Anjaneya, Sita Lakshmana, Sametha Rama.Puja takes place for a while.The place where this temple is located is Kayapakkam.From here Achirubakkam is 7 km.All the utsavams are held in these two temples.The buses that come here are Kanchipuram-Kayapakkam, Tambaram-Kayapakkam, Achirubakkam-Kayapakkam."
182,102,Kayappakkam Siva Vishnu Temple,Kayappakkam Perumal Temple (Sri Bhumi Nimya Sametha Adikesava Perumal Temple),"Sri Bhumi Nimya Sametha Adikesava Perumal, Garuda, Anjaneya, Sita Lakshmana Sametha Rama",Kayapakkam,Achirubakkam (7 km),Kanchipuram,,Intact,Functional,"Well-connected (Kanchipuram-Kayapakkam, Tambaram-Kayapakkam, Achirubakkam-Kayapakkam bus routes)","This ancient temple enshrines Eason Sri Theertha Greeswarar.Ambal Thirunamam Sri Tripurasundari.It is known from inscriptions that this temple was built by King Rajaraja Chola.The other Devata Murthys enshrined in the prakaram here are Pancha Goshtam, Kanni Mooka Ganapati, Valli Devasena Sametha Arumukhar, Chandikeshwara and Navagragam.Ganapati, Arumukhar, Bhikshadanar in Maha Mandapam.Nalvar, Saraswati, Kundodharan, Bhairava, and Surya Sannadis .Brahma Utsavam was held earlier and is no more.A puja is held daily.Contact Mr. Nataraja Mudaliar-9677963601, Mr. Hari Iyer-9629120737. Perumal temple In the temple here, Sri Bhumi Nimya Sametha Adikesava Perumal is enshrined.Other sanctuaries include Garuda, Anjaneya, Sita Lakshmana, Sametha Rama.Puja takes place for a while.The place where this temple is located is Kayapakkam.From here Achirubakkam is 7 km.All the utsavams are held in these two temples.The buses that come here are Kanchipuram-Kayapakkam, Tambaram-Kayapakkam, Achirubakkam-Kayapakkam."
183,103,Melkathirpur Sivan Temple,Melkathirpur Sivan Temple,"Sri Garandi Ishwar (Pundu Garadi Ishwarar), Vinayaka, Bala Subramaniam, Chandikeswarar, Nandi Devar",Melakadirpur village,Kanchipuram,Kanchipuram,,Intact,Functional,"Well-connected, 8 km from Kanchipuram with mini bus service","A temple about 1200 years old is found in Melakadirpur village.The Lord is called Sri Garandi Ishwar.It is said that once upon a time, elephants came here and damaged the crops, and Lord Shiva chased the elephants away with a stick, accepting the prayers of the villagers.Therefore, the name of the cause is known as Pundu Garadi Ishwarar.The small temple has a temple of Vinayaka and Bala Subramaniam in the Mahamandapam.Chandikeswarar has a shrine near the gomugam.Beautiful Nandi Devar in the hall outside.Here all the festivals are celebrated with grandeur.Important among them are Shivaratri 4 times, Annabhishekam, Thirukarthikai.Puja is performed daily.Contact Mr. Durai-9566939544, Mr. Srinivasan- 8056484373, Ramesh-9245868764.The village is 8 km from Kanchi.Mini buses come here. place of remedy For couples who have not had a child for a long time, if they come here and worship, they will soon get a son.It is also a remedial place to remove obstacles to marriage."
184,104,Chinnakayappakkam Sivan,Chinnakayappakkam Sivan,"Shiv Lingam, Nandi, Ambal Peedam, Arumukhar, Jeshta Devi",Chinna Kayapakkam village,Achirubakkam (10 km),,,Vettaiveli,Non-Functional,Remote,"Shiv Lingam, Nandi, Ambal Peedam, Arumukhar and Jeshta Devi idol are all found under a tree in the village of Chinna Kayapakkam.No one comes here and there is no worship.Contact Mr. Sobharaj-9751792308, Mr. Lakshmanan-9944072613, Srinivasan-7639547187.From here Achirubakkam-10 km."
185,105,Periyakalakkadi Sivan Temple,Periyakalakkadi Sivan Temple,"Shiva, Nandi",Periyakalakkadi village,Achirubakkam (15 km),,,Dilapidated,Functional,Bus route Tambaram-Vellalapatta available,"The people of this village have built a shed for Nandi, the Shiva lingam outside the cut.No details are known.Pooja is held here only once a week.The erstwhile temple pond has now turned into a small pond.Contact Mr. Muthu -8220414087,  6374888238. From here Achirubakkam is 15 km.The bus that comes here is Tambaram-Vellalapatta."
186,106,Vedalsivan Temple,Vedalsivan Temple,"Swami Thirunamam Sri Vadva Muganeeswarar, Ambal Sri Vasantanayaki, Old Ambal statue, Dakshinamurthy, Mahavishnu, Brahma, Kannimoolai Ganapati, Mahalakshmi, Jeshta Devi",Vedal village near Sunampedu in Seyyur circle of Kanchi district,Sunampedu,Kanchi district,,Dilapidated,Functional,"Well-connected by bus (Chengalpattu-Sunambedu 81, Madhuranthakam-Sunambedu), 10 km from Sunampedu","A very ancient temple is found in Vedal village near Sunampedu in Seyyur circle of Kanchi district.The temple is in a very dilapidated condition.Swami Thirunamam Sri Vadva Muganeeswarar.Ambal Sri Vasantanayaki.An old Ambal statue is also nearby.Inscriptions are found on the pillars of the Maha Mandapam.The sanctum is in the form of Gaja Prishta.There are idols of Dakshinamurthy, Mahavishnu and Brahma in the goshta.Kannimoolai Ganapati Shrine.Mahalakshmi and Jeshta Devi idols found in the lake are also found here.There is also a big pond in front of the temple.A puja is held daily.Contact Married Gurus- 9443074074, Mr. Velu Gurus-99443 26789. Sunampedu is 10 km from here.Buses coming here are Chengalpattu-Sunambedu (81, Madhuranthakam-Sunambedu)."
187,107,Puthirankottai Temples,Putrankottai Shiva Temple (Agastheeswarar Temple),"Sri Agastheeswarar, Ambal Sri Muthambikai, Kanni Koosa Ganapati, Valli Devasena Sametha Arumukhar, Sandikeswarar, Nalvar, Pancha Goshta Murthys",Putrankottai village near Sunampedu,Sunampedu (6 km),,,Intact,Functional,"Well-connected by bus (Chennai-Pandy 83, Chennai-Kadapakkam 81, Madhurandakam-Kadapakkam 81)","Putrankottai Shiva Temple A temple consecrated by Sri Agastya Maharishi.This temple is located in the village of Putrankottai near Sunampedu.If you pass Nandimandapam and enter this stone temple, you can have darshan of Sri Agastheeswarar who is facing east in the sanctum sanctorum.Ambal shrine facing south.In the prakaram are Kanni Koosa Ganapati, Valli Devasena Sametha Arumukhar, Sandikeswarar, Nalvar and Pancha Goshta Murthys.Ambal Tirunamam Sri Muthambikai.A period of puja takes place here.Temple priest Mr. Mataji-9840953704,.Contact Mr. Haridas-9445727848, Jagatheesan-9578340368.Sunampedu is 6 km from here.Sri Sivananda Saraswati Swami, who has set up an ashram in the nearby village, spent a large amount of money and renovated this temple and performed Kumbabhishekam in 2017.Buses arriving here are Chennai-Pandy (83, Chennai-Kadapakkam-81 Madhurandakam-Kadapakkam-81 place of remedy Those who want the blessing of a son, if they come to this temple and worship the Lord for 48 days with milk abhishekam, they will surely get the blessing of a son due to the grace of Eason. Putrankottai Perumal Temple Sri Govindaraja Perumal with Sri Devi Bhoodevi Mothers graces the Perumal temple here.The temple was built during the Pallavar period.There are Garuda and Anjaneya shrines.Pujas are performed here according to Vaikanasa Agama system.Festivals are held here on Rama Navami, Krishna Jayanti, Vaikunda Ekadasi and Puratasi Saturdays.Contact Mr. Gurumurthy-9751736728, Mr. Veeraragavan-9445748617, Mr. Satishkumar-8778932535.."
188,107,Puthirankottai Temples,Putrankottai Perumal Temple (Govindaraja Perumal Temple),"Sri Govindaraja Perumal, Sri Devi, Bhoodevi, Garuda, Anjaneya",Putrankottai village near Sunampedu,Sunampedu (6 km),,Pallava,Intact,Functional,"Well-connected by bus (Chennai-Pandy 83, Chennai-Kadapakkam 81, Madhurandakam-Kadapakkam 81)","Putrankottai Shiva Temple A temple consecrated by Sri Agastya Maharishi.This temple is located in the village of Putrankottai near Sunampedu.If you pass Nandimandapam and enter this stone temple, you can have darshan of Sri Agastheeswarar who is facing east in the sanctum sanctorum.Ambal shrine facing south.In the prakaram are Kanni Koosa Ganapati, Valli Devasena Sametha Arumukhar, Sandikeswarar, Nalvar and Pancha Goshta Murthys.Ambal Tirunamam Sri Muthambikai.A period of puja takes place here.Temple priest Mr. Mataji-9840953704,.Contact Mr. Haridas-9445727848, Jagatheesan-9578340368.Sunampedu is 6 km from here.Sri Sivananda Saraswati Swami, who has set up an ashram in the nearby village, spent a large amount of money and renovated this temple and performed Kumbabhishekam in 2017.Buses arriving here are Chennai-Pandy (83, Chennai-Kadapakkam-81 Madhurandakam-Kadapakkam-81 place of remedy Those who want the blessing of a son, if they come to this temple and worship the Lord for 48 days with milk abhishekam, they will surely get the blessing of a son due to the grace of Eason. Putrankottai Perumal Temple Sri Govindaraja Perumal with Sri Devi Bhoodevi Mothers graces the Perumal temple here.The temple was built during the Pallavar period.There are Garuda and Anjaneya shrines.Pujas are performed here according to Vaikanasa Agama system.Festivals are held here on Rama Navami, Krishna Jayanti, Vaikunda Ekadasi and Puratasi Saturdays.Contact Mr. Gurumurthy-9751736728, Mr. Veeraragavan-9445748617, Mr. Satishkumar-8778932535.."
189,108,Venmalagaram Perumal Temple,Venmalagaram Perumal Temple,"Sridevi Bhudevi Sametha Prasanna Venkatesa Perumal, Garuda, Narasimha, Andal",Venmalakaram,Tolluppedu (8 km),Chengalpattu,,Dilapidated,Functional,Well-connected (buses from Tolluppedu and Maduranthakam),"Source Sridevi Bhudevi Sametha Prasanna Venkatesa Perumal.Other shrines are Garuda, Narasimha, Andal.A new temple has been built while the old temple has fallen into disrepair.Inscriptions are found.There is a pond on the north side of the temple.A puja is held daily.Location is Venmalakaram.Tolluppedu is 8 km.Contact Mr. Chandran-8489319314, Mr. Srinivasan- 9629530285, There are buses from Tolluppedu, Maduranthakam."
190,109,Venmalagaram Sivan Temple,Venmalagaram Sivan Temple,"Shiva lingam, Sriadi Kailasanathar, Nandi Devar",Venmalakaram,"Tolappedu (8 km), Sunampedu (8 km), Madhurandakam, Tolluppet",,,Dilapidated,Functional,Well-connected (buses from Madhurandakam and Tolluppet),"The villagers of Venmalakaram have been worshiping the Shiva lingam which was outside till recently by building a shed.Swami Thirunamam Sriadi Kailasanathar.The statue of Nandi Devar is also ancient.No details about the temple are known.Contact Mr. Govindan-7708057049, Ms. Mangaiyarkarasi-9659889783.From here Tolappedu is 8 km.Sunampedu is 8 km.You can reach here by buses from Madhurandakam and Tolluppet."
192,110,Mathuranthagam Temples,Sri Lake Katha Ram Temple,"Sri Rama, Sita Devi, Lakshmana, Anjaneya, Andal, Chakrathalwar, Narasimha, Wodevar",Centrally located in Madhuranthakam,Karunkhuzi,Chengalpattu,,,Functional,"Well-connected (buses from Chennai, Chengalpattu on Chennai-Trichy highway)","Sri Lake Katha Ram Temple One of the 108 Divya Desams, this temple is centrally located in Madhuranthakam.Sri Ramabran presents Sita Devi with Lakshmana and Anjaneya in the sanctum sanctorum.The prakaram has shrines of Sita Devi, Andal, Chakrathathalwar, Narasimha, Wodevar and other great believers.The main tree of this thalam along with the flagpole is the Makilha tree.It is believed that Sri Periya Nambis preached to Sri Ramanuja in Avani month of Shukla Panchami sitting under it.The Thala Purana says that Sri Vibanda came to Maharishi's ashram and gave darshan while returning in the Pushpaka Vimana after killing Ravana.As a reminder of this, every year on the day of Pongal, Lord Rama gives a wake-up call to the nearby town of Karunkhuzi. place of remedy It is the best remedy to get the blessing of son and get rid of marriage obstacles.This place. Contact Mr. Krishna Bhattacharya (7708886360), Mr. Kumar -76393 39369, Mr. Maheswaran-9629400610.There are buses from Chennai, Chengalpattu to this place on the Chennai-Trichy highway. Sri Venkateswara Temple This ancient temple is located in the Kadapperi area of Maduranthakam.Lord Sri Venkateshwarar in the form of a big pana is facing east.Ambal Sri Meenakshi Devi is a south facing shrine.Five deity idols are sanctuaries in Goshta.There are shrines of Sri Vinayagar, Sri Subramaniyar, Sri Bhuvaneshwari, Nalvar, Sandikeswarar and Navagraha shrines in the prakaram.The inscriptions found here tell about the works and gifts made from Parantaka Chola I to Vikrama Pandyan period.Temple Theertha is Sarvaroka Nivarthi Theertha.The inscription says that a Pandya king bathed in this tirtha to get rid of his disease and worshiped the Lord.The Shiva lingam consecrated by that Pandya king is in the outer temple with the name Sri Pandiswarar.Contact Mr. Shanmukha Gurus-9087548299, Mr. Rajesh Gurus-9445748299. Mr. Senthilkumar 9003208585. Temple Opening Hours 7-11 AM 5-8 PM. The special feature of this temple is that there are four Bhairavas.History notes that Parantaka Chola I consecrated four Bhairava Murthys namely Sri Kala Bhairava, Sri Unmatthabhairava, Sri Adithangabhairava, and Swarna Agarshana Bhairava with colors representing the four Vedas.It was customary for many kings to come here before going to war and worship Eason. Sri Arulaleswarar Temple Moolavar Sri Arulaleswarar.Ambal Sri Elarkuzali.The temple is about two thousand years old.The temple consists of two prakaras, the flag tree and the Nandi Mandapam.There are shrines of Shiva Koshtas, Vinayagar, Valli Devasena Sametha Subramanya, Surya, Chandran, Bhairava, Nalvar and Navagraha.A two-period puja takes place.Contact Mr. Rajasiva Gurus-9677702991."
193,110,Mathuranthagam Temples,Sri Venkateswara Temple,"Lord Sri Venkateshwarar, Ambal Sri Meenakshi Devi, Sri Vinayagar, Sri Subramaniyar, Sri Bhuvaneshwari, Nalvar, Sandikeswarar, Navagraha, Four Bhairavas (Sri Kala Bhairava, Sri Unmatthabhairava, Sri Adithangabhairava, Swarna Agarshana Bhairava)",Kadapperi area of Maduranthakam,Maduranthakam,Chengalpattu,Parantaka Chola I to Vikrama Pandyan period (Chola and Pandya dynasties),,Functional,"Well-connected (buses from Chennai, Chengalpattu)","Sri Lake Katha Ram Temple One of the 108 Divya Desams, this temple is centrally located in Madhuranthakam.Sri Ramabran presents Sita Devi with Lakshmana and Anjaneya in the sanctum sanctorum.The prakaram has shrines of Sita Devi, Andal, Chakrathathalwar, Narasimha, Wodevar and other great believers.The main tree of this thalam along with the flagpole is the Makilha tree.It is believed that Sri Periya Nambis preached to Sri Ramanuja in Avani month of Shukla Panchami sitting under it.The Thala Purana says that Sri Vibanda came to Maharishi's ashram and gave darshan while returning in the Pushpaka Vimana after killing Ravana.As a reminder of this, every year on the day of Pongal, Lord Rama gives a wake-up call to the nearby town of Karunkhuzi. place of remedy It is the best remedy to get the blessing of son and get rid of marriage obstacles.This place. Contact Mr. Krishna Bhattacharya (7708886360), Mr. Kumar -76393 39369, Mr. Maheswaran-9629400610.There are buses from Chennai, Chengalpattu to this place on the Chennai-Trichy highway. Sri Venkateswara Temple This ancient temple is located in the Kadapperi area of Maduranthakam.Lord Sri Venkateshwarar in the form of a big pana is facing east.Ambal Sri Meenakshi Devi is a south facing shrine.Five deity idols are sanctuaries in Goshta.There are shrines of Sri Vinayagar, Sri Subramaniyar, Sri Bhuvaneshwari, Nalvar, Sandikeswarar and Navagraha shrines in the prakaram.The inscriptions found here tell about the works and gifts made from Parantaka Chola I to Vikrama Pandyan period.Temple Theertha is Sarvaroka Nivarthi Theertha.The inscription says that a Pandya king bathed in this tirtha to get rid of his disease and worshiped the Lord.The Shiva lingam consecrated by that Pandya king is in the outer temple with the name Sri Pandiswarar.Contact Mr. Shanmukha Gurus-9087548299, Mr. Rajesh Gurus-9445748299. Mr. Senthilkumar 9003208585. Temple Opening Hours 7-11 AM 5-8 PM. The special feature of this temple is that there are four Bhairavas.History notes that Parantaka Chola I consecrated four Bhairava Murthys namely Sri Kala Bhairava, Sri Unmatthabhairava, Sri Adithangabhairava, and Swarna Agarshana Bhairava with colors representing the four Vedas.It was customary for many kings to come here before going to war and worship Eason. Sri Arulaleswarar Temple Moolavar Sri Arulaleswarar.Ambal Sri Elarkuzali.The temple is about two thousand years old.The temple consists of two prakaras, the flag tree and the Nandi Mandapam.There are shrines of Shiva Koshtas, Vinayagar, Valli Devasena Sametha Subramanya, Surya, Chandran, Bhairava, Nalvar and Navagraha.A two-period puja takes place.Contact Mr. Rajasiva Gurus-9677702991."
194,110,Mathuranthagam Temples,Sri Arulaleswarar Temple,"Moolavar Sri Arulaleswarar, Ambal Sri Elarkuzali, Shiva Koshtas, Vinayagar, Valli Devasena Sametha Subramanya, Surya, Chandran, Bhairava, Nalvar, Navagraha",Madhuranthakam area,Madhuranthakam,Chengalpattu,,,Functional,,"Sri Lake Katha Ram Temple One of the 108 Divya Desams, this temple is centrally located in Madhuranthakam.Sri Ramabran presents Sita Devi with Lakshmana and Anjaneya in the sanctum sanctorum.The prakaram has shrines of Sita Devi, Andal, Chakrathathalwar, Narasimha, Wodevar and other great believers.The main tree of this thalam along with the flagpole is the Makilha tree.It is believed that Sri Periya Nambis preached to Sri Ramanuja in Avani month of Shukla Panchami sitting under it.The Thala Purana says that Sri Vibanda came to Maharishi's ashram and gave darshan while returning in the Pushpaka Vimana after killing Ravana.As a reminder of this, every year on the day of Pongal, Lord Rama gives a wake-up call to the nearby town of Karunkhuzi. place of remedy It is the best remedy to get the blessing of son and get rid of marriage obstacles.This place. Contact Mr. Krishna Bhattacharya (7708886360), Mr. Kumar -76393 39369, Mr. Maheswaran-9629400610.There are buses from Chennai, Chengalpattu to this place on the Chennai-Trichy highway. Sri Venkateswara Temple This ancient temple is located in the Kadapperi area of Maduranthakam.Lord Sri Venkateshwarar in the form of a big pana is facing east.Ambal Sri Meenakshi Devi is a south facing shrine.Five deity idols are sanctuaries in Goshta.There are shrines of Sri Vinayagar, Sri Subramaniyar, Sri Bhuvaneshwari, Nalvar, Sandikeswarar and Navagraha shrines in the prakaram.The inscriptions found here tell about the works and gifts made from Parantaka Chola I to Vikrama Pandyan period.Temple Theertha is Sarvaroka Nivarthi Theertha.The inscription says that a Pandya king bathed in this tirtha to get rid of his disease and worshiped the Lord.The Shiva lingam consecrated by that Pandya king is in the outer temple with the name Sri Pandiswarar.Contact Mr. Shanmukha Gurus-9087548299, Mr. Rajesh Gurus-9445748299. Mr. Senthilkumar 9003208585. Temple Opening Hours 7-11 AM 5-8 PM. The special feature of this temple is that there are four Bhairavas.History notes that Parantaka Chola I consecrated four Bhairava Murthys namely Sri Kala Bhairava, Sri Unmatthabhairava, Sri Adithangabhairava, and Swarna Agarshana Bhairava with colors representing the four Vedas.It was customary for many kings to come here before going to war and worship Eason. Sri Arulaleswarar Temple Moolavar Sri Arulaleswarar.Ambal Sri Elarkuzali.The temple is about two thousand years old.The temple consists of two prakaras, the flag tree and the Nandi Mandapam.There are shrines of Shiva Koshtas, Vinayagar, Valli Devasena Sametha Subramanya, Surya, Chandran, Bhairava, Nalvar and Navagraha.A two-period puja takes place.Contact Mr. Rajasiva Gurus-9677702991."
195,111,Venpakkam Temples,Sri Kundaleeswarar Temple,"Shiva (Sri Kundaleeswarar), Ambal (Sri Yogamphikai)","Venpakkam village, 5 km near Singaperumal Temple",Singaperumalkoil,Chengalpattu,,Intact,Functional,"Well-connected, 5 km from Singaperumal Temple, contact numbers available","Shiva Sri Kundaleeswarar. Ambal                   Sri Yogamphikai Location 5 km near Singaperumal TempleIn the distance Venpakkam village. The Shivalinga found in a thorn bush was taken and the temple was built nearby.The three temples of Thirukkachur Sri Darshaneeswarar and Kolathur Tulaseeswarar Venpakakkam Kundaleeswarar are located in the same straight line.Considered to be the place of worship of the three Siddhas.Thirukkulam is also found nearby.Contact Mr. Bala Sundaram-9444707073 Mr. Balaraman-9380760432, Mr. Narasimhan-9751089926 Perumal temple Source: Sridevi Bhoodevi Sametha Sri Srinivasa Perumal Mother Sri Alamelumangai-Thani Sannathi. Arul Balikrar Srinivasa Perumal stood under Ananda Vimana in the stone temple with flagpole and prakara.A period of puja takes place.Contact Mr Santhanam-9176068608 Mr Balaraman 93807 60432."
196,111,Venpakkam Temples,Sri Srinivasa Perumal Temple,"Srinivasa Perumal (Vishnu), Mother Sri Alamelumangai-Thani Sannathi (Lakshmi)",Venpakkam village,Singaperumalkoil,Chengalpattu,,Intact,Functional,"Well-connected, stone temple with flagpole and prakara, contact numbers available","Shiva Sri Kundaleeswarar. Ambal                   Sri Yogamphikai Location 5 km near Singaperumal TempleIn the distance Venpakkam village. The Shivalinga found in a thorn bush was taken and the temple was built nearby.The three temples of Thirukkachur Sri Darshaneeswarar and Kolathur Tulaseeswarar Venpakakkam Kundaleeswarar are located in the same straight line.Considered to be the place of worship of the three Siddhas.Thirukkulam is also found nearby.Contact Mr. Bala Sundaram-9444707073 Mr. Balaraman-9380760432, Mr. Narasimhan-9751089926 Perumal temple Source: Sridevi Bhoodevi Sametha Sri Srinivasa Perumal Mother Sri Alamelumangai-Thani Sannathi. Arul Balikrar Srinivasa Perumal stood under Ananda Vimana in the stone temple with flagpole and prakara.A period of puja takes place.Contact Mr Santhanam-9176068608 Mr Balaraman 93807 60432."
197,113,Venkatapuram Temples,Sri Vaidyanatha Eshwar Temple,"Sri Vaidyanatha Eshwar, Sri Thayalanaiki, Sri Vinayagar, Sri Murugan, Sri Sandikeswarar, Sribhairava","Venkatapuram village, 4 km from Oragadam on road from Sinhaperumal Temple",Oragadam,,,Intact,Functional,Well-connected,"Shiva Sri Vaidyanatha Eshwar Ambal Sri Thayalanaiki Shrines Sri Vinayagar, Sri Murugan, Sri Sandikeswarar, Sribhairava locationOragadam from Sinhaperumal Temple 4 km on the road.Venkatapuram in the distance This temple is in the village  Temple Timings 8.30 AM to 6 PM. Contact Mr. Subramani-9841761714, Mr. Tharuman-9381803695 Mr. Gunamarunthan  -9380612065 Sri Kalyana Varadaraja Perumal as Sridevi Bhoodevi Samethar has a temple in this Venkatapuram village.Standing column.Perhaps the puja takes place daily.Contact Mr Sridharan-94454 00614. Mr Raju Iyengar-9941371002."
198,113,Venkatapuram Temples,Sri Kalyana Varadaraja Perumal Temple,"Sri Kalyana Varadaraja Perumal, Sridevi, Bhoodevi",Venkatapuram village,Oragadam,,,Intact,Functional,Well-connected,"Shiva Sri Vaidyanatha Eshwar Ambal Sri Thayalanaiki Shrines Sri Vinayagar, Sri Murugan, Sri Sandikeswarar, Sribhairava locationOragadam from Sinhaperumal Temple 4 km on the road.Venkatapuram in the distance This temple is in the village  Temple Timings 8.30 AM to 6 PM. Contact Mr. Subramani-9841761714, Mr. Tharuman-9381803695 Mr. Gunamarunthan  -9380612065 Sri Kalyana Varadaraja Perumal as Sridevi Bhoodevi Samethar has a temple in this Venkatapuram village.Standing column.Perhaps the puja takes place daily.Contact Mr Sridharan-94454 00614. Mr Raju Iyengar-9941371002."
199,114,Kolathur Tmples,Thirunarayana Perumal Temple,"Thirunarayana Perumal, Sri Amodhavalli, Sri Krishna, Sri Andal, Sri Desikar, Alwar, Sri Rama, Sri Anjaneya","On Oragadam Road from Singaperumal Temple, 5 km from Kulathur","Singaperumal, Kulathur",,Vikrama Chola,,Functional,On Oragadam Road from Singaperumal Temple,"Thirunarayana Perumal Temple Source: Sridevi Bhoodevi Sametha Sri Thirunarayana Perumal Mother Sri Amodhavalli is a separate shrine. Other shrines are Sri Krishna, Sri Andal, Sri Desikar, Alwar, Sri Rama, and Sri Anjaneya. Location               On Oragadam Road from Singaperumal Temple 5 kmKulathur is far away. The inscription says that it was built by a king named Vikrama Chola.A period of puja takes place.Contact Mr. Santhanam Bhattacharya-91760 68608 Sri Tulaseeswarar Temple Shiva                 Sri Tulaseeswarar Ambal           Sri Vilvanaiaki Shrines Pancha Goshtam, Vinayagar, Ongara form with twelve arms, Subramaniyar, Chandikeshwara, auspicious Kalyana Durga in separate shrine, Surya, Chandran, Bhairava, Navagraha. It is one of the 108 temples consecrated by Sage Sri Agathiya Munivar.Thala History News that Lord Ardhanareeswarar presented a kolam to Sri Agasthya.Built during the Vikrama Chola era, this temple has recently been newly constructed.Contact Mr. Ramesh-9444022133, Mr. Raja-9380706698, Mr. Selvaraj-9443264215."
200,114,Kolathur Tmples,Sri Tulaseeswarar Temple,"Sri Tulaseeswarar (Shiva), Sri Vilvanaiaki (Ambal), Pancha Goshtam, Vinayagar, Ongara (twelve arms), Subramaniyar, Chandikeshwara, Kalyana Durga, Surya, Chandran, Bhairava, Navagraha",,Kolathur,,Vikrama Chola,Intact,Functional,,"Thirunarayana Perumal Temple Source: Sridevi Bhoodevi Sametha Sri Thirunarayana Perumal Mother Sri Amodhavalli is a separate shrine. Other shrines are Sri Krishna, Sri Andal, Sri Desikar, Alwar, Sri Rama, and Sri Anjaneya. Location               On Oragadam Road from Singaperumal Temple 5 kmKulathur is far away. The inscription says that it was built by a king named Vikrama Chola.A period of puja takes place.Contact Mr. Santhanam Bhattacharya-91760 68608 Sri Tulaseeswarar Temple Shiva                 Sri Tulaseeswarar Ambal           Sri Vilvanaiaki Shrines Pancha Goshtam, Vinayagar, Ongara form with twelve arms, Subramaniyar, Chandikeshwara, auspicious Kalyana Durga in separate shrine, Surya, Chandran, Bhairava, Navagraha. It is one of the 108 temples consecrated by Sage Sri Agathiya Munivar.Thala History News that Lord Ardhanareeswarar presented a kolam to Sri Agasthya.Built during the Vikrama Chola era, this temple has recently been newly constructed.Contact Mr. Ramesh-9444022133, Mr. Raja-9380706698, Mr. Selvaraj-9443264215."
201,115,Appur Temples,Sri Nitya Kalyana Prasanna Venkatesa Perumal Temple,Sri Nitya Kalyana Prasanna Venkatesa Perumal (Vishnu),"Village of Appur, on Olashada Kundram hill (500 steps)",Singaperumal Temple-Oragadam road,,,Intact,Functional,"Moderate (500 steps climb, on main road to Singaperumal Temple-Oragadam)","During the Treta Yuga, Sri Rama's devotee Hanuman took Sanjeevi Hill and while coming to Agaya Marga, a small piece fell down and became a small hill.This small hill with lots of herbs was called Olashada Kundram.It is believed that many Siddhas are still undergoing penance on this rare mountain.Presently located in the village of Appur, one can climb 500 steps on this hill and have darshan of Sri Nitya Kalyana Prasanna Venkatesa Perumal.Small stone temple.In the sanctum sanctorum alone blesses.Because Perumal resides in the chest, sarees are worn as clothing for Perumal. Sri Nitya Kalyana Prasanna Venkatesa Perumal will be benefited if he comes to pray for the marriage ban to melt his heart. This temple is situated on the road leading to Singaperumal Temple-Oragadam.Temple timings are 8-9.30 am on Monday and Friday.8-11.30 am on Saturday and Sunday.For further contact Mr. Sri Raman Bhattacharya 9952110109, Mr. Santhanam-9443555338, Mr. Ravi Chandran-9840091587. Sri Agastheeswarar Temple A small stone temple is located in the village of Appur.In the sanctum sanctorum, there is only the Sivalingam Nandikeshwar, and the Sri Akhilandeshwari idols with broken legs.No other idols were found.Sri Vinayaka and Muruga can be seen in relief on the facade.No pujas are held here.The temple is in need of repair.Contact Mr. Parthasarathy-9962167350, Mr. Tillibabu-9444298602, Mr. Ramesh- 9095122031."
202,115,Appur Temples,Sri Agastheeswarar Temple,"Sivalingam (Shiva), Nandikeshwar, Sri Akhilandeshwari (broken legs), Sri Vinayaka and Muruga (relief)",Village of Appur,Singaperumal Temple-Oragadam road,,,Dilapidated,Non-Functional,Accessible in village,"During the Treta Yuga, Sri Rama's devotee Hanuman took Sanjeevi Hill and while coming to Agaya Marga, a small piece fell down and became a small hill.This small hill with lots of herbs was called Olashada Kundram.It is believed that many Siddhas are still undergoing penance on this rare mountain.Presently located in the village of Appur, one can climb 500 steps on this hill and have darshan of Sri Nitya Kalyana Prasanna Venkatesa Perumal.Small stone temple.In the sanctum sanctorum alone blesses.Because Perumal resides in the chest, sarees are worn as clothing for Perumal. Sri Nitya Kalyana Prasanna Venkatesa Perumal will be benefited if he comes to pray for the marriage ban to melt his heart. This temple is situated on the road leading to Singaperumal Temple-Oragadam.Temple timings are 8-9.30 am on Monday and Friday.8-11.30 am on Saturday and Sunday.For further contact Mr. Sri Raman Bhattacharya 9952110109, Mr. Santhanam-9443555338, Mr. Ravi Chandran-9840091587. Sri Agastheeswarar Temple A small stone temple is located in the village of Appur.In the sanctum sanctorum, there is only the Sivalingam Nandikeshwar, and the Sri Akhilandeshwari idols with broken legs.No other idols were found.Sri Vinayaka and Muruga can be seen in relief on the facade.No pujas are held here.The temple is in need of repair.Contact Mr. Parthasarathy-9962167350, Mr. Tillibabu-9444298602, Mr. Ramesh- 9095122031."
203,116,Mannivakkam Temples,Sri Manneeswarar Temple,"Sri Maneeswarar (Swayambu Murthy), Ambal Sri Marakatambikai, Kannimoolai Ganapati, Valli Devasena Sametha Subramaniyar, Sandikeswarar, Surya, Chandran, Bhairava, Sri Durgai",Mannivakkam,Tambaram (8 km),Kanchipuram,Chola King Kulothunga III,Intact,Functional,Well-connected with plenty of buses from Chennai and Tambaram on Tambaram-Kanchipuram road,"Sri Manneeswarar Temple Source Sri Maneeswarar- Swayambu Murthy. Ambal Sri Marakatambikai A stone temple with two prakaras and a flagpole.Built by the Chola King Kulothunga III.Five Goshta Murthys give darshan while crawling through the prakara.There are shrines of Kannimoolai Ganapati, Valli, Devasena Sametha Subramaniyar, Sandikeswarar, Surya, Chandran and Bhairava in the prakaram.Ganesha and Murugan forms are seen on both sides of the entrance gate of Mahamandapam.Rarely, the Nandi Devar in the prakaram offers a view towards the east.Sri Durgai shrine near Ambal shrine is a special feature.The prayers of the devotees are immediately fulfilled by the grace of Goddess Sri Durga.Vanni tree is the main tree here. Head history. Earlier this place was a big forest.Annie lived by hunting animals in the forest.Knowing that this is a sinful act, he came to this profession without any other option.Once when no animal was found, he cut the root of a Vanni tree to satisfy his hunger.The root grew longer and longer.Also look at the pattern of blood on the root.He was horrified and told the king about this.The king came immediately and saw a Shiva Lingam at that place.Even if they tried to take it outside with elephants, it was lingam.did not move.At that time, an order came from Asariri to build a temple on this spot and all the sins of that vedan were removed.It is said that the temple was built here accordingly. A man who is blessed by counting If you are suffering from any kind of illness, come here and sincerely pray to the Lord and Goddess, all the diseases will be cured.It is true. Timings of this temple are 7-10 AM and 5-7 PM.Also contact Mr. Narayanan-9710422954, Ms. Ramadevi-9445243489, Mr. Thangarajan- 9941256346, Mr. Jothimahalingam-7871566106.Tambaram is 8 km from here.There are plenty of buses from Chennai and Thambaparam to Mannivakkam on the Thambaram Kanchipuram road. Sri Komalavalli's mother was Sametha Sri Manivanna Perumal This temple is located in the western direction of the town.The old temple has been renovated and has a new luster.Pujas are held twice a day.Perumal presents the scene in a standing golem."
204,116,Mannivakkam Temples,Sri Manivanna Perumal Temple,"Sri Manivanna Perumal, Sri Komalavalli Thayar",Mannivakkam (western direction of town),Tambaram,Kanchipuram,,Intact,Functional,Well-connected with plenty of buses from Chennai and Tambaram on Tambaram-Kanchipuram road,"Sri Manneeswarar Temple Source Sri Maneeswarar- Swayambu Murthy. Ambal Sri Marakatambikai A stone temple with two prakaras and a flagpole.Built by the Chola King Kulothunga III.Five Goshta Murthys give darshan while crawling through the prakara.There are shrines of Kannimoolai Ganapati, Valli, Devasena Sametha Subramaniyar, Sandikeswarar, Surya, Chandran and Bhairava in the prakaram.Ganesha and Murugan forms are seen on both sides of the entrance gate of Mahamandapam.Rarely, the Nandi Devar in the prakaram offers a view towards the east.Sri Durgai shrine near Ambal shrine is a special feature.The prayers of the devotees are immediately fulfilled by the grace of Goddess Sri Durga.Vanni tree is the main tree here. Head history. Earlier this place was a big forest.Annie lived by hunting animals in the forest.Knowing that this is a sinful act, he came to this profession without any other option.Once when no animal was found, he cut the root of a Vanni tree to satisfy his hunger.The root grew longer and longer.Also look at the pattern of blood on the root.He was horrified and told the king about this.The king came immediately and saw a Shiva Lingam at that place.Even if they tried to take it outside with elephants, it was lingam.did not move.At that time, an order came from Asariri to build a temple on this spot and all the sins of that vedan were removed.It is said that the temple was built here accordingly. A man who is blessed by counting If you are suffering from any kind of illness, come here and sincerely pray to the Lord and Goddess, all the diseases will be cured.It is true. Timings of this temple are 7-10 AM and 5-7 PM.Also contact Mr. Narayanan-9710422954, Ms. Ramadevi-9445243489, Mr. Thangarajan- 9941256346, Mr. Jothimahalingam-7871566106.Tambaram is 8 km from here.There are plenty of buses from Chennai and Thambaparam to Mannivakkam on the Thambaram Kanchipuram road. Sri Komalavalli's mother was Sametha Sri Manivanna Perumal This temple is located in the western direction of the town.The old temple has been renovated and has a new luster.Pujas are held twice a day.Perumal presents the scene in a standing golem."
205,117,Silavattam Sivan Temple,Silavattam Sivan Temple,"Shiva Lingam, Nandi Devar",Silavatam,Madhuranthakam,,,,Functional,"Accessible via national highway, 2 km from Madhuranthakam","A Shiva lingam and an idol of Nandi Devar can be seen under the royal tree by the pond.Puja is performed daily to Shiva Lingam.No details.Contact Mr. Devarajan-8220230157.The town where this temple is located is called Silavatam, about 2 km after Madhuranthakam on the national highway.Located in the distance."
206,118,Umananchery Temples,Sri Vridhakriswarar Temple,"Swami Sri Vridhakriswarar, Ambal Sri Vridhambhikai, Pancha Goshta shrines, Chandikeshwara, Bhairava, Navagragam","Umanancheri village, about 6 km eastbound from Perungulathur after Chennai",Perungulathur,,Pallava period,Dilapidated,Functional,Well-connected (bus from Chennai Tambaram),"About 6 km on the eastbound road that branches off at Perungulathur after Chennai.By traveling you can reach Umanancheri village.The temple located in this town was built during the Pallavar period.The temple which used to have three temples now has a new smaller look.A stone temple with a hole shrine.Swami Sri Vridhakriswarar presents the scene on a square-shaped peedam.Ambal Sri Vridhambhikai.South facing shrine.Along with the Pancha Goshta shrines there are Chandikeshwara and Bhairava shrines of the Navagragam period.Temple Thala Vrutsam Vilvam.The temple tirtha is currently missing.It is revered as a healing place for curing ailments.In the morning of the month of Tai, the red rays of the sun fall on Swami Thirumeni and the puja is seen.Temple Priest Mr. Murthy Shivacharya-8124949696 For more details Mr. Viswanathan-9841287775 Mr. Rajendra Kumar-9566387667.Temple Timings 7am-10.30pm-5.30-7.30pm  Bus comes here from Chennai Tambaram. Sri Kothandaram Temple It seems that the Sri Vridhakriswarar temple here and this temple were built at the same time.Moolavar presents Sri Rama, Sita Devi, Lakshmana Bharata Chatrukanan and Hanuman as Sakhitam.Utsawar Sridevi  Boodevi Sametha Srinivasa Perumal.Tirupati Devasthanam is an adorable place.Chebbedu reports say that a Pallava king was suffering from an intractable stomach ache and on the advice of his Guru worshiped Sri Vridhakriswarar and got well and built Sri Kothandaram Temple and Thirukkulam here.Contact Mr. Rangarajan-8056273680, 9443143764 Mr. Vijayakumar-9884177148, Mr. Kesavabhattar-98404 99380 The temple pond is behind the temple.Darshan timings are 7.30-10.30 am and 5-7.30 pm"
207,118,Umananchery Temples,Sri Kothandaram Temple,"Moolavar: Sri Rama, Sita Devi, Lakshmana, Bharata, Chatrukanan, Hanuman as Sakhitam; Utsawar: Sridevi Boodevi Sametha Srinivasa Perumal",Umanancheri village,Perungulathur,,Pallava period,,Functional,Well-connected (bus from Chennai Tambaram),"About 6 km on the eastbound road that branches off at Perungulathur after Chennai.By traveling you can reach Umanancheri village.The temple located in this town was built during the Pallavar period.The temple which used to have three temples now has a new smaller look.A stone temple with a hole shrine.Swami Sri Vridhakriswarar presents the scene on a square-shaped peedam.Ambal Sri Vridhambhikai.South facing shrine.Along with the Pancha Goshta shrines there are Chandikeshwara and Bhairava shrines of the Navagragam period.Temple Thala Vrutsam Vilvam.The temple tirtha is currently missing.It is revered as a healing place for curing ailments.In the morning of the month of Tai, the red rays of the sun fall on Swami Thirumeni and the puja is seen.Temple Priest Mr. Murthy Shivacharya-8124949696 For more details Mr. Viswanathan-9841287775 Mr. Rajendra Kumar-9566387667.Temple Timings 7am-10.30pm-5.30-7.30pm  Bus comes here from Chennai Tambaram. Sri Kothandaram Temple It seems that the Sri Vridhakriswarar temple here and this temple were built at the same time.Moolavar presents Sri Rama, Sita Devi, Lakshmana Bharata Chatrukanan and Hanuman as Sakhitam.Utsawar Sridevi  Boodevi Sametha Srinivasa Perumal.Tirupati Devasthanam is an adorable place.Chebbedu reports say that a Pallava king was suffering from an intractable stomach ache and on the advice of his Guru worshiped Sri Vridhakriswarar and got well and built Sri Kothandaram Temple and Thirukkulam here.Contact Mr. Rangarajan-8056273680, 9443143764 Mr. Vijayakumar-9884177148, Mr. Kesavabhattar-98404 99380 The temple pond is behind the temple.Darshan timings are 7.30-10.30 am and 5-7.30 pm"
208,119,Nedunkundram Sivan Temple,Nedunkundram Sivan Temple,"Swami Sri Agastheeswarar, Ambal Shri Tripurasundari",Nedungunram,Perungulathur,,,,Functional,Well-connected,"Swami Sri Agastheeswarar Ambal Shri Tripurasundari Location: Nedungunram Darshan Timings 6-10 AM 5.30-8 PM Location     Near Perungulathur 4 Kms.Auto and bus facilities are available. Temple Theertha Brahma Theertha The main tree is the banyan tree Shrines Shiva Goshtam, Valli Devasena Subramanyar, Mahalakshmi, Sanaicharan, Bhairava, Surya, Four.and Navagraha. Rahu and Ketu are considered as parikara thalam. Contact Mr. Ramkumar-9841724234, Mr. Rajkumar-9940073127, Mr. Siva Kumar Sivacharyaar 9381051301."
209,120,Thimmavaram Sivan Temple,Thimmavaram Sivan Temple,"Sri Vaideeswarar, Ambal Sri Taiyalanaiki, Vinayagar, Subramaniyar, Bhairava, Navagragam, Padavettamman, Pancha Goshtam","Thimmavaram village, 2 km on the road from Chengalpattu to Kanchipuram","Chengalpattu, Kanchipuram",Kanchipuram,,Intact,Functional,Well-connected,"2 km on the road from Chengalpattu to Kanchipuram.In the distant village of Thimmavaram is the Sri Vaideeswarar temple.Ambal Sri Taiyalanaiki.Recently the temple has been repaired and pujas are being performed.Along with Pancha Goshtam, Vinayagar, Subramaniyar, Bhairava and Navagragam, the shrine of Padavettamman is a special feature of this temple.Temple priest Mr. Ashok Vathiar-9786977574. Mr. Ramu-8940486652, Thirubabu-8675788368."
210,121,Villiambakkam Temples,Sri Srinivasa Perumal Temple,"Srinivasa Perumal, Sridevi, Bhudevi, Alamelumangai, Vodeyavar, Sri Desikar, Sri Nammalwar, Sri Andal, Sri Vishwaksenaar, Navaneethakrishna, Sri Rama, Chakradhalwar",Villiambakkam village,"Chengalpattu, Kanchipuram",Chengalpattu,,Intact,Functional,"Well-connected by Chengalpattu-Kanchipuram bus route, 1 km from Williampakkam bus stop","Srinivasa Perumal Sri Srinivasa Perumal is presented in a kolam standing with Sridevi Budhevis under Ananda Vimana in this temple with Raja Gopuram and two Praharas.A separate shrine has a temple of Sri Alamelumangai mother.Vodeyavar, Sri Desikar, Sri Nammalwar, Sri Andal Sri Vishwaksenaar, Navaneethakrishna, Sri Rama, Chakradhalwar are seen in deities.Animadha Brahma Utsavam is special here.There are two periods of puja.Temple priest Thiruvaradaraja Pattar-9003400740.Come by Chengalpattu-Kanchipuram bus and get down at Williampakkam village, 1 km.If you come inside you can reach this temple. Sri Thokeeswarar Temple About 900 years old, this temple has been reconstructed and offers a view to the east in the sanctum sanctorum of Eesan Srithokkeeswarar.Ambal Sri Sornambikai shrine is facing south direction.Ambal also has pancha koshta murthas along with shiva koshta.The prakaram has shrines of Lord Ganesha, Murugan, Sandikeswarar, Bhairava, Surya, Chandra and Navagrahas.The temple is seen opposite the Thirtha Pond.A pooja takes place once.Temple Priest  Thrissuresh Gurus- 9942128510, Hours-8508971500"
211,121,Villiambakkam Temples,Sri Thokeeswarar Temple,"Thokeeswarar (Shiva), Sornambikai (Ambal), Ganesha, Murugan, Sandikeswarar, Bhairava, Surya, Chandra, Navagrahas",Villiambakkam village,"Chengalpattu, Kanchipuram",Chengalpattu,,Intact,Functional,"Well-connected, opposite Thirtha Pond in village center","Srinivasa Perumal Sri Srinivasa Perumal is presented in a kolam standing with Sridevi Budhevis under Ananda Vimana in this temple with Raja Gopuram and two Praharas.A separate shrine has a temple of Sri Alamelumangai mother.Vodeyavar, Sri Desikar, Sri Nammalwar, Sri Andal Sri Vishwaksenaar, Navaneethakrishna, Sri Rama, Chakradhalwar are seen in deities.Animadha Brahma Utsavam is special here.There are two periods of puja.Temple priest Thiruvaradaraja Pattar-9003400740.Come by Chengalpattu-Kanchipuram bus and get down at Williampakkam village, 1 km.If you come inside you can reach this temple. Sri Thokeeswarar Temple About 900 years old, this temple has been reconstructed and offers a view to the east in the sanctum sanctorum of Eesan Srithokkeeswarar.Ambal Sri Sornambikai shrine is facing south direction.Ambal also has pancha koshta murthas along with shiva koshta.The prakaram has shrines of Lord Ganesha, Murugan, Sandikeswarar, Bhairava, Surya, Chandra and Navagrahas.The temple is seen opposite the Thirtha Pond.A pooja takes place once.Temple Priest  Thrissuresh Gurus- 9942128510, Hours-8508971500"
212,122,Palur Temples,Sridevi Bhoodevi Sametha Sri Deivanayaka Perumal,"Sridevi, Bhoodevi, Sri Deivanayaka Perumal","Palur/Balur village, 12 km after Chengalpattu on Chengalpattu-Kanchipuram road",Chengalpattu,Kanchipuram,Pallava,Dilapidated,Functional,Well-connected - all Kanchipuram bound buses pass through,"Sridevi Bhoodevi Sametha Sri Deivanayaka Perumal.Standing column.There are only two temples with this name in Tamil Nadu and one in Tirunelveli district.The temple built during the Pallavar period has collapsed and now the Lord resides in a tile shed. Puja is held here only on Saturdays.12 km after Chengalpattu on the Chengalpattu-Kanchipuram road.Balur village is located far away.All Kanchipuram bound buses pass through this place.Contact Mr Murugan-98429 09725, Mr Balasubramanian-9791432068, Mr Babu=9042900317. Sri Pathankiswarar Temple Swami Sri Pathankiswarar, Ambal Sri Prabarambikai is the master of the water pipe. A large stone temple with two praharas.Both the shrines of Swami Ambal are facing east.There are pancha murtis in the lord koshta, vinayagar, murugan, sandikeswar, bhairava sun in the prakara and four shrines in the mahamandapam.It is called Bhaskara Kshetra as it was originally worshiped by Sri Surya.The theertha here is called Surya Pushkarani.Temple Archakar Thiru Ekambara Gurus-044 27437011 Temple Walk Opening Hours 8am-12pm 4-7pm.All the Shivalaya Utsavams are held here."
213,122,Palur Temples,Sri Pathankiswarar Temple,"Swami Sri Pathankiswarar, Ambal Sri Prabarambikai","Palur/Balur village, 12 km after Chengalpattu on Chengalpattu-Kanchipuram road",Chengalpattu,Kanchipuram,,Intact,Functional,Well-connected - all Kanchipuram bound buses pass through,"Sridevi Bhoodevi Sametha Sri Deivanayaka Perumal.Standing column.There are only two temples with this name in Tamil Nadu and one in Tirunelveli district.The temple built during the Pallavar period has collapsed and now the Lord resides in a tile shed. Puja is held here only on Saturdays.12 km after Chengalpattu on the Chengalpattu-Kanchipuram road.Balur village is located far away.All Kanchipuram bound buses pass through this place.Contact Mr Murugan-98429 09725, Mr Balasubramanian-9791432068, Mr Babu=9042900317. Sri Pathankiswarar Temple Swami Sri Pathankiswarar, Ambal Sri Prabarambikai is the master of the water pipe. A large stone temple with two praharas.Both the shrines of Swami Ambal are facing east.There are pancha murtis in the lord koshta, vinayagar, murugan, sandikeswar, bhairava sun in the prakara and four shrines in the mahamandapam.It is called Bhaskara Kshetra as it was originally worshiped by Sri Surya.The theertha here is called Surya Pushkarani.Temple Archakar Thiru Ekambara Gurus-044 27437011 Temple Walk Opening Hours 8am-12pm 4-7pm.All the Shivalaya Utsavams are held here."
214,123,Vadakkupattu Temples,Somasundereswarar Temple,"Shiva Sri Somasundareswarar, Ambal Sri Tripurasundari, Vinayagar, Valli Devasena with Murugan, Rama, Ayyappan, Swarna Akarshana Bhairava, Navagragam with Vahanams, Surya, Swami, Ambal Goshta","Vadakkupattu, 6 km from Oragada","Oragada, Chengalpattu",Chengalpattu,,,Functional,"Well-connected (Chengalpattu-Wadakupattu Bus route Tee 10, auto available from Oragada)","Somasundereswarar Temple Shiva Sri Somasundareswarar Ambal Sri Tripurasundari shrines Vinayagar in prakaram, Valli Devasena with deities Murugan, Rama.Ayyappan, Swarna Akarshana Bhairava, Navagragam with Vahanams, Surya, and Swami, Ambal Goshta sanctuaries are featured separately.There is a temple shrine.Puja is held twice.Temple priest Mr. 9597953775. location 6 km from Oragada.Auto is available from here.Chengalpattu-Wadakupattu Bus (Tee 10). Sri Sundara Varadaraja Perumal Temple Moolavar Sri Sundara Varadaraja is seen in the golam standing with Sridevi Bhudevi.Mother Sri Sundaravalli has a separate temple. Other shrines Sri Sadakopar, Sri Ramanujar, Sri Andal, Sri Chakradhalwar Sri Nardhana Krishna, Vishwaksena.There is Pushkarani. There are two periods of puja.Temple Priest Mr. Veeraragavan-9444795186 Contact Mr. Raghunath-9884070230, Mr. Sourirajan-9884576575. A child is a boon If you visit Sri Sundara Varadaraja Perumal and Sri Sundaravalli Thayar for 48 days and bring kunguma prasad to get child and get rid of marriage ban, the prayer will be fulfilled."
215,123,Vadakkupattu Temples,Sri Sundara Varadaraja Perumal Temple,"Moolavar Sri Sundara Varadaraja with Sridevi Bhudevi, Sri Sundaravalli Thayar, Sri Sadakopar, Sri Ramanujar, Sri Andal, Sri Chakradhalwar, Sri Nardhana Krishna, Vishwaksena","Vadakkupattu, near Somasundereswarar Temple","Oragada, Chengalpattu",Chengalpattu,,,Functional,"Well-connected (same area as Somasundereswarar Temple, accessible via Chengalpattu-Wadakupattu Bus)","Somasundereswarar Temple Shiva Sri Somasundareswarar Ambal Sri Tripurasundari shrines Vinayagar in prakaram, Valli Devasena with deities Murugan, Rama.Ayyappan, Swarna Akarshana Bhairava, Navagragam with Vahanams, Surya, and Swami, Ambal Goshta sanctuaries are featured separately.There is a temple shrine.Puja is held twice.Temple priest Mr. 9597953775. location 6 km from Oragada.Auto is available from here.Chengalpattu-Wadakupattu Bus (Tee 10). Sri Sundara Varadaraja Perumal Temple Moolavar Sri Sundara Varadaraja is seen in the golam standing with Sridevi Bhudevi.Mother Sri Sundaravalli has a separate temple. Other shrines Sri Sadakopar, Sri Ramanujar, Sri Andal, Sri Chakradhalwar Sri Nardhana Krishna, Vishwaksena.There is Pushkarani. There are two periods of puja.Temple Priest Mr. Veeraragavan-9444795186 Contact Mr. Raghunath-9884070230, Mr. Sourirajan-9884576575. A child is a boon If you visit Sri Sundara Varadaraja Perumal and Sri Sundaravalli Thayar for 48 days and bring kunguma prasad to get child and get rid of marriage ban, the prayer will be fulfilled."
216,124,Venkatamangalam Temples,Sri Amrithakateswarar Temple,"Amrithakateswarar (Shiva), Dwara Ganapati, Balamurugan, Dakshinamurthy, Sandikeswarar, Bhairava",Venkatamangalam village,"Vandaloo (10 km), Selaiyur (7 km)",,,Intact,Functional,"Buses from Tambaram (routes 55C, 51)","About 10 km from Vandaloo.There are three temples in Venkatamangalam village located far away.7 km from Selaiyur.You can reach this city by traveling.Now a small temple is built outside where all three Shiva Lingams are cut and worships are held.Sri Amrithakateswarar presents the scene on the square pedestal.There are shrines of Dwara Ganapati, Balamurugan, Dakshinamurthy, Sandikeswar and Bhairava.A jeeva samadhi is observed in the Prakara. For further contact, Mr. Periyakaruppan-9940339006, Mr. Ravi-7358739759., Thiruvenkata Perumal Temple Sri Thiruvenkata Perumal performs as Sridevi Bhoodevi Samethar in the newly constructed temple.Standing column.Mother Thiruvenkata Lakshmi.Andal and Anjaneyar shrines are in the Maha Mandapam  Temple Thirukulam Ksheerapti Pushkarani.. two work pujas are held.The main plant is the banyan tree.Contact Mr. Nagasubramanian- 9444276186, Mr. Varadaraja Bhatter-9677237556.Buses Thambaram- Venkatamangalam (55 C) D. ((51"
217,124,Venkatamangalam Temples,Thiruvenkata Perumal Temple,"Thiruvenkata Perumal with Sridevi and Bhoodevi, Thiruvenkata Lakshmi, Andal, Anjaneyar",Venkatamangalam village,"Vandaloo (10 km), Selaiyur (7 km)",,,Intact,Functional,"Buses from Tambaram (routes 55C, 51)","About 10 km from Vandaloo.There are three temples in Venkatamangalam village located far away.7 km from Selaiyur.You can reach this city by traveling.Now a small temple is built outside where all three Shiva Lingams are cut and worships are held.Sri Amrithakateswarar presents the scene on the square pedestal.There are shrines of Dwara Ganapati, Balamurugan, Dakshinamurthy, Sandikeswar and Bhairava.A jeeva samadhi is observed in the Prakara. For further contact, Mr. Periyakaruppan-9940339006, Mr. Ravi-7358739759., Thiruvenkata Perumal Temple Sri Thiruvenkata Perumal performs as Sridevi Bhoodevi Samethar in the newly constructed temple.Standing column.Mother Thiruvenkata Lakshmi.Andal and Anjaneyar shrines are in the Maha Mandapam  Temple Thirukulam Ksheerapti Pushkarani.. two work pujas are held.The main plant is the banyan tree.Contact Mr. Nagasubramanian- 9444276186, Mr. Varadaraja Bhatter-9677237556.Buses Thambaram- Venkatamangalam (55 C) D. ((51"
218,125,Karanai Puduchery Temple,Sri Karaneeswarar Temple,"Karaneeswarar (Shiva), Nandi, Ganesha, Jeshta Devi",Karanai Puducherry village,Kuduvancheri,,,Dilapidated,Functional,Remote,"Sri Karaneeswarar Temple It is about 5 km from Kuduvancheri.The temple is located in a distant village called Karanai Puducherry.Villagers are currently worshiping the Lord who was outside the cut by constructing a small shed.According to a preacher who visited this town, Nandi Devar has been consecrated towards the town.For further contact Mr Govindarajan-9710353901 Ganesha, Jeshta Devi and Nandi idols are found under a tree near the temple.."
219,126,Urapakkam Temple,Oorpakkam Sri Uraneeswarar Temple,"Uraneeswarar (Shiva), Poornambikai (Ambal), Naga","Oorpakkam (Urapakkam), GST Road",Kanchipuram,Kanchipuram,Pallava,Dilapidated,Functional,Well-connected,"Oorpakkam Sri Uraneeswarar Temple The big temple built during the Pallavar period was completely destroyed and only Swami had a temple under a tamarind tree.Kanchi is currently emerging as a stone temple as ordered by Srimaka Swami.All shrines are taking place.Ambal Namamsree Poornambikai.Oorpakkam is located at prime location on GST Road.According to Sri Paramacharya, Swami is facing north direction.Contact Mr. Uttrapati-8056171993, Mr. Mani Gurukul-8608178899.Considered as a place of worship of Naga."
220,127,Kannivakkam Temple,Kannivakkam Temple,"Shiva Sri Chandramouleswarar, Ambal Sri Soundaryanayaki, Dwara Ganapati, Valli Devasena Sametha Murugan, three Devata Murthys in Siva Koshta, three Goddesses in Ambal Koshta",Kannivakkam village,"Kuduvancheri, Kottamedu",,,Intact,Functional,"Well-connected via Kuduvancheri-Kottamedu road, bus route 55555 available","Shiva Sri Chandramouleswarar Ambal Sri Soundaryanayaki Location Kannivakkam village The route is on Kuduvancheri-Kottamedu road.Before Bus 55555 Shivalingam was taken under the royal tree and a new temple was built and worships are going on.Dwara Ganapati, Valli Devasena Sametha Murugan Siva Koshta has three Devata Murthys and Ambal Koshta has three Goddesses.For further contact Mr. Umapati-9941467278, Mr. Rajasekaran-9941936838."
221,128,Pandur Temple,Pandur Temple,"Sri Kailasanathar, Sri Vandarkuzali",Pandur village,Kuduvancheri,,,,Functional,"Accessible by bus from Guduvancheri-Tiruporur, Sembakkam","Shiva                              Sri Kailasanathar - North Ambal Sri Vandarkuzali - Northward Worships are being conducted from the outside in the sheet shed.Opposite is the pond.This temple is located 8 km from Kuduvancheri.Pandur village in the distance.This place can be reached by buses going to Guduvanchery-Tiruporur, Sembakkam.Contact Mr. Yuvraj-9841939444, Mr. Thanasekar-9710082341, Mr. Babu-9500174491."
222,129,Melkalvai Sivan Temple,Melkalvai Sivan Temple,"Swami Shri Manjunathar, Ambal Shri Manjarkuzali, Swami and Nandi Deva in Keerut Kottakai, Thala vrutsham Nagalingam",From Karumbakkam on the Melesvai village-Kudovancheri-Kottamedu road,Karumbakkam,,,Dilapidated,Non-Functional,Accessible by road from Karumbakkam,"Swami Shri Manjunathar Ambal Shri Manjarkuzali Location: You have to go from Karumbakkam on the Melesvai village-Kudovancheri-Kottamedu road. Contact Mr. Mohan-7299872928, Mr. Kumar-9710119216 Mr. Jagadevan-9941894091 The temple is currently under construction.Swami and Nandi Deva in Keerut Kottakai.Thala vrutsham Nagalingam. ."
223,130,Othivakkam Sri Othiswarar Temple,Othivakkam Sri Othiswarar Temple,"Shiva (Otheeswarar/Virupatseeswarar), Ambal (Thayalanaiki), Vinayaka, Subramaniya, Veerabhatra, Bhairava, Navagragam, Chandikeshwar, Nataraja, Sivakami","Odhivakkam village, on the way to Kuduvancheri-Kumizhi",Kuduvancheri/Kumizhi,,,Intact,Functional,"Well-connected (contact available, located on main road)","In ancient times, the temple was named Sri Thayalanaiki Sametha Virupatseeswarar, but now it is presented with the name Sri Otheeswarar.The inscriptions show that the temple is about 1700 years old, the place where Rahu and Indra performed the puja.Swami shrine facing east and Ambal shrine facing south.Shiva Goshta has pancha murtis and Ambal has goshta deities.Other shrines are Vinayaka, Subramaniya, Veerabhatra, Bhairava, Navagragam and Chandikeshwar.Nataraja and Sivakami made of stone are present in this temple.The royal tree, the banyan tree and the palm tree are considered here together as the main tree.It is believed that the Siddhas still worship here daily in the form of a white dragon.Even today you can see the sun's rays falling on Swami here every day.When you anoint the Swami with cow milk, you can see that the pot is showing a blue color.Rahu and Ketu are considered to be remedial for removing doshas.If you come here and pray to the Lord to find the missing object, you will get benefit. This temple is located in Odhivakkam village.On the way to Kuduvancheri-Kumizhi.Contact Mr. Parthasarathy-9710539246 A Shiva lingam is seen outside cut into the forest in this town. Shiv Lingam outside cut"
224,131,Kumizhi Sri Vedagiriswarar Temple,Kumizhi Sri Vedagiriswarar Temple,"Lord Sri Vedagiriswarar (east-facing), Goddess Sri Tripurasundari (south-facing), Bhairava, Vishnu Durga, Chandikeshwara, Navagraha, Surya, Chandra, and four other shrines","Kumizhi village, near Vandalur-Kelambakkam road, Kandigai, Kuduvancheri-Kottamedu road, Asthinapuram, Tamil Nadu",Kandigai (7 km west on Vandalur-Kelambakkam road),,,Vettaiveli,Functional,"Remote, accessible via forest paths; 2 km from Kumizhi village; reachable via Vandalur-Kelambakkam road to Kandigai (7 km west) or Kuduvancheri-Kottamedu road via Asthinapuram","This ancient temple is surrounded by hills on three sides and is located in a peaceful place with natural beauty.The old temple has completely disappeared and a new temple has been built with new splendor.Lord Sri Vedakriswarar blesses towards east and Goddess Sri Tripurasundari towards south.Goshta shrines, Bhairava, Vishnu Durga, Chandikeshwara, Navagraha, Surya, Chandra, and four shrines are separate.On the full moon day, many devotees come here to worship the Lord and perform grivalam.Thirukkulam located here is special.The rainwater flowing down the hills with different types of herbs mixes with the pond and becomes a good olashada, and it is a place where those who bathe in Thirukkulam get rid of the dew and get blessings.Contact Mr. Ramesh-9445781455, Mr. Wigneswaran-9941182848 This temple is about 2 km from Kumizhi village.Go to the forest.On the Vandalur-Kelambakkam road, a town called Kandigai is about 7 kms on the road going west.is far away.Or take Kuduvancheri=Kottamedu road and turn around at Asthinapuram to reach Kumizhi village."
225,132,Nallambakkam Sivan Temple,Nallambakkam Sivan Temple,"Shiva Lingam, Nandi, Ganesha","Nallampakkam village, near Kandigai on Vandalur-Kelambakkam road",Kandigai,Kanchipuram,,Dilapidated,Functional,"Remote, difficult access on hill with dangerous path","Eason presents a square plinth on a small hill.Stones have been taken from Shiva Lingam and Nandi all around by stone quarrying.In order to have darshan of Swami, one has to go carefully with one's life in hand. The place where this Lord's temple is located is Nallampakkam village.At Kandigai on the Vandalur- Kelambakkam road, take a right turn for 3 km.If you go, you can reach this temple.At the base of the hill is seen the idol of Ganesha.For further contact Mr. Sivagurunathan-9094159323, 9710965219. Sometimes the pooja takes place."
226,133,Keerapakkam Sivan Temple,Keerapakkam Sivan Temple,"Shiva (Shiva lingam), Nandi","8 KM from Keerpakkam-Urpakkam, under a neem tree",Keerpakkam-Urpakkam,,,,Functional,"8 km from Keerpakkam-Urpakkam, accessible by road","Location 8 KM from Keerpakkam-Urpakkam. An eight-legged Shiva lingam is found outside the town under a neem tree.A Nandi idol has been newly made and placed in front of the Swami.A large pond is also nearby.Contact Mr. Dhanapal 9841486224, Mr. Saravanan-9841202156, Mr. Arunachalam-9043167978 ."
227,134,Kalivanthapattu Temples,Sri Garkadeswarar Temple (Sri Karkadeswarar Temple),"Lord Shiva as Karkadeswarar, Ambal as Karkatanayaki, Ganesha, Balamurugan, Pancha Goshta Murthys, Bhairava, Chandikeswarar, Navagraha","Puduppolivo, near Kalivanthapattu","Tambaram, Kuduvancheri",,,Intact,Functional,Well-connected (buses from Tambaram and Kuduvancheri),"Sri Garkadeswarar Temple When Lord Shiva killed the two demons named Vilvalan and Vatabi as requested by the gods, Vatabi took the form of a crab and became united with the Lord.According to the demon's wish, Kali blessed him with a temple as a place of dosha removal.Lord Ambal Thirunamam Sri Karkatanayaki has the name Karkadeswarar because he slayed the demon in the form of a crab that removes Kali Dosha (Saturn) if you bathe in the temple pond and worship the Lord. The temple is now located in Puduppolivo.Ganesha and Balamurugan shrines on both sides of the front of the temple.There are Pancha Goshta Murthys, Bhairava, Chandikeswarar, and Navagraha shrines.Thirukulam is found in front of the temple.Contact Mr Veeraragavan-9094173252.There are buses from Tambaram and Kuduvancheri to reach here. . A Shiva lingam in the clearing A Shiva lingam is found outside the village of Kalivanthapattu.There are also broken idols of Nandi, Ganesha and Ambal.Swami is known as Sri Suyampeeswarar and Ambal as Sri Tripurasundari.The temple is near Thirukkulam.It is not known that any pujas are held here.For further contact Mr. Suresh- 9841957270. Sri Lakshminarayana Perumal This temple is about 600 years old and is now well maintained.Moolavar Sri Lakshmi Narayan gives the scene in the golam sitting on the lap of Goddess Lakshmi.The koshtha features the trinity of Dhanvantri, Varagi and Lakshmi Narasimha.In the Artha Mandapam there are trinity statues of Sri Desikar, Sri Ramanuja, and Hayagriva."
228,134,Kalivanthapattu Temples,Sri Suyampeeswarar Temple (Shiva lingam in clearing),"Sri Suyampeeswarar (Shiva), Ambal as Sri Tripurasundari, broken idols of Nandi, Ganesha, Ambal","Outside village of Kalivanthapattu, near Thirukkulam",Kalivanthapattu,,,Dilapidated,Non-Functional,Remote (outside village in clearing),"Sri Garkadeswarar Temple When Lord Shiva killed the two demons named Vilvalan and Vatabi as requested by the gods, Vatabi took the form of a crab and became united with the Lord.According to the demon's wish, Kali blessed him with a temple as a place of dosha removal.Lord Ambal Thirunamam Sri Karkatanayaki has the name Karkadeswarar because he slayed the demon in the form of a crab that removes Kali Dosha (Saturn) if you bathe in the temple pond and worship the Lord. The temple is now located in Puduppolivo.Ganesha and Balamurugan shrines on both sides of the front of the temple.There are Pancha Goshta Murthys, Bhairava, Chandikeswarar, and Navagraha shrines.Thirukulam is found in front of the temple.Contact Mr Veeraragavan-9094173252.There are buses from Tambaram and Kuduvancheri to reach here. . A Shiva lingam in the clearing A Shiva lingam is found outside the village of Kalivanthapattu.There are also broken idols of Nandi, Ganesha and Ambal.Swami is known as Sri Suyampeeswarar and Ambal as Sri Tripurasundari.The temple is near Thirukkulam.It is not known that any pujas are held here.For further contact Mr. Suresh- 9841957270. Sri Lakshminarayana Perumal This temple is about 600 years old and is now well maintained.Moolavar Sri Lakshmi Narayan gives the scene in the golam sitting on the lap of Goddess Lakshmi.The koshtha features the trinity of Dhanvantri, Varagi and Lakshmi Narasimha.In the Artha Mandapam there are trinity statues of Sri Desikar, Sri Ramanuja, and Hayagriva."
229,134,Kalivanthapattu Temples,Sri Lakshminarayana Perumal Temple,"Sri Lakshmi Narayan (Moolavar), Goddess Lakshmi, Dhanvantri, Varagi, Lakshmi Narasimha, Sri Desikar, Sri Ramanuja, Hayagriva",Kalivanthapattu,Kalivanthapattu,,,Intact,Functional,,"Sri Garkadeswarar Temple When Lord Shiva killed the two demons named Vilvalan and Vatabi as requested by the gods, Vatabi took the form of a crab and became united with the Lord.According to the demon's wish, Kali blessed him with a temple as a place of dosha removal.Lord Ambal Thirunamam Sri Karkatanayaki has the name Karkadeswarar because he slayed the demon in the form of a crab that removes Kali Dosha (Saturn) if you bathe in the temple pond and worship the Lord. The temple is now located in Puduppolivo.Ganesha and Balamurugan shrines on both sides of the front of the temple.There are Pancha Goshta Murthys, Bhairava, Chandikeswarar, and Navagraha shrines.Thirukulam is found in front of the temple.Contact Mr Veeraragavan-9094173252.There are buses from Tambaram and Kuduvancheri to reach here. . A Shiva lingam in the clearing A Shiva lingam is found outside the village of Kalivanthapattu.There are also broken idols of Nandi, Ganesha and Ambal.Swami is known as Sri Suyampeeswarar and Ambal as Sri Tripurasundari.The temple is near Thirukkulam.It is not known that any pujas are held here.For further contact Mr. Suresh- 9841957270. Sri Lakshminarayana Perumal This temple is about 600 years old and is now well maintained.Moolavar Sri Lakshmi Narayan gives the scene in the golam sitting on the lap of Goddess Lakshmi.The koshtha features the trinity of Dhanvantri, Varagi and Lakshmi Narasimha.In the Artha Mandapam there are trinity statues of Sri Desikar, Sri Ramanuja, and Hayagriva."
230,135,Nandhivaram Sri Nandheeswarar Temple,Nandhivaram Sri Nandheeswarar Temple,"Lord Thirunam Sri Nandeeswarar, Ambal Sri Soundaryanayaki, Swayambu murthy Eesan, deities in Siva Koshta",Guduvanchery near Chennai,Guduvanchery,,"Pallava period, later renovations by Chola and Pandya kings",,Functional,"Well-connected, contact numbers available","This temple was built during the Pallavar period and later renovations were done during the Chola and Pandya kings.. An inscription in this temple contains information about the gifts given by Cholamannan Rajarajan.This ancient temple is located in Guduvanchery near Chennai.Lord Thirunam Sri Nandeeswarar Ambal Sri Soundaryanayaki.Swayambu murthy Eesan is displayed on a square shaped plinth / The deities situated in the Siva Koshta are all resplendent in beauty and exemplify the excellence of ancient sculpture. Siddhas are considered to have worshipped.History says that about 300 years ago, a great man named Thiru Gnanaguru Swami performed a pooja.Anna's jeevasamadhi is located nearby.In the beginning, when the gods and demons for amrita came to the sea of ​​milk, the eternal poison was released and the gods and demons ran away in fear.Lord Shiva protects them and absorbs the poison and waits.After receiving the amrita that came out, the gods worship Lord Shiva in praise.The Lord is also pleased and Ananda dances between Nandidev's horns.Thus, Nandivaram is the place where the deities accept the puja and grant blessings with the name of Nandeeswarar. Thirukulam here is called Nandi Theertha.Thala vrutsham Nagalingam.Puja takes place twice.Contact Mr. Suresh Shivacharya-8940569644 Mr. Dharmalingam-893 9651148 Sri Mallikeswarar Temple 2 KM from Kuduvanchery Bus Stand.The temple is located in the distant Maha Lakshmi Nagar area.Ambal Shri Marakadavalli.This very old temple has been completely destroyed and newly built in 2016.Sridavi Bhudevi Sametha Pachaivarna Perumal is consecrated here.There are shrines of Sri Vinayagar, Sri Murugan, Sri Bhairava, two Nandis and Navagragam.Sometimes a pooja takes place.Sri Vandi Swamy's jeevasamadhi is found near the temple.Mr. Netaji 9952928011 for details."
231,135,Nandhivaram Sri Nandheeswarar Temple,Sri Mallikeswarar Temple,"Ambal Shri Marakadavalli, Sridavi Bhudevi Sametha Pachaivarna Perumal, Sri Vinayagar, Sri Murugan, Sri Bhairava, two Nandis, Navagragam","Maha Lakshmi Nagar area, 2 KM from Guduvanchery Bus Stand",Guduvanchery,,"Very old temple, completely destroyed and newly built in 2016",Intact,Functional,"Accessible, contact number available","This temple was built during the Pallavar period and later renovations were done during the Chola and Pandya kings.. An inscription in this temple contains information about the gifts given by Cholamannan Rajarajan.This ancient temple is located in Guduvanchery near Chennai.Lord Thirunam Sri Nandeeswarar Ambal Sri Soundaryanayaki.Swayambu murthy Eesan is displayed on a square shaped plinth / The deities situated in the Siva Koshta are all resplendent in beauty and exemplify the excellence of ancient sculpture. Siddhas are considered to have worshipped.History says that about 300 years ago, a great man named Thiru Gnanaguru Swami performed a pooja.Anna's jeevasamadhi is located nearby.In the beginning, when the gods and demons for amrita came to the sea of ​​milk, the eternal poison was released and the gods and demons ran away in fear.Lord Shiva protects them and absorbs the poison and waits.After receiving the amrita that came out, the gods worship Lord Shiva in praise.The Lord is also pleased and Ananda dances between Nandidev's horns.Thus, Nandivaram is the place where the deities accept the puja and grant blessings with the name of Nandeeswarar. Thirukulam here is called Nandi Theertha.Thala vrutsham Nagalingam.Puja takes place twice.Contact Mr. Suresh Shivacharya-8940569644 Mr. Dharmalingam-893 9651148 Sri Mallikeswarar Temple 2 KM from Kuduvanchery Bus Stand.The temple is located in the distant Maha Lakshmi Nagar area.Ambal Shri Marakadavalli.This very old temple has been completely destroyed and newly built in 2016.Sridavi Bhudevi Sametha Pachaivarna Perumal is consecrated here.There are shrines of Sri Vinayagar, Sri Murugan, Sri Bhairava, two Nandis and Navagragam.Sometimes a pooja takes place.Sri Vandi Swamy's jeevasamadhi is found near the temple.Mr. Netaji 9952928011 for details."
232,136,Kayarambedu Sivan Temple,Kayarambedu Sivan Temple,"Sri Vakeeswarar, Ambal Sri Karpakampal, Pancha Murthys, Kannimoolai Ganesha, Ayyappan Valli Devasena, Arumukhar, Chandikeswarar, Bhairava, Navagragam",Kayarambedu,"Kuduvancheri, Tambaram",,Chola,,Functional,"Well-connected by bus (Kuduvancheri-Kayarampedu, Tambaram-Kayarampedu)","Sri Vakeswarar Temple This ancient temple was built during the Chola period.There are inscriptions about the gifts made by the Chola king Rajarajan to this temple.Swami Sri Vakeeswarar Ambal Sri Karpakampal both shrines are located towards the east.Vimana is designed in Gajaprishta system.The temple with the southern entrance has a Dwara sanctum with a Nandimandapam and a flagpole.The Goshta has Pancha Murthys, Kannimoolai Ganesha, Ayyappan Valli Devasena along with the shrines of Arumukhar, Chandikeswarar, Bhairava and Navagragam.On the opposite side of the temple is found the Thirukulam Neerazhi Mandapam.Once upon a time a boat festival was held here.It is a place of remedial measures to get rid of marriage obstacles.Temple opening time is 6-7 am.Contact Mr. Ravichandran-98414 04771 Bus Kuduvancheri-Kayarampedu, Tambaram-Kayarampedu"
233,138,Kondamangalam Temple,Sreesanya Darba Aranyeswarar Temple,"Sreesanya Darba Aranyeswarar (Shiva), Sri Pranambikai (Ambal)","Kondamangalam village, 6 km on Singapperumal Temple-Anumanthapuram Road",Singapperumal Temple,Chengalpattu,Pallava (7th century),Dilapidated,Functional,"Accessible by bus (Singapperumal Temple-Anumanthapuram route), remote village","Shiva Vishnu Temple About 6 kms on Singapperumal Temple-Anumanthapuram Road.In a remote village called Kondamangalam, ADThere is a temple that was added in the seventh century.This temple, which was buried in the earth for a long time, was unearthed and is now found in a small shed near the Perumal temple.The temple is currently under construction.Swami's name is Sreesanya Darba Aranyeswarar.Ambal Thirunamam Sri Pranambikai.Daily worship takes place.The nearby Perumal Temple is also ancient.Perumal's name is Sri Kariyamanikka Perumal.There are two Trikkulams.Contact Mr. Ellappan-9041134695,  Mr. Prabhakaran-9710230154.Singapperumal Temple-Anumanthapuram buses pass through this place."
234,138,Kondamangalam Temple,Sri Kariyamanikka Perumal Temple,Sri Kariyamanikka Perumal (Vishnu),"Kondamangalam village, near Shiva temple",Singapperumal Temple,Chengalpattu,Ancient (possibly Pallava),Intact,Functional,"Accessible by bus (Singapperumal Temple-Anumanthapuram route), remote village","Shiva Vishnu Temple About 6 kms on Singapperumal Temple-Anumanthapuram Road.In a remote village called Kondamangalam, ADThere is a temple that was added in the seventh century.This temple, which was buried in the earth for a long time, was unearthed and is now found in a small shed near the Perumal temple.The temple is currently under construction.Swami's name is Sreesanya Darba Aranyeswarar.Ambal Thirunamam Sri Pranambikai.Daily worship takes place.The nearby Perumal Temple is also ancient.Perumal's name is Sri Kariyamanikka Perumal.There are two Trikkulams.Contact Mr. Ellappan-9041134695,  Mr. Prabhakaran-9710230154.Singapperumal Temple-Anumanthapuram buses pass through this place."
235,139,Anjur Temples,Sri Suvarnambigai Sametha Sri Somanatheeswarar Temple,"Sri Suvarnambigai Sametha Sri Somanatheeswarar, Dwara Ganapati, Valli Devasena Sametha Murugan, Pancha Goshta Murthy, Chandikeshwara, Navagraha","Outside the village of Anjoor, surrounded by nature","Chengalpattu, Tambaram",,,,Functional,Well-connected by buses from Chengalpattu and Tambaram,"Sri Suvarnambigai Sametha Sri Somanatheeswarar Temple This ancient temple is located outside the village of Anjoor in a quiet place surrounded by nature.There are shrines of Dwara Ganapati, Valli Devasena Sametha Murugan, Pancha Goshta Murthy, Chandikeshwara, and Navagraha.A period of puja is held daily.Thirukulam is found near the temple.There are buses from Chengalpattu and Tambara to reach here.Singha Perumal Temple 5 km.Contact Mr. Venugopal-9976870635. Sri Kariyamanikka Perumal Temple Moolavar Sri Kariyamanikka Perumal presents the scene in the standing golam.Mother of Sri Maragatavalli in a separate shrine.Utsawar Sridevi, Bhudevi Sametha Kariyamanika Perumal.Other sanctuaries include, Desikar, Manavala Mamuni, Nammalwar, Radha Rukmini Krishna, Andal.Perhaps the puja is taking place."
236,139,Anjur Temples,Sri Kariyamanikka Perumal Temple,"Moolavar Sri Kariyamanikka Perumal, Mother Sri Maragatavalli, Utsawar Sridevi, Bhudevi Sametha Kariyamanika Perumal, Desikar, Manavala Mamuni, Nammalwar, Radha Rukmini Krishna, Andal",,Singha Perumal Temple 5 km away,,,,Functional,,"Sri Suvarnambigai Sametha Sri Somanatheeswarar Temple This ancient temple is located outside the village of Anjoor in a quiet place surrounded by nature.There are shrines of Dwara Ganapati, Valli Devasena Sametha Murugan, Pancha Goshta Murthy, Chandikeshwara, and Navagraha.A period of puja is held daily.Thirukulam is found near the temple.There are buses from Chengalpattu and Tambara to reach here.Singha Perumal Temple 5 km.Contact Mr. Venugopal-9976870635. Sri Kariyamanikka Perumal Temple Moolavar Sri Kariyamanikka Perumal presents the scene in the standing golam.Mother of Sri Maragatavalli in a separate shrine.Utsawar Sridevi, Bhudevi Sametha Kariyamanika Perumal.Other sanctuaries include, Desikar, Manavala Mamuni, Nammalwar, Radha Rukmini Krishna, Andal.Perhaps the puja is taking place."
237,140,Thenmelpakkam Temple,Sri Agastheeswarar Temple,"Sri Agastheeswarar, Sri Akilandeswari, Ganesha, Navagraha",Tenmelpakgam village,"Sinhaperumal temple (4 km), Chengalpattu",Chengalpattu,,Intact,Functional,Remote but reachable by share auto or Chengalpattu-Anjur bus,"Sri Agastheeswarar Temple This ancient temple located in Tenmelpakgam village is newly built and worships are being conducted.Ambal is seen towards the east with the name Sri Akilandeswari.Ganesha idol is seen in relief sculpture outside.Navagraha sanctum is in south-east direction.About four km from Sinhaperumal temple.This remote temple can be reached by share auto.You can also reach here by Chengalpattu-Anjur bus.Contact Mr. Kodeeswaran-8122933117, Mr. Sukumar-9841003306, Mr. Kumar-8056078004."
238,141,Thirukkachur Temples,Sri Darshaneeswarar Temple,"Sri Darshaneeswarar, Sri Irulneiki Amman (Dark Remover Goddess)","On a small hill called Giri, 3 KM from Singapperumal Temple, 1 KM on Sriperumbudur Road and take right side","Singapperumal Temple area, Sriperumbudur",,,,Functional,Well-connected with specific road directions,"Sri Darshaneeswarar Temple Swami Sri Darshaneeswarar  Ambal Sri Dark Remover Goddess This Tiruthalam is a very famous place which was chanted by Sri Sundaramurthy Nayanar.. Sri Darshaneeswarar Ambal Sri Irulneiki Amman are both located towards west direction.Ola Shata.The temple is situated on a small hill called Giri.In order to get rid of Indra's illness in the beginning, the Ashwini Kumaras, as advised by sage Narada, worshiped Isaan and fell down to get the herbs Pala and Atipala from this mountain.The story goes that since the herbs were not visible to the eyes, they were surrounded by darkness, and when Ambal Manamirangi blessed them to remove the darkness, they also got the herbs and cured Indra's illness.There is also a history that the Lord here took the swan as Yasaka and made nectar for Sundar to satisfy his hunger.The Ola Shata Theertha found in this temple is very special.It can cure all diseases.Here Sri Chandikeshwar is known as Brahma Chandikeshwar with four faces.Anointing him with honey cures incurable diseases.It is special to visit this hill on full moon day. Temple Timings 8-12 AM, 5-7.30 PM, Location 3 KM from Singapperumal Temple, 1 KM on Sriperumbudur Road and take right side. Sri Kachabeswarar Temple Lord Sri Kachabeswarar Lord Sri Anjanakshi Thala Vritsam - Kallala Tree Theertha - Kurma Theertha Both the temples were built at the same time.. Shri Mahavishnu worshiped the Lord in his Kurma avatarSanagadi sages also worship the Lord of this Talat.There is a history that Eason Sundarar received Yasakam and created Amudhu.He performed two types of dances for Mahavishnu and the gods.All kinds of eye diseases will be cured if Ambal is worshiped with the extract of kanmalar.Temple Timings 8-11.30 AM 5-7.30 PM Contact Mr. Muralidhara Gurus-9445356399"
239,141,Thirukkachur Temples,Sri Kachabeswarar Temple,"Sri Kachabeswarar, Sri Anjanakshi","Thirukkachur, same area as Darshaneeswarar Temple (both built at same time)","Singapperumal Temple area, Sriperumbudur",,,,Functional,Well-connected,"Sri Darshaneeswarar Temple Swami Sri Darshaneeswarar  Ambal Sri Dark Remover Goddess This Tiruthalam is a very famous place which was chanted by Sri Sundaramurthy Nayanar.. Sri Darshaneeswarar Ambal Sri Irulneiki Amman are both located towards west direction.Ola Shata.The temple is situated on a small hill called Giri.In order to get rid of Indra's illness in the beginning, the Ashwini Kumaras, as advised by sage Narada, worshiped Isaan and fell down to get the herbs Pala and Atipala from this mountain.The story goes that since the herbs were not visible to the eyes, they were surrounded by darkness, and when Ambal Manamirangi blessed them to remove the darkness, they also got the herbs and cured Indra's illness.There is also a history that the Lord here took the swan as Yasaka and made nectar for Sundar to satisfy his hunger.The Ola Shata Theertha found in this temple is very special.It can cure all diseases.Here Sri Chandikeshwar is known as Brahma Chandikeshwar with four faces.Anointing him with honey cures incurable diseases.It is special to visit this hill on full moon day. Temple Timings 8-12 AM, 5-7.30 PM, Location 3 KM from Singapperumal Temple, 1 KM on Sriperumbudur Road and take right side. Sri Kachabeswarar Temple Lord Sri Kachabeswarar Lord Sri Anjanakshi Thala Vritsam - Kallala Tree Theertha - Kurma Theertha Both the temples were built at the same time.. Shri Mahavishnu worshiped the Lord in his Kurma avatarSanagadi sages also worship the Lord of this Talat.There is a history that Eason Sundarar received Yasakam and created Amudhu.He performed two types of dances for Mahavishnu and the gods.All kinds of eye diseases will be cured if Ambal is worshiped with the extract of kanmalar.Temple Timings 8-11.30 AM 5-7.30 PM Contact Mr. Muralidhara Gurus-9445356399"
240,142,Settipunniyam Sri Varatharajar,Settipunniyam Sri Varatharajar,"Sri Varadaraja Perumal, Sridevi, Bhoodevi, Sri Hemapjavalli, Utsawar Sri Devanatha Perumal, Sri Yoga Hayagrivar, Sri Rama, Sri Andal, Wodevar, Desikar, Nammalwar, Anjaneyar, Garudan",3 km from Mahendra City near Chengalpattu,Chengalpattu,Chengalpattu,,,Functional,"Well-connected, near Mahendra City and Chengalpattu","Source: Sridevi Bhoodevi Sametha Sri Varadaraja Mother Shri Hemapjavalli Agama Vaikanasa Agama Utsawar Sri Devanatha Perumal Shrines                 Sri Yoga Hayagrivar, Sri Rama, Sri Andal, Wodevar, Desikar, Nammalwar, Anjaneyar, Garudan. Location 3 from Mahendra City near Chengalpattu km Sri Hayagrivar, who has four arms, and Utsavar Sri Devanatha Perumal, were brought from Thiruvendrapuram in 1848 and enshrined here.Sri Rama, who was in the Thanjavur principality, is also performing service here. Bestower of blessings If worshiped on Wednesday, Jupiter and Thiruvanna Nakshatra for excellence in education and development of business, one will get benefit.Mainly if you offer honey to Hayagriva and eat it, the speechless will get the ability to speak. Contact : Manager-9942993770.Office 8675127999 Sri Kailasanathar Temple Source: Shri Kailasanathar Ambal Sri Tripurasundari Shrines Dwar Ganapati, Dwar Murugan, Prakara Ganapati, Chandikeswarar, Navagragam Bhairava This temple and Varadaraja Perumal temple were built at the same time and a period of puja is held."
241,142,Settipunniyam Sri Varatharajar,Sri Kailasanathar Temple,"Shri Kailasanathar, Ambal Sri Tripurasundari, Dwar Ganapati, Dwar Murugan, Prakara Ganapati, Chandikeswarar, Navagragam Bhairava",3 km from Mahendra City near Chengalpattu,Chengalpattu,Chengalpattu,,,Functional,"Well-connected, near Mahendra City and Chengalpattu","Source: Sridevi Bhoodevi Sametha Sri Varadaraja Mother Shri Hemapjavalli Agama Vaikanasa Agama Utsawar Sri Devanatha Perumal Shrines                 Sri Yoga Hayagrivar, Sri Rama, Sri Andal, Wodevar, Desikar, Nammalwar, Anjaneyar, Garudan. Location 3 from Mahendra City near Chengalpattu km Sri Hayagrivar, who has four arms, and Utsavar Sri Devanatha Perumal, were brought from Thiruvendrapuram in 1848 and enshrined here.Sri Rama, who was in the Thanjavur principality, is also performing service here. Bestower of blessings If worshiped on Wednesday, Jupiter and Thiruvanna Nakshatra for excellence in education and development of business, one will get benefit.Mainly if you offer honey to Hayagriva and eat it, the speechless will get the ability to speak. Contact : Manager-9942993770.Office 8675127999 Sri Kailasanathar Temple Source: Shri Kailasanathar Ambal Sri Tripurasundari Shrines Dwar Ganapati, Dwar Murugan, Prakara Ganapati, Chandikeswarar, Navagragam Bhairava This temple and Varadaraja Perumal temple were built at the same time and a period of puja is held."
242,143,Veerapuram Temple,Sri Vaikundaperumal Temple,"Sri Vaikunda Perumal (Moolavar), Mother and Father deities",Mahendra City,,,,Dilapidated,Non-Functional,,"Sri Vaikundaperumal Temple In Mahendra City next to Singhapperumal Temple, the temple, which is about a thousand years old, has completely fallen into disrepair, but now the temple is under construction.Moolavar Srivaikunda Perumal.Apart from mother and father, others are to be kept anew.The temple is nearing completion.For details Mr. Arumugam-9952669105, Mr. Jyoti-9649570838."
243,144,Singaperumalkovil Narasimhar,Singaperumalkovil Narasimhar,"Narasimha (Moolavar: Sri Padalatri Narasimha, Utsavar: Sri Prahladavarathar), Mother Sri Akophilavalli",Singaperumal Koil near Chennai,Chennai,Chengalpattu,,Intact,Functional,Well-connected by bus and train (Chennai-Chengalpattu route),"Sri Patalatri Narasimha Temple About 2500 years old Narasimha Temple is situated in Sinhaperumal temple near Chennai.This Vaishnava temple has various specialties.After slaying Hiranyakashipu, he appeared on the rock as Swayambu with red eyes looking very fierce.Narasimha is seen here with his right leg folded and his left leg hanging down, which is something that cannot be seen anywhere else.Moolavar Thirunamam Sri Padalatri Narasimha.Utsavar Sri Prahladavarathar.Mother Sri Akophilavalli.Airplane Pranavakodi Airline.Parijatam Thala Vritsha.Sudtapushkarani Ittala Thirtham.Narasimha is unique in having a third eye on his forehead.The place where Sage Shri Jabali performed penance and had darshan of Shri Narasimha.A three-period puja takes place.Special poojas are performed in the evening on Pradosha day.Pournami Krivalam is very special here, special poojas are performed here to get rid of debts, win cases and get rid of marriage bar due to Mars malefic.Sun rays fall on the feet of the Moolavar during Thai month and on the chest on Ratha Saptami and Sun Puja is still seen today.Chennai- Chengalpattu can also be reached by bus and train.Contact Mr. Gopalakrishnan-9380114686."
244,145,Aathur Temples,Sri Muktiswarar Temple,"Lord Shiva (Ardhanarii form, Agni form), Sri Chakra Vimana, Lord Muruga, Jeshta Devi, Bhairava, Varagi, Ambal Sri Dharmasamvardini","Attur village, 5 km on Chengalpattu-Kanchipuram road",Chengalpattu,Kanchipuram,"Pallava, Chola",Intact,Functional,Well-connected via Chengalpattu-Kanchipuram road,"About 5 km on the Chengalpattu-Kanchipuram road.There are two temples located in the distant village of Attur.Both are about 2000 years old.A temple.The other is the Perumal temple. Sri Muktiswarar Temple Ambal Sri Dharmasamvardini Sakhitama Temple Srimuktheeswarar Temple Km.Historical sources date back to the third century.ADBuilt as a stone temple in the 7th century.24 inscriptions from the early Pallavar to the later Cholas are found here. Lord Shiva is Ardhanarii form and Agni form.Sri Chakra Vimana above.It is the place where he was born as a Pallava king after worshiping the god of snakes and snakes.This temple with Pancha Koshta is a must visit to see Sri Arumukhar Thirudivam.Even the veins in Lord Muruga's legs are realistic.The temple also has idols of Jeshta Devi, Bhairava and Varagi.There is also a temple shrine.Contact Mr. Kamalakannan-7305016153, and Mr. Lakshminarayanan-9790121358 .."
245,145,Aathur Temples,Perumal Temple,Perumal (Vishnu),"Attur village, 5 km on Chengalpattu-Kanchipuram road",Chengalpattu,Kanchipuram,"Pallava, Chola",Intact,Functional,Well-connected via Chengalpattu-Kanchipuram road,"About 5 km on the Chengalpattu-Kanchipuram road.There are two temples located in the distant village of Attur.Both are about 2000 years old.A temple.The other is the Perumal temple. Sri Muktiswarar Temple Ambal Sri Dharmasamvardini Sakhitama Temple Srimuktheeswarar Temple Km.Historical sources date back to the third century.ADBuilt as a stone temple in the 7th century.24 inscriptions from the early Pallavar to the later Cholas are found here. Lord Shiva is Ardhanarii form and Agni form.Sri Chakra Vimana above.It is the place where he was born as a Pallava king after worshiping the god of snakes and snakes.This temple with Pancha Koshta is a must visit to see Sri Arumukhar Thirudivam.Even the veins in Lord Muruga's legs are realistic.The temple also has idols of Jeshta Devi, Bhairava and Varagi.There is also a temple shrine.Contact Mr. Kamalakannan-7305016153, and Mr. Lakshminarayanan-9790121358 .."
246,146,Pulippakkam Sivan Temple,Pulippakkam Sivan Temple,"Sri Vyagrapureeswarar, Sri Mangalyam Katha Narayani Ambal, Vinayagar, Subramaniyar, Navagragam, Bhairava, Kubera Lingam, Vyakrapadar, Patanjali Munivar, Kali Devi","On a hill opposite Paranur railway station, near Chengalpattu",Chengalpattu,Chengalpattu,,Dilapidated,Non-Functional,Well-connected,"A very old temple is located on a hill opposite Paranur railway station very close to Chengalpattu.Sage Sri Vyagrapada worshiped the Isaan here, hence the name of the Lord is Sri Vyagrapureeswarar.Ambal Sri Mangalyam Katha Narayani Ambal.The shrines located here are Vinayagar, Subramaniyar, Navagragam, Bhairava, Kubera Lingam, Vyakrapadar, Patanjali Munivar, and Kali  Devi and Sri Raghava Swami Mutt.Sometimes a pooja takes place.Contact Mr. Parthiban-9710058296.There is a bus from Chengalpattu to Pulipakkam. ."
247,147,Ozhalur Temples,Sri Varadaraja Temple,"Sridevi Bhudevi Sametha Sri Varadaraja, Sri Perundevi, Shree Andal, Garuda, Alvars, Hanumar",Olalur village (Ozhalur),Chengalpattu (5 km),,,Intact,Functional,"Bus Route 5, 12 (Chengalpattu-Manapakkam), contact: Mr. Murugan-9944337845, Mr. Mahendran-9677864492","Sri Varadaraja Temple About 5 km from Chengalpat.This temple is located in Olalur village far away.Source: Sridevi Bhudevi Sametha Sri Varadaraja.Sri Perundevi mother in a separate shrine.Shree Andal Sannathi is in North Prakaram.There are shrines for Garuda, Alvars, and Hanumar.This ancient temple has been repaired and now a pooja is held.Contact Mr. Murugan-9944337845, Mr. Mahendran-9677864492.Bus Route 5, 12 (Chengalpattu-Manapakkam) Sri Agastheeswarar Temple The source is Sri Agastheeswarar Ambal Sri Aranangambal Shrines Pancha Goshtha, Vinayagar, Valli Devasena Sametha Subramaniam.Sandikeswarar, Navagragam, Nandi Devar. Thirkulam has the solution. Thala vrutsham vilvam Pooja for a time"
248,147,Ozhalur Temples,Sri Agastheeswarar Temple,"Sri Agastheeswarar, Ambal Sri Aranangambal, Pancha Goshtha, Vinayagar, Valli Devasena Sametha Subramaniam, Sandikeswarar, Navagragam, Nandi Devar",Olalur village (Ozhalur),Chengalpattu,,,,Functional,,"Sri Varadaraja Temple About 5 km from Chengalpat.This temple is located in Olalur village far away.Source: Sridevi Bhudevi Sametha Sri Varadaraja.Sri Perundevi mother in a separate shrine.Shree Andal Sannathi is in North Prakaram.There are shrines for Garuda, Alvars, and Hanumar.This ancient temple has been repaired and now a pooja is held.Contact Mr. Murugan-9944337845, Mr. Mahendran-9677864492.Bus Route 5, 12 (Chengalpattu-Manapakkam) Sri Agastheeswarar Temple The source is Sri Agastheeswarar Ambal Sri Aranangambal Shrines Pancha Goshtha, Vinayagar, Valli Devasena Sametha Subramaniam.Sandikeswarar, Navagragam, Nandi Devar. Thirkulam has the solution. Thala vrutsham vilvam Pooja for a time"
249,149,Vallam Cave Temple,Vallam Cave Temple (Kudai Vara Temple),"['Lord Muruga', 'Dakshinamurthy', 'Saniswaran', 'Chandikeswarar', 'Jeshtadevi', 'Vinayagar', 'Valli Devasena', 'Goddesses', 'Vedanta Ishvara (Shiva)', 'Ambal Gnanambikai (Parvati)', 'Maha Vishnu', 'Goddess Durga']",Vallam village,Chengalpattu,Chengalpattu,Pallava,,,Well-connected,"The Kudai Vara temple built by Pallava Rajan Mahendravarma is located in Vallam village near Chengalpattu.There are two cave temples on the small rock cliff.In the temple above, the idols of Lord Muruga, Dakshinamurthy, Saniswaran, Chandikeswarar, and Jeshtadevi along with Vinayagar, Valli Devasena, and Goddesses are depicted.In the middle of the dwarapalas, the Lord with the name Vedanta Ishvara makes a majestic appearance.On the left is Ambal Gnanambikai shrine.Pallava Chakravarthy also built a temple for Maha Vishnu, who is the lord of the world, Shiva Vishnu.Apart from this, he has also built a separate cave temple for Goddess Durga.There are inscriptions of Rajathirajan gifting cows, gold and bells to King Goparunjasingan.Many interesting sculptures can be seen in the cave temple below.Even today, the sight of the rays of the sun rising like a garland on the Shivalinga Tirumeni can be seen.Contact Mr Chellappa Gurus-9443172894. ."
250,150,Thiruvadisoolam Sivalayan,Thiruvadisoolam Sivalayan,"Sri Adhachuranatha (Swayambu Murthy), Ambal Shri Himalayan Kodhi Nayaki, Sri Brahmandeswarar, Sri Brahmandeswari, Dwara Ganapati, Valli Devasena Murugan, Pancha Goshta Murthys, Bhairava, Chandikeswarar",On Chengalpattu-Tiruporur road,"Chengalpattu, Tiruporur",Chengalpattu,,Intact,Functional,Well-connected,"This ancient Thiruthalam called Thiruitaichuram was sung by Sambandhaperuman.As Swayambu Murthy, Sri Adhachuranatha has a temple in East Partha Sannadi.The temple has two prakarams and in the inner prakaram there are shrines of Dwara Ganapati, Valli Devasena Murugan, Pancha Goshta Murthys, Bhairava and Chandikeswarar.Ambal Shri Himalayan Kodhi Nayaki Shrine is facing south.There are shrines of Sri Brahmandeswarar and Sri Brahmandeswari in the outer prakaram.Temple Thirukulam is seen in the eastern direction of the temple.Temple timings are 7.30 am-11.30 am and 4.30 pm-7.30 pm.Contact Thiru Chellappa Gurus- 9444948937, This temple is located on Chengalpattu-Tiruporur road. If you anoint Shiva with honey and eat it, you can get relief from serious diseases."
251,151,Peramanur Temple,Peramanur Temple,"Shiva Sri Valeeswarar, Ambal Sri Tripurasundari",Peramanur - Singapperumal Temple 3 km,Singapperumal Koil,,,,Functional,,"Shiva Sri Valeeswarar Ambal Sri Tripurasundari Location Peramanur - Singapperumal Temple 3 km. Vali worshiped Eason.A temple has been built and worshiped to the Lord who was outside the cut.A large pond is found in the southern direction of the temple.For more details Mr. Kannan-80562 57312, Mr. Vijayakumar-9840308546, Mr. Udayakumar-9445144475."
252,152,Temples Around Chennai,Palaveli Shiva Temple,"Shiva, Ambal Aadi Nawalairupi, Ganesha with four horns, Valli Devasena Sametha Subramaniar",Brickbattu Bypass,,,,Intact,Functional,Well-connected,"Palaveli Shiva Temple Shiva is the wise prince of Adi Kuberapuri. Ambal Aadi Nawalairupi Location Brickbattu Bypass ( History Sivalinga Thirumeni Narmada Panam.Adi Siddha The worshiped Lord.. Ganesha with four horns Valli Devasena Sametha Subramaniar Shrines Contact Mr. Kesavan-9444149583, Mr. Ganesh-9940617501.  Gunnavakkam Sri Dharmalingeswarar Some time ago, the people of this village have taken the Shivlinga Thirumeni lying in a thornbush and built a small shed to worship it.Lord Thirunama Sri Dharmalingeswarar.The Nandi statue has been newly installed.This temple is 5 km from Sinhaperumal temple.Contact Mr Dhananjezhiyan (9884864590), Mr Suryan-7373592318, Mr Vinod-8144411510. Bama Rukmani Sametha Sri Venugopalaswami is the deity of Perumal temple located in this Gunnavakkam village.He holds a flute in his left hand.It is said that the Utsavar here came here from outside.Poojas are held here regularly. The family near the temple is taking care of it very diligently.All the celebrations are going well. Contact Mr. Balaji-9444091200, Mr. Murali- 8940478850. Sri Tambugheswarar Temple In this village called Karunilam, the big Shivalayam was destroyed in the floods and only Shiva Lingam and Nandi are left.. A new temple is being built.Lord Thirunama Sri Tambugheswarar.Ambal Sri Tamira Varneswari., and all other idols are newly placed.. For more details Mr. Kuppusamy - 9677802409, Mr. Rajendran-7401129330. Karunilam is 5 km from Sinhaperumal temple.  Sri Pasupadeeswarar Temple About 1 km west of Potheri next to Chennai.This Shiva temple is located on the border of Konathi village located far away.A strip in the barn.Thirukkulam is found nearby.. Puja is offered here only on Pradosham.Contact Mr Sasikumar-9840056301, Mr Senthil-9677234323. Katangulathur Temple Location West side of the railway station Located in the middle. Shiva, Ambal Sri Kalatheeswarar, Sri Gnanambikai. Other shrines include Dharma Nandi, Ganesha, Murugan, Kala Bhairava, Lord Sun, Lord Saturn, History Swami Kanda's Serpent First The site of Kalahastheeswarar in the north After coming and worshiping here He worshiped Eason.All kinds of dragons As a place of relief for Dosha too considered. Rahu Ketu Parikaram Every Sunday 4.30 PM to 6.00 PM Parikara Puja is held here till Temple Timings 7-9.30 AM, 5.30-7.30 PM Contact Mr. Lakshmanan-9445286005 Vandalur Sri Varadarajaperumal Temple This Perumal temple is located on the west side of Vandalur railway station.Srivaradaja Perumal as Sridevi Bhoodevi Samethar in the ancient stone temple gives a view to the east.It is lit and lit here daily.The temple is also near Thirukkulam.Contact Mr. Karthik-9994454234, Mr. Satish-9841603483, Mr. Premkumar- 8939039147. ."
253,152,Temples Around Chennai,Gunnavakkam Sri Dharmalingeswarar,"Sri Dharmalingeswarar, Nandi",Gunnavakkam village,Sinhaperumal temple (5 km),,,Dilapidated,Functional,"Accessible via road, 5 km from Sinhaperumal temple","Palaveli Shiva Temple Shiva is the wise prince of Adi Kuberapuri. Ambal Aadi Nawalairupi Location Brickbattu Bypass ( History Sivalinga Thirumeni Narmada Panam.Adi Siddha The worshiped Lord.. Ganesha with four horns Valli Devasena Sametha Subramaniar Shrines Contact Mr. Kesavan-9444149583, Mr. Ganesh-9940617501.  Gunnavakkam Sri Dharmalingeswarar Some time ago, the people of this village have taken the Shivlinga Thirumeni lying in a thornbush and built a small shed to worship it.Lord Thirunama Sri Dharmalingeswarar.The Nandi statue has been newly installed.This temple is 5 km from Sinhaperumal temple.Contact Mr Dhananjezhiyan (9884864590), Mr Suryan-7373592318, Mr Vinod-8144411510. Bama Rukmani Sametha Sri Venugopalaswami is the deity of Perumal temple located in this Gunnavakkam village.He holds a flute in his left hand.It is said that the Utsavar here came here from outside.Poojas are held here regularly. The family near the temple is taking care of it very diligently.All the celebrations are going well. Contact Mr. Balaji-9444091200, Mr. Murali- 8940478850. Sri Tambugheswarar Temple In this village called Karunilam, the big Shivalayam was destroyed in the floods and only Shiva Lingam and Nandi are left.. A new temple is being built.Lord Thirunama Sri Tambugheswarar.Ambal Sri Tamira Varneswari., and all other idols are newly placed.. For more details Mr. Kuppusamy - 9677802409, Mr. Rajendran-7401129330. Karunilam is 5 km from Sinhaperumal temple.  Sri Pasupadeeswarar Temple About 1 km west of Potheri next to Chennai.This Shiva temple is located on the border of Konathi village located far away.A strip in the barn.Thirukkulam is found nearby.. Puja is offered here only on Pradosham.Contact Mr Sasikumar-9840056301, Mr Senthil-9677234323. Katangulathur Temple Location West side of the railway station Located in the middle. Shiva, Ambal Sri Kalatheeswarar, Sri Gnanambikai. Other shrines include Dharma Nandi, Ganesha, Murugan, Kala Bhairava, Lord Sun, Lord Saturn, History Swami Kanda's Serpent First The site of Kalahastheeswarar in the north After coming and worshiping here He worshiped Eason.All kinds of dragons As a place of relief for Dosha too considered. Rahu Ketu Parikaram Every Sunday 4.30 PM to 6.00 PM Parikara Puja is held here till Temple Timings 7-9.30 AM, 5.30-7.30 PM Contact Mr. Lakshmanan-9445286005 Vandalur Sri Varadarajaperumal Temple This Perumal temple is located on the west side of Vandalur railway station.Srivaradaja Perumal as Sridevi Bhoodevi Samethar in the ancient stone temple gives a view to the east.It is lit and lit here daily.The temple is also near Thirukkulam.Contact Mr. Karthik-9994454234, Mr. Satish-9841603483, Mr. Premkumar- 8939039147. ."
254,152,Temples Around Chennai,Bama Rukmani Sametha Sri Venugopalaswami,Bama Rukmani Sametha Sri Venugopalaswami,Gunnavakkam village,Sinhaperumal temple (5 km),,,Intact,Functional,"Near Gunnavakkam Shiva temple, well-maintained by local family","Palaveli Shiva Temple Shiva is the wise prince of Adi Kuberapuri. Ambal Aadi Nawalairupi Location Brickbattu Bypass ( History Sivalinga Thirumeni Narmada Panam.Adi Siddha The worshiped Lord.. Ganesha with four horns Valli Devasena Sametha Subramaniar Shrines Contact Mr. Kesavan-9444149583, Mr. Ganesh-9940617501.  Gunnavakkam Sri Dharmalingeswarar Some time ago, the people of this village have taken the Shivlinga Thirumeni lying in a thornbush and built a small shed to worship it.Lord Thirunama Sri Dharmalingeswarar.The Nandi statue has been newly installed.This temple is 5 km from Sinhaperumal temple.Contact Mr Dhananjezhiyan (9884864590), Mr Suryan-7373592318, Mr Vinod-8144411510. Bama Rukmani Sametha Sri Venugopalaswami is the deity of Perumal temple located in this Gunnavakkam village.He holds a flute in his left hand.It is said that the Utsavar here came here from outside.Poojas are held here regularly. The family near the temple is taking care of it very diligently.All the celebrations are going well. Contact Mr. Balaji-9444091200, Mr. Murali- 8940478850. Sri Tambugheswarar Temple In this village called Karunilam, the big Shivalayam was destroyed in the floods and only Shiva Lingam and Nandi are left.. A new temple is being built.Lord Thirunama Sri Tambugheswarar.Ambal Sri Tamira Varneswari., and all other idols are newly placed.. For more details Mr. Kuppusamy - 9677802409, Mr. Rajendran-7401129330. Karunilam is 5 km from Sinhaperumal temple.  Sri Pasupadeeswarar Temple About 1 km west of Potheri next to Chennai.This Shiva temple is located on the border of Konathi village located far away.A strip in the barn.Thirukkulam is found nearby.. Puja is offered here only on Pradosham.Contact Mr Sasikumar-9840056301, Mr Senthil-9677234323. Katangulathur Temple Location West side of the railway station Located in the middle. Shiva, Ambal Sri Kalatheeswarar, Sri Gnanambikai. Other shrines include Dharma Nandi, Ganesha, Murugan, Kala Bhairava, Lord Sun, Lord Saturn, History Swami Kanda's Serpent First The site of Kalahastheeswarar in the north After coming and worshiping here He worshiped Eason.All kinds of dragons As a place of relief for Dosha too considered. Rahu Ketu Parikaram Every Sunday 4.30 PM to 6.00 PM Parikara Puja is held here till Temple Timings 7-9.30 AM, 5.30-7.30 PM Contact Mr. Lakshmanan-9445286005 Vandalur Sri Varadarajaperumal Temple This Perumal temple is located on the west side of Vandalur railway station.Srivaradaja Perumal as Sridevi Bhoodevi Samethar in the ancient stone temple gives a view to the east.It is lit and lit here daily.The temple is also near Thirukkulam.Contact Mr. Karthik-9994454234, Mr. Satish-9841603483, Mr. Premkumar- 8939039147. ."
255,152,Temples Around Chennai,Sri Tambugheswarar Temple,"Sri Tambugheswarar, Ambal Sri Tamira Varneswari",Karunilam village,Sinhaperumal temple (5 km),,,Dilapidated,Non-Functional,"5 km from Sinhaperumal temple, new temple under construction","Palaveli Shiva Temple Shiva is the wise prince of Adi Kuberapuri. Ambal Aadi Nawalairupi Location Brickbattu Bypass ( History Sivalinga Thirumeni Narmada Panam.Adi Siddha The worshiped Lord.. Ganesha with four horns Valli Devasena Sametha Subramaniar Shrines Contact Mr. Kesavan-9444149583, Mr. Ganesh-9940617501.  Gunnavakkam Sri Dharmalingeswarar Some time ago, the people of this village have taken the Shivlinga Thirumeni lying in a thornbush and built a small shed to worship it.Lord Thirunama Sri Dharmalingeswarar.The Nandi statue has been newly installed.This temple is 5 km from Sinhaperumal temple.Contact Mr Dhananjezhiyan (9884864590), Mr Suryan-7373592318, Mr Vinod-8144411510. Bama Rukmani Sametha Sri Venugopalaswami is the deity of Perumal temple located in this Gunnavakkam village.He holds a flute in his left hand.It is said that the Utsavar here came here from outside.Poojas are held here regularly. The family near the temple is taking care of it very diligently.All the celebrations are going well. Contact Mr. Balaji-9444091200, Mr. Murali- 8940478850. Sri Tambugheswarar Temple In this village called Karunilam, the big Shivalayam was destroyed in the floods and only Shiva Lingam and Nandi are left.. A new temple is being built.Lord Thirunama Sri Tambugheswarar.Ambal Sri Tamira Varneswari., and all other idols are newly placed.. For more details Mr. Kuppusamy - 9677802409, Mr. Rajendran-7401129330. Karunilam is 5 km from Sinhaperumal temple.  Sri Pasupadeeswarar Temple About 1 km west of Potheri next to Chennai.This Shiva temple is located on the border of Konathi village located far away.A strip in the barn.Thirukkulam is found nearby.. Puja is offered here only on Pradosham.Contact Mr Sasikumar-9840056301, Mr Senthil-9677234323. Katangulathur Temple Location West side of the railway station Located in the middle. Shiva, Ambal Sri Kalatheeswarar, Sri Gnanambikai. Other shrines include Dharma Nandi, Ganesha, Murugan, Kala Bhairava, Lord Sun, Lord Saturn, History Swami Kanda's Serpent First The site of Kalahastheeswarar in the north After coming and worshiping here He worshiped Eason.All kinds of dragons As a place of relief for Dosha too considered. Rahu Ketu Parikaram Every Sunday 4.30 PM to 6.00 PM Parikara Puja is held here till Temple Timings 7-9.30 AM, 5.30-7.30 PM Contact Mr. Lakshmanan-9445286005 Vandalur Sri Varadarajaperumal Temple This Perumal temple is located on the west side of Vandalur railway station.Srivaradaja Perumal as Sridevi Bhoodevi Samethar in the ancient stone temple gives a view to the east.It is lit and lit here daily.The temple is also near Thirukkulam.Contact Mr. Karthik-9994454234, Mr. Satish-9841603483, Mr. Premkumar- 8939039147. ."
256,152,Temples Around Chennai,Sri Pasupadeeswarar Temple,Sri Pasupadeeswarar,"1 km west of Potheri, border of Konathi village",Potheri,,,Dilapidated,Functional,"Near Potheri, next to Chennai, puja only on Pradosham","Palaveli Shiva Temple Shiva is the wise prince of Adi Kuberapuri. Ambal Aadi Nawalairupi Location Brickbattu Bypass ( History Sivalinga Thirumeni Narmada Panam.Adi Siddha The worshiped Lord.. Ganesha with four horns Valli Devasena Sametha Subramaniar Shrines Contact Mr. Kesavan-9444149583, Mr. Ganesh-9940617501.  Gunnavakkam Sri Dharmalingeswarar Some time ago, the people of this village have taken the Shivlinga Thirumeni lying in a thornbush and built a small shed to worship it.Lord Thirunama Sri Dharmalingeswarar.The Nandi statue has been newly installed.This temple is 5 km from Sinhaperumal temple.Contact Mr Dhananjezhiyan (9884864590), Mr Suryan-7373592318, Mr Vinod-8144411510. Bama Rukmani Sametha Sri Venugopalaswami is the deity of Perumal temple located in this Gunnavakkam village.He holds a flute in his left hand.It is said that the Utsavar here came here from outside.Poojas are held here regularly. The family near the temple is taking care of it very diligently.All the celebrations are going well. Contact Mr. Balaji-9444091200, Mr. Murali- 8940478850. Sri Tambugheswarar Temple In this village called Karunilam, the big Shivalayam was destroyed in the floods and only Shiva Lingam and Nandi are left.. A new temple is being built.Lord Thirunama Sri Tambugheswarar.Ambal Sri Tamira Varneswari., and all other idols are newly placed.. For more details Mr. Kuppusamy - 9677802409, Mr. Rajendran-7401129330. Karunilam is 5 km from Sinhaperumal temple.  Sri Pasupadeeswarar Temple About 1 km west of Potheri next to Chennai.This Shiva temple is located on the border of Konathi village located far away.A strip in the barn.Thirukkulam is found nearby.. Puja is offered here only on Pradosham.Contact Mr Sasikumar-9840056301, Mr Senthil-9677234323. Katangulathur Temple Location West side of the railway station Located in the middle. Shiva, Ambal Sri Kalatheeswarar, Sri Gnanambikai. Other shrines include Dharma Nandi, Ganesha, Murugan, Kala Bhairava, Lord Sun, Lord Saturn, History Swami Kanda's Serpent First The site of Kalahastheeswarar in the north After coming and worshiping here He worshiped Eason.All kinds of dragons As a place of relief for Dosha too considered. Rahu Ketu Parikaram Every Sunday 4.30 PM to 6.00 PM Parikara Puja is held here till Temple Timings 7-9.30 AM, 5.30-7.30 PM Contact Mr. Lakshmanan-9445286005 Vandalur Sri Varadarajaperumal Temple This Perumal temple is located on the west side of Vandalur railway station.Srivaradaja Perumal as Sridevi Bhoodevi Samethar in the ancient stone temple gives a view to the east.It is lit and lit here daily.The temple is also near Thirukkulam.Contact Mr. Karthik-9994454234, Mr. Satish-9841603483, Mr. Premkumar- 8939039147. ."
257,152,Temples Around Chennai,Katangulathur Temple,"Shiva, Ambal Sri Kalatheeswarar, Sri Gnanambikai, Dharma Nandi, Ganesha, Murugan, Kala Bhairava, Lord Sun, Lord Saturn",West side of Katangulathur railway station,Katangulathur,,,Intact,Functional,"Well-connected, near railway station, temple timings 7-9.30 AM, 5.30-7.30 PM","Palaveli Shiva Temple Shiva is the wise prince of Adi Kuberapuri. Ambal Aadi Nawalairupi Location Brickbattu Bypass ( History Sivalinga Thirumeni Narmada Panam.Adi Siddha The worshiped Lord.. Ganesha with four horns Valli Devasena Sametha Subramaniar Shrines Contact Mr. Kesavan-9444149583, Mr. Ganesh-9940617501.  Gunnavakkam Sri Dharmalingeswarar Some time ago, the people of this village have taken the Shivlinga Thirumeni lying in a thornbush and built a small shed to worship it.Lord Thirunama Sri Dharmalingeswarar.The Nandi statue has been newly installed.This temple is 5 km from Sinhaperumal temple.Contact Mr Dhananjezhiyan (9884864590), Mr Suryan-7373592318, Mr Vinod-8144411510. Bama Rukmani Sametha Sri Venugopalaswami is the deity of Perumal temple located in this Gunnavakkam village.He holds a flute in his left hand.It is said that the Utsavar here came here from outside.Poojas are held here regularly. The family near the temple is taking care of it very diligently.All the celebrations are going well. Contact Mr. Balaji-9444091200, Mr. Murali- 8940478850. Sri Tambugheswarar Temple In this village called Karunilam, the big Shivalayam was destroyed in the floods and only Shiva Lingam and Nandi are left.. A new temple is being built.Lord Thirunama Sri Tambugheswarar.Ambal Sri Tamira Varneswari., and all other idols are newly placed.. For more details Mr. Kuppusamy - 9677802409, Mr. Rajendran-7401129330. Karunilam is 5 km from Sinhaperumal temple.  Sri Pasupadeeswarar Temple About 1 km west of Potheri next to Chennai.This Shiva temple is located on the border of Konathi village located far away.A strip in the barn.Thirukkulam is found nearby.. Puja is offered here only on Pradosham.Contact Mr Sasikumar-9840056301, Mr Senthil-9677234323. Katangulathur Temple Location West side of the railway station Located in the middle. Shiva, Ambal Sri Kalatheeswarar, Sri Gnanambikai. Other shrines include Dharma Nandi, Ganesha, Murugan, Kala Bhairava, Lord Sun, Lord Saturn, History Swami Kanda's Serpent First The site of Kalahastheeswarar in the north After coming and worshiping here He worshiped Eason.All kinds of dragons As a place of relief for Dosha too considered. Rahu Ketu Parikaram Every Sunday 4.30 PM to 6.00 PM Parikara Puja is held here till Temple Timings 7-9.30 AM, 5.30-7.30 PM Contact Mr. Lakshmanan-9445286005 Vandalur Sri Varadarajaperumal Temple This Perumal temple is located on the west side of Vandalur railway station.Srivaradaja Perumal as Sridevi Bhoodevi Samethar in the ancient stone temple gives a view to the east.It is lit and lit here daily.The temple is also near Thirukkulam.Contact Mr. Karthik-9994454234, Mr. Satish-9841603483, Mr. Premkumar- 8939039147. ."
258,152,Temples Around Chennai,Vandalur Sri Varadarajaperumal Temple,"Srivaradaja Perumal, Sridevi Bhoodevi Samethar",West side of Vandalur railway station,Vandalur,,,Intact,Functional,"Well-connected, near railway station, near Thirukkulam, daily pujas","Palaveli Shiva Temple Shiva is the wise prince of Adi Kuberapuri. Ambal Aadi Nawalairupi Location Brickbattu Bypass ( History Sivalinga Thirumeni Narmada Panam.Adi Siddha The worshiped Lord.. Ganesha with four horns Valli Devasena Sametha Subramaniar Shrines Contact Mr. Kesavan-9444149583, Mr. Ganesh-9940617501.  Gunnavakkam Sri Dharmalingeswarar Some time ago, the people of this village have taken the Shivlinga Thirumeni lying in a thornbush and built a small shed to worship it.Lord Thirunama Sri Dharmalingeswarar.The Nandi statue has been newly installed.This temple is 5 km from Sinhaperumal temple.Contact Mr Dhananjezhiyan (9884864590), Mr Suryan-7373592318, Mr Vinod-8144411510. Bama Rukmani Sametha Sri Venugopalaswami is the deity of Perumal temple located in this Gunnavakkam village.He holds a flute in his left hand.It is said that the Utsavar here came here from outside.Poojas are held here regularly. The family near the temple is taking care of it very diligently.All the celebrations are going well. Contact Mr. Balaji-9444091200, Mr. Murali- 8940478850. Sri Tambugheswarar Temple In this village called Karunilam, the big Shivalayam was destroyed in the floods and only Shiva Lingam and Nandi are left.. A new temple is being built.Lord Thirunama Sri Tambugheswarar.Ambal Sri Tamira Varneswari., and all other idols are newly placed.. For more details Mr. Kuppusamy - 9677802409, Mr. Rajendran-7401129330. Karunilam is 5 km from Sinhaperumal temple.  Sri Pasupadeeswarar Temple About 1 km west of Potheri next to Chennai.This Shiva temple is located on the border of Konathi village located far away.A strip in the barn.Thirukkulam is found nearby.. Puja is offered here only on Pradosham.Contact Mr Sasikumar-9840056301, Mr Senthil-9677234323. Katangulathur Temple Location West side of the railway station Located in the middle. Shiva, Ambal Sri Kalatheeswarar, Sri Gnanambikai. Other shrines include Dharma Nandi, Ganesha, Murugan, Kala Bhairava, Lord Sun, Lord Saturn, History Swami Kanda's Serpent First The site of Kalahastheeswarar in the north After coming and worshiping here He worshiped Eason.All kinds of dragons As a place of relief for Dosha too considered. Rahu Ketu Parikaram Every Sunday 4.30 PM to 6.00 PM Parikara Puja is held here till Temple Timings 7-9.30 AM, 5.30-7.30 PM Contact Mr. Lakshmanan-9445286005 Vandalur Sri Varadarajaperumal Temple This Perumal temple is located on the west side of Vandalur railway station.Srivaradaja Perumal as Sridevi Bhoodevi Samethar in the ancient stone temple gives a view to the east.It is lit and lit here daily.The temple is also near Thirukkulam.Contact Mr. Karthik-9994454234, Mr. Satish-9841603483, Mr. Premkumar- 8939039147. ."
259,153,"Melacheri, Siva Temple",Melacheri Siva Temple,"Lord Shiva, Ambal (Parvati), Nandi","Melacheri village, on branch road to Balur village on Chengalpattu-Wallajabad road",Balur village,Chengalpattu,,Dilapidated,Non-Functional,Well-connected,"On the branch road going to Balur village on the Chengalpattu-Wallajabad road, next to Balur is a small town called Melacheri.The Lord who was here appeared when he cleared the area which was thick with thorn bushes in recent times.A tall pan on top of the square Audaiyar towards the east.Ambal Thiruruvam looking towards the south at a little distance.Formerly broken Nandi idol of Shiva.Looking at this place, it seems that there must have been a huge temple with a flagpole and a tower.. Currently there is none. But since the day it was found, the villagers have been doing pooja to this Lord with great enthusiasm.They are also committed to complete the construction of the temple very soon.. It seems that the temple will be built very soon due to their hard work and God's grace.Those who want to participate in this charity can contact the below mentioned persons.Mr. Parthiban (9444865777) Mr. Murugan (9176666161) Mr. Nagarajan (8489980602) Mr. Yuvraj (9944190086)"
260,154,Kalavakkam Temple,Kalavakkam Temple,"Shiva (Thenupuriswarar), Nandi",Kalavakkam village,Kelambakkam,Chengalpattu,Pallava,Dilapidated,Functional,"Remote (through fields, 10 km from Kelambakkam)","Kelambakkam is about 2 kms on the road going west near Tiruporur Road.Far away is a small village called Kalavakkam.A Shiva Lingam is seen on top of a hill if you pass through the fields in this village.Nearby is a broken Nandi idol.There are traces of the temple's earlier existence.When the people of the village saw a problem about this, it is a proud place worshiped by Eesan Kamadenu in this place.So the Lord also took the name Thenupuriswarar.It is also known that during the period of the Pallava kings, they were in a state of greatness. The people of the town are trying to build a small temple for this special Lord with great enthusiasm.Those who want to be involved in this serious work can contact the persons mentioned below.Presently the puja is held only on Pradosha.Mr. Jagajeevanram (9445406142), Mr. Munusamy (9962596849), Mr. Bala Subramanian (9566089413) Mr. Raja Purushottaman (8695727515) This village is about 10 km from Kelambakkam. College"
261,155,Chinnavenmani Sri Bhimeswarar Temple,Chinnavenmani Sri Bhimeswarar Temple,"Sri Bhimeswarar (Shiva), Sri Anandavalli (Ambal), Vinayagar, Dakshinamurthy, Maha Vishnu, Brahma, Durgai, Ganapati, Valli Devasena Sametha Subramanyar, Ayyappan, Gajalakshmi, Chandikeswarar, Bhairava, Navagraha",Chinna Venmani,Seyyur (11 km),,,,Functional,"Well-connected by bus (Chennai-Seyyur route 83, Maduranthagam-Seyyur route T6, bus stop Kalpattu)","In this temple, which dates back to about 2000 years ago, Bhimasenan worshiped Eesan with the name Sri Bhimeswarar.East facing shrine.AmbalSri Anandavalli shrine is towards south.There are shrines of Vinayagar, Dakshinamurthy, Maha Vishnu, Brahma and Durgai in Shiva Koshta.Among the individual shrines in the prakaram, one can visit the deities of Ganapati, Valli Devasena Sametha Subramanyar, Ayyappan, and Gajalakshmi. Near Chandikeswarar, there is an adishtana of a Siddha.There are Bhairava, and Navagraha shrines.Thala vrutsham vilvam.The temple is opposite Thirukkulam.Perhaps the puja takes place here.Festivals like Pradosham, Annabhishekam, Shivratri, Tiruvadhirai, Thirukarthikai are held.Contact Mr. Perumal-9566591567, 9566781523, Mr. Ellappan-9443209278, Mr.Subramani Iyer-9841413405 The temple is located at Chinna Venmani- 11 km from Seyyur.Bus Chennai-Seyyur (83) Maduranthagam-Seyyur (T6) bus stop Kalpattu"
262,158,Onampakkam Sri Oneeswarar Temple,Onampakkam Sri Oneeswarar Temple,"Sri Oneeswarar (Narmadhai Panadal Ana Swami), Ambal Sri Kodiaidai Amman, Shiva Goshta Murthys, Vinayagar, Subramaniyar",Onambakkam village,"Maruvathur, Seyyur",,,Intact,Functional,Well-connected via Maruvathur-Seyyur road,"This very ancient temple has now been shifted to a new location.Narmadhai Panadal Ana Swami is known as Sri Oneeswarar.Shiva Goshta Murthys, Vinayagar, Subramaniyar, Ambal idols have all been newly consecrated.The main tree of this temple is Rudraksha.This tree can still be seen today.The temple pond is nearby.This 1800 year old temple is considered very powerful.Ambal Sri Kodiaidai Amman.All the Shivalaya Utsavams are held.In this village, Kodiyathamman and Hahanayamman.There are Kanniyamman and Mariyamman temples.Mr Sriramulu-9791126344, 9843395667, Mr Mohankumar-8110813487, Mr Kannan-9962156961 for Vivarankal.Onambakkam village is on the Maruvathur-Seyyur road."
263,159,Netrampakkam Sivan Temple,Sri Nandakeswarar Temple (Netrampakkam Sivan Temple),"Sri Nandakeswarar (Shiva), Sri Chandrahasa Iswari (Ambal)",Netrampakkam,Kattdevathur (Katudevathur),Chengalpattu,,Vettaiveli,Non-Functional,"Well-connected by bus from Maduranthakam, Chengalpattu, Acharapakkam via Katudevathur bus stand","Sri Nandakeswarar Temple This very ancient temple has been completely destroyed and now a new temple is being built.The Isan name in this place is Sri Nandakeswarar.Ambal Shri Chandrahasa Iswari.Murthy, Thalam and Thirtham are all three situated together. Creeping Watts The divine wats of Chandrahasam and Nandakam are worshiping Isaan and are still around here and there.Chandrahasam is the sword in Sri Navadurga's hand.Nandagam is the sword in the hand of Sri Mahavishnu. There are two Theerthams in this place.One is Chandrahasa Theertha.The other is Nandaka Theertha or Kadka Theertha. place of remedy If you bathe in these two Theerthas and worship Isan and Ambala, all kinds of mental turmoil and confusion will be removed and your mind will become clear.In addition, there will be money savings without overspending. This temple is now newly built and renovation work is going on.Those who wish to participate in this rare charity can contact the following persons. Mr. Mohan- 9444500344, Mr. Narayanasamy Rediyar-9443989987, Priest Guna Asari-9941442228, Mr. Sukumar Rediyar-9786267086. Other temples here Vinayagar Temple, Mariamman Temple, Bhajanai Math, Ponniyamman Temple.There is a belief here that once you climb the Deepam hill in the sanctum sanctorum of Mariamman temple, if you hold the mortar in the lamp on your forehead, all ailments will be cured.Ashtabhuja Durga and Jeshta Devi idol can be found in Ponniyamman temple here.A bhajani set is required for the bhajani mutt here.Can someone help. Temple location You can reach this town by taking the road that forks on the left side in the town called Kattdevathur on the Maruvathur Seyyur road.Buses Maduranthakam- Seyyur, Chengalpattu- Kadapakkam, Acharapakkam- Seyyur.Bus Stand-Katudevathur"
264,159,Netrampakkam Sivan Temple,Vinayagar Temple,Vinayagar (Ganesha),Netrampakkam,Kattdevathur,Chengalpattu,,,,"Well-connected by bus from Maduranthakam, Chengalpattu, Acharapakkam via Katudevathur bus stand","Sri Nandakeswarar Temple This very ancient temple has been completely destroyed and now a new temple is being built.The Isan name in this place is Sri Nandakeswarar.Ambal Shri Chandrahasa Iswari.Murthy, Thalam and Thirtham are all three situated together. Creeping Watts The divine wats of Chandrahasam and Nandakam are worshiping Isaan and are still around here and there.Chandrahasam is the sword in Sri Navadurga's hand.Nandagam is the sword in the hand of Sri Mahavishnu. There are two Theerthams in this place.One is Chandrahasa Theertha.The other is Nandaka Theertha or Kadka Theertha. place of remedy If you bathe in these two Theerthas and worship Isan and Ambala, all kinds of mental turmoil and confusion will be removed and your mind will become clear.In addition, there will be money savings without overspending. This temple is now newly built and renovation work is going on.Those who wish to participate in this rare charity can contact the following persons. Mr. Mohan- 9444500344, Mr. Narayanasamy Rediyar-9443989987, Priest Guna Asari-9941442228, Mr. Sukumar Rediyar-9786267086. Other temples here Vinayagar Temple, Mariamman Temple, Bhajanai Math, Ponniyamman Temple.There is a belief here that once you climb the Deepam hill in the sanctum sanctorum of Mariamman temple, if you hold the mortar in the lamp on your forehead, all ailments will be cured.Ashtabhuja Durga and Jeshta Devi idol can be found in Ponniyamman temple here.A bhajani set is required for the bhajani mutt here.Can someone help. Temple location You can reach this town by taking the road that forks on the left side in the town called Kattdevathur on the Maruvathur Seyyur road.Buses Maduranthakam- Seyyur, Chengalpattu- Kadapakkam, Acharapakkam- Seyyur.Bus Stand-Katudevathur"
265,159,Netrampakkam Sivan Temple,Mariamman Temple,Mariamman,Netrampakkam,Kattdevathur,Chengalpattu,,,Functional,"Well-connected by bus from Maduranthakam, Chengalpattu, Acharapakkam via Katudevathur bus stand","Sri Nandakeswarar Temple This very ancient temple has been completely destroyed and now a new temple is being built.The Isan name in this place is Sri Nandakeswarar.Ambal Shri Chandrahasa Iswari.Murthy, Thalam and Thirtham are all three situated together. Creeping Watts The divine wats of Chandrahasam and Nandakam are worshiping Isaan and are still around here and there.Chandrahasam is the sword in Sri Navadurga's hand.Nandagam is the sword in the hand of Sri Mahavishnu. There are two Theerthams in this place.One is Chandrahasa Theertha.The other is Nandaka Theertha or Kadka Theertha. place of remedy If you bathe in these two Theerthas and worship Isan and Ambala, all kinds of mental turmoil and confusion will be removed and your mind will become clear.In addition, there will be money savings without overspending. This temple is now newly built and renovation work is going on.Those who wish to participate in this rare charity can contact the following persons. Mr. Mohan- 9444500344, Mr. Narayanasamy Rediyar-9443989987, Priest Guna Asari-9941442228, Mr. Sukumar Rediyar-9786267086. Other temples here Vinayagar Temple, Mariamman Temple, Bhajanai Math, Ponniyamman Temple.There is a belief here that once you climb the Deepam hill in the sanctum sanctorum of Mariamman temple, if you hold the mortar in the lamp on your forehead, all ailments will be cured.Ashtabhuja Durga and Jeshta Devi idol can be found in Ponniyamman temple here.A bhajani set is required for the bhajani mutt here.Can someone help. Temple location You can reach this town by taking the road that forks on the left side in the town called Kattdevathur on the Maruvathur Seyyur road.Buses Maduranthakam- Seyyur, Chengalpattu- Kadapakkam, Acharapakkam- Seyyur.Bus Stand-Katudevathur"
266,159,Netrampakkam Sivan Temple,Ponniyamman Temple,Ponniyamman (with Ashtabhuja Durga and Jeshta Devi idols),Netrampakkam,Kattdevathur,Chengalpattu,,,Functional,"Well-connected by bus from Maduranthakam, Chengalpattu, Acharapakkam via Katudevathur bus stand","Sri Nandakeswarar Temple This very ancient temple has been completely destroyed and now a new temple is being built.The Isan name in this place is Sri Nandakeswarar.Ambal Shri Chandrahasa Iswari.Murthy, Thalam and Thirtham are all three situated together. Creeping Watts The divine wats of Chandrahasam and Nandakam are worshiping Isaan and are still around here and there.Chandrahasam is the sword in Sri Navadurga's hand.Nandagam is the sword in the hand of Sri Mahavishnu. There are two Theerthams in this place.One is Chandrahasa Theertha.The other is Nandaka Theertha or Kadka Theertha. place of remedy If you bathe in these two Theerthas and worship Isan and Ambala, all kinds of mental turmoil and confusion will be removed and your mind will become clear.In addition, there will be money savings without overspending. This temple is now newly built and renovation work is going on.Those who wish to participate in this rare charity can contact the following persons. Mr. Mohan- 9444500344, Mr. Narayanasamy Rediyar-9443989987, Priest Guna Asari-9941442228, Mr. Sukumar Rediyar-9786267086. Other temples here Vinayagar Temple, Mariamman Temple, Bhajanai Math, Ponniyamman Temple.There is a belief here that once you climb the Deepam hill in the sanctum sanctorum of Mariamman temple, if you hold the mortar in the lamp on your forehead, all ailments will be cured.Ashtabhuja Durga and Jeshta Devi idol can be found in Ponniyamman temple here.A bhajani set is required for the bhajani mutt here.Can someone help. Temple location You can reach this town by taking the road that forks on the left side in the town called Kattdevathur on the Maruvathur Seyyur road.Buses Maduranthakam- Seyyur, Chengalpattu- Kadapakkam, Acharapakkam- Seyyur.Bus Stand-Katudevathur"
267,160,Vilanganur Sivan Temple,Vilanganur Sivan Temple,Sri Jambukeswarar,"Tulunuur Village, Kanchi District, Madhuranthakam Circle, 7 Kms from Seyyur",Seyyur,Kanchi District,,Dilapidated,Non-Functional,Remote,"Location Tulunuur Village, Kanchi District, Madhuranthakam Circle, 7 Kms from Seyyur.A huge royal tree grows over the ruined stone temple.He is seated inside the sanctum sanctorum with the name Sri Jambukeswarar.A broken Nandi idol in front of the Swami.Near the temple is Thirukulam.No one comes here.For more details Mr. Subramani-9787758802, Mr. Kuppan-9159016973 Mr. Thanasekara Chettiar - 9445728195 Chennai-Maduranthagam- Seyyur road.This village.(7, 81, 81 81)"
268,161,Jameenpudur Sivan,Jameenpudur Sivan,"Shiva (Shivlingam), Nandi","Zameen Budoor village, eastern bank of pond","Madhuranthagam Circle, Seyyur",,,,Functional,"Well-connected by bus (Chennai-Irumpedu 87, Maduranthagam-Irumpedu T 8)","A Shivlingam made of Narmada Panam is found outside the cut in a village called Zameen Budoor, on the eastern bank of the pond.An idol of Nandi is also seen nearby.The pot is tilted.Located 7 kms from Madhuranthagam Circle, Seyyur.Bus Chennai - Irumpedu (87), Maduranthagam-Irumpedu T 8. Contact Mr. Pachaiyappan 8754359370, Mr. Mani-9677156215, Mr. Murali-9791069355 Mr. Ravi-9047108136"
269,162,193 Salayur Sivalayam,Salayur Sivalayam,"Lord Shiva (Shivlingam), Kanni Kooga Ganapati, Ambal (Nitnamulai Amman), Dakshinamurthy, Maha Vishnu, Brahma, Balamurugan, Sun, Bhairava",Saliyur village,Seyur,,,Intact,Functional,"Well-connected by bus (Chennai-Irumpedu route 87, Madhuranthakam-Irumpedu route 8), 11 km from Seyur on Chennai-Puducherry road","The people of Saaliyur village have built a small temple for Lord Shiva, which has been outside the forest for a long time.Apart from Shivlingam, Kanni Kooga Ganapati, Ambal, Dakshinamurthy, Maha Vishnu, Brahma, Balamurugan, Sun, Bhairava have been newly consecrated.Swami Thirunam Sri Annamalaiyar.Ambalsree Nitnamulai Amman.Puja is being performed here daily.Contact Mr. Dhanapal-8940748433, Mr. Palani-9952876811.Festivals like Pradosha, Shivratri, Annabhishekam, Arudradarshanam, Karthikai Deepam are held.Other temples in this village are Draupadi Amman, Mariyamman, Saliyamman, Gangaiyamman, Iyanar.11 km from Seyur on Chennai- Puducherry road.Saliyur village.Bus, Chennai-Irumpedu (87, Madhuranthakam-Irumpedu tee 8"
270,163,Vettur Sri Kallala Eswarar Temple,Vettur Sri Kallala Eswarar Temple,Sri Kallala Eshwar (Shiva lingam),"Vetur village, 10 km from Chittamur",Chittamur,Kanchipuram,,Intact,Functional,"Well-connected by road, bus routes available (Chennai-Irumpedu 87, Madurandakam-Irumpedu T 8)","The people of Vetur village have built a new temple for the Shiva lingam that was in a ruined stone temple under a kallala tree.Swami's name is Sri Kallala Eshwar.At present a pooja is taking place.A temple pond is located nearby.Pradosham Mahashivaratri Pujas are held.The village is 10 km from Chittamur Good Road.Bus Chennai- Irumpedu 87, Madurandakam- Irumpedu T 8. Contact Mr. Ganesan-9865848358, Mr. Ramachandra Babu- 9751736621, Mr. Rajendra Babu-9444500503, Mr. Duraikannu-9626194302. This town has the temples of Bhudevi Sametha Sri Narayana Perumal, Sri Pachaiyamman, Sri Durkaiamman, Sri Gangaiyamman, Sri Periyapalayathamman."
271,163,Vettur Sri Kallala Eswarar Temple,Bhudevi Sametha Sri Narayana Perumal Temple,Bhudevi Sametha Sri Narayana Perumal,Vetur village,Chittamur,Kanchipuram,,,,"Well-connected by road, bus routes available","The people of Vetur village have built a new temple for the Shiva lingam that was in a ruined stone temple under a kallala tree.Swami's name is Sri Kallala Eshwar.At present a pooja is taking place.A temple pond is located nearby.Pradosham Mahashivaratri Pujas are held.The village is 10 km from Chittamur Good Road.Bus Chennai- Irumpedu 87, Madurandakam- Irumpedu T 8. Contact Mr. Ganesan-9865848358, Mr. Ramachandra Babu- 9751736621, Mr. Rajendra Babu-9444500503, Mr. Duraikannu-9626194302. This town has the temples of Bhudevi Sametha Sri Narayana Perumal, Sri Pachaiyamman, Sri Durkaiamman, Sri Gangaiyamman, Sri Periyapalayathamman."
272,163,Vettur Sri Kallala Eswarar Temple,Sri Pachaiyamman Temple,Sri Pachaiyamman,Vetur village,Chittamur,Kanchipuram,,,,"Well-connected by road, bus routes available","The people of Vetur village have built a new temple for the Shiva lingam that was in a ruined stone temple under a kallala tree.Swami's name is Sri Kallala Eshwar.At present a pooja is taking place.A temple pond is located nearby.Pradosham Mahashivaratri Pujas are held.The village is 10 km from Chittamur Good Road.Bus Chennai- Irumpedu 87, Madurandakam- Irumpedu T 8. Contact Mr. Ganesan-9865848358, Mr. Ramachandra Babu- 9751736621, Mr. Rajendra Babu-9444500503, Mr. Duraikannu-9626194302. This town has the temples of Bhudevi Sametha Sri Narayana Perumal, Sri Pachaiyamman, Sri Durkaiamman, Sri Gangaiyamman, Sri Periyapalayathamman."
273,163,Vettur Sri Kallala Eswarar Temple,Sri Durkaiamman Temple,Sri Durkaiamman,Vetur village,Chittamur,Kanchipuram,,,,"Well-connected by road, bus routes available","The people of Vetur village have built a new temple for the Shiva lingam that was in a ruined stone temple under a kallala tree.Swami's name is Sri Kallala Eshwar.At present a pooja is taking place.A temple pond is located nearby.Pradosham Mahashivaratri Pujas are held.The village is 10 km from Chittamur Good Road.Bus Chennai- Irumpedu 87, Madurandakam- Irumpedu T 8. Contact Mr. Ganesan-9865848358, Mr. Ramachandra Babu- 9751736621, Mr. Rajendra Babu-9444500503, Mr. Duraikannu-9626194302. This town has the temples of Bhudevi Sametha Sri Narayana Perumal, Sri Pachaiyamman, Sri Durkaiamman, Sri Gangaiyamman, Sri Periyapalayathamman."
274,163,Vettur Sri Kallala Eswarar Temple,Sri Gangaiyamman Temple,Sri Gangaiyamman,Vetur village,Chittamur,Kanchipuram,,,,"Well-connected by road, bus routes available","The people of Vetur village have built a new temple for the Shiva lingam that was in a ruined stone temple under a kallala tree.Swami's name is Sri Kallala Eshwar.At present a pooja is taking place.A temple pond is located nearby.Pradosham Mahashivaratri Pujas are held.The village is 10 km from Chittamur Good Road.Bus Chennai- Irumpedu 87, Madurandakam- Irumpedu T 8. Contact Mr. Ganesan-9865848358, Mr. Ramachandra Babu- 9751736621, Mr. Rajendra Babu-9444500503, Mr. Duraikannu-9626194302. This town has the temples of Bhudevi Sametha Sri Narayana Perumal, Sri Pachaiyamman, Sri Durkaiamman, Sri Gangaiyamman, Sri Periyapalayathamman."
275,163,Vettur Sri Kallala Eswarar Temple,Sri Periyapalayathamman Temple,Sri Periyapalayathamman,Vetur village,Chittamur,Kanchipuram,,,,"Well-connected by road, bus routes available","The people of Vetur village have built a new temple for the Shiva lingam that was in a ruined stone temple under a kallala tree.Swami's name is Sri Kallala Eshwar.At present a pooja is taking place.A temple pond is located nearby.Pradosham Mahashivaratri Pujas are held.The village is 10 km from Chittamur Good Road.Bus Chennai- Irumpedu 87, Madurandakam- Irumpedu T 8. Contact Mr. Ganesan-9865848358, Mr. Ramachandra Babu- 9751736621, Mr. Rajendra Babu-9444500503, Mr. Duraikannu-9626194302. This town has the temples of Bhudevi Sametha Sri Narayana Perumal, Sri Pachaiyamman, Sri Durkaiamman, Sri Gangaiyamman, Sri Periyapalayathamman."
276,164,Melvasalai Temples,Melvasalai Shiva Temple,"Shiva (lingam), Jeshtadevi",Melvasalai village,"Madhurandagam (20 km), Chittamur (7 km)",,,Vettaiveli,Non-Functional,"Well-connected (Bus routes: Maduranthakam-Irumpedu T8, Chennai-Irumpedu 87)","A Shiva lingam is found under a neem tree outside the cut in the village of Melvasalai.Jeshtadevi idol is also seen at a little distance nearby.There are traces of an earlier temple.No worships or pujas are held here. Sri Chelliyamman is gifted with speech An ancient Chelliyamman temple is situated in the same village.This goddess who bestows the gift of hearing is especially glorious in making speechless children speak.A recent miracle happened.Chennai Mambalam, Murugan Store Mr. Viswanathan Chettiar's son Kumaran Anandan could not speak till he was 5 years old.As per the blessing of a member of Annaradu's family, he came to this town with the child and offered abhisheka to Sri Chelliyamman and after returning to the town, the child slowly started talking.Mr. Viswanathan himself informed about this through a letter to Subbaraya Reddyar in the village.That letter is still in possession of Subbaraya Reddy.This happened in 1968.For more details  Mr. Krishnamurthy -9442773281, Mr. Ranganathan-9940560889, Mr. Jaishankar  9962442936. Madhurandagam 20 KM.Bus Maduranthakam-Irumpedu (T8), Chennai-Irumpedu (87).Chittamur is 7 km.."
277,164,Melvasalai Temples,Sri Chelliyamman Temple,Sri Chelliyamman,Melvasalai village,"Madhurandagam (20 km), Chittamur (7 km)",,,Intact,Functional,"Well-connected (Bus routes: Maduranthakam-Irumpedu T8, Chennai-Irumpedu 87)","A Shiva lingam is found under a neem tree outside the cut in the village of Melvasalai.Jeshtadevi idol is also seen at a little distance nearby.There are traces of an earlier temple.No worships or pujas are held here. Sri Chelliyamman is gifted with speech An ancient Chelliyamman temple is situated in the same village.This goddess who bestows the gift of hearing is especially glorious in making speechless children speak.A recent miracle happened.Chennai Mambalam, Murugan Store Mr. Viswanathan Chettiar's son Kumaran Anandan could not speak till he was 5 years old.As per the blessing of a member of Annaradu's family, he came to this town with the child and offered abhisheka to Sri Chelliyamman and after returning to the town, the child slowly started talking.Mr. Viswanathan himself informed about this through a letter to Subbaraya Reddyar in the village.That letter is still in possession of Subbaraya Reddy.This happened in 1968.For more details  Mr. Krishnamurthy -9442773281, Mr. Ranganathan-9940560889, Mr. Jaishankar  9962442936. Madhurandagam 20 KM.Bus Maduranthakam-Irumpedu (T8), Chennai-Irumpedu (87).Chittamur is 7 km.."
278,165,Neelamangalam Samadhi Temple,Neelamangalam Samadhi Temple (Asalaguru Sri Subramania Swami Adishtanam),"Sri Subramania Swami, Sri Ananda Swami, Sri Nagabhushan Swami, Shiva Swami",Neelamangalam village,Madhuranthakam (20 km),,,Dilapidated,Non-Functional,"Bus route Maduranthakam - Bondur (T8), 20 km from Madhuranthakam","Asalaguru Sri Subramania Swami's Adishtanam The Atishtanam spread over four acres is under the control of the Hindu Charities Department.Details about Sri Subramania Swami's period are not known.Nearby are the samadhis of his disciples Sri Ananda Swami, Sri Nagabhushan Swami, and Shiva Swami.People here say that there have been no pujas for the last 30 years.Once upon a time there was a perpetual alms donation.Now the bushes are lying on their knees.There is also a settled pond nearby.Contact Mr. Vinayakamurthy 9952569287, Mr. Shekhar- 9715269542  This village is 20 km from Madhuranthak.Bus Maduranthakam - Bondur (T8)"
279,166,189 Siddamoor Temples,Sri Adikesava Perumal Temple,"Sridevi, Bhudevi, Adhikeshava Perumal, Garuda, Anjaneya",Chittamur (Siddamoor) village,Seyyur (12 km),Chengalpattu,,Dilapidated,Functional,"Well-connected by Madhuranthakam-Seyyur buses (81, 81.M, T7, T7A), alight at Kattu Devadur bus stand","189 Chittamur is a small village 12 kms near Seyyur in Madhuranthagam circle.Located far away.The temple here has Sridevi Bhudevi Samedara as Sri Adikesava Perumal Temple.In the sanctum sanctorum Sridevi Bhudevi patiently graces another Adhikeshava Perumal towards the north direction.Opposite are Garudan Sannadi and Sri Anjaneya Sannadi.Maha Mandapam is currently being constructed in this ancient temple.Nearby is the temple Thirukulam.To reach here you can take Madhuranthakam-Seyyur buses (81, 81.M, T7, T7A) and get off at Kattu Devadur bus stand.Contact Mr Ramesh -9791699715, Mr Radhakrishnan -9790778334. During the festivals, Perumal lacks an umbrella.Lovers can get Perumal's grace by gifting an umbrella. There is also a temple in this village.Shivalingam, and only the Ambal idol is found outside the cut under the tree.There is no pooja."
280,166,189 Siddamoor Temples,Shiva Temple,"Shivalingam, Ambal",Chittamur (Siddamoor) village,Seyyur (12 km),Chengalpattu,,Vettaiveli,Non-Functional,"Well-connected by Madhuranthakam-Seyyur buses (81, 81.M, T7, T7A), alight at Kattu Devadur bus stand","189 Chittamur is a small village 12 kms near Seyyur in Madhuranthagam circle.Located far away.The temple here has Sridevi Bhudevi Samedara as Sri Adikesava Perumal Temple.In the sanctum sanctorum Sridevi Bhudevi patiently graces another Adhikeshava Perumal towards the north direction.Opposite are Garudan Sannadi and Sri Anjaneya Sannadi.Maha Mandapam is currently being constructed in this ancient temple.Nearby is the temple Thirukulam.To reach here you can take Madhuranthakam-Seyyur buses (81, 81.M, T7, T7A) and get off at Kattu Devadur bus stand.Contact Mr Ramesh -9791699715, Mr Radhakrishnan -9790778334. During the festivals, Perumal lacks an umbrella.Lovers can get Perumal's grace by gifting an umbrella. There is also a temple in this village.Shivalingam, and only the Ambal idol is found outside the cut under the tree.There is no pooja."
281,167,Kattudevadur Sivan Temple,Kattudevadur Sivan Temple,Shiva lingam and Nandi,"Gattudevathur, Sothupakkam on Seyoor Road",Madhuranthakam,,,Dilapidated,Non-Functional,"Well-connected by bus (Chennai routes 81, 81A, 81; all buses to Madhuranthagam-Seyyur stop here)","The village is located at Gattudevathur, Madhuranthakam Circle, Sothupakkam on Seyoor Road.A Shiva lingam and a Nandi are under a neem tree outside the village.No worship is seen here.Contact Mr. Rathinam-9842190488, Mr. Paramasivan 9626129685, Mr. Chandrasekaran 9159543828. All buses going to Madhuranthagam- Seyyur stop in this town. From Chennai 81, 81A, 81"
282,168,Kolathur Kottivakkam Sivalayam,Kolathur Kottivakkam Sivalayam,"Shivalinga, Sorna Pureeswarar","Kolathur Kottivakkam village, on Sornamalai hill",Chittamur,,,,Functional,"Remote, rough road access, 3 km walk from Chittamur bus stop via Madhurantagam-Seyyur bus route","If you take a rough road in this village called Kolathur Kotivakkam, you can visit the Shivalinga which is located on a small hill.It is said that this Shiv Lingam was consecrated and worshiped by Sri Galati Siddhar and this hill was then Sornamalai and hence the Lord got the name Sorna Pureeswarar.There are big rocks behind the Swami.There is a cave in the middle of it.It is said that even today the Siddha people are staying here and performing puja.A Sunai is also found nearby.The water does not dry up in this thought.And even now you can see the Ichunai water turning yellow during peak daylight hours.In this work, the Sabta girls rub turmeric and bathe in it and worship the Lord.At other times the lime water is white.Puja is held twice daily in this temple.Currently the shed is being built by an organization called Kosenka Nayanar.Those who want to visit this temple can come here with the help of Mr. Shanmugam (8870802450).For more details  Mr. Kannan (9524882663, 8682006850) bus facility Madhurantagam- Seyyur bus and get off at Chittamur and 3 km.You have to walk to this village."
283,169,Nallamur Sivalayam,Nallamur Sivalayam,Lord Shiva,Nallamur village,Chittamur,,,Dilapidated,Functional,Remote,"Worshiped by Arjuna, this Lord has a temple in a small shed.The village where this temple is located is Nallamur.Sothup is about 2 kms near Chittamur on Bagam Seyyur road.The village is located far away.Contact Mr Mani Chettiar 7708516301, Mr Subramanian 9597682984, Mr Thiruvenkadam 9962942816."
284,170,Thonnadu Temple,Thonnadu Temple,"Shiva lingam, Nandi, Sri Jalakandeswarar","Thonnadu village, 3 km near Chittamur",Madhuranthakam,,,,,,"Madhuranthakam circle, 3 kms near Chittamur village Thonnadu There is a Shiva lingam and Nandi idol on the bank of the big pond here.Swami's name is Sri Jalakandeswarar.People here say that if children play here freely, it will rain heavily.Contact Mr. Kuppan Pusari 8056405610, Mr. Giri 9789199144 Mr. Subramanian 9786837366"
285,171,Neerpair Temple,Neerpair Temple,"Shiva Lingam, Goddess Jeshtadevi, Nandi, Swami Kubera Lingam","4 KM near Madhuranthakam circle, Chittamur, Village Neber",Madhuranthakam,,,,,Well-connected by bus from Madhuranthakam (Bus route Madhuranthakam-Irumpedu),"4 KM near Madhuranthakam circle, Chittamur.The village is Neber.Outside the cut there are idols of Shiva Lingam, Goddess Jeshtadevi and Nandi.People here say it is Swami Kubera Lingam.Contact Mr. Murugan 9940725011, Mr. Sundar 9865284266, Mr. Phugahendi 9940729722. Bus Madhuranthakam-Irumpedu Tee 8."
286,172,Jameen Endathur Temple,Jameen Endathur Temple (Devarajaperumal Temple),"Sri Devaraja Perumal with Sri Devi and Bhoodevi, Mariamman, Draupadi Amman, Ponniyamman, Iyanar, Shiva Lingam","Zameen Endathur, Madhuranthakam Circle",Madhuranthakam (13 km),,,,Functional,Well-connected by bus from Chennai (Chennai-Cheyur Bus 83) and Madhuranthakam-Seyyur Bus,"Devarajaperumal Temple Location : Zameen Endathur, Madhuranthakam Circle, 13 kmMadhuranthakam Author: Sri Devi Bhoodevi Sametha Sri Devaraja Perumal A period of puja is held in this ancient temple.Mainly festivals like Vaikunda Ekadasi, Krishna Jayanti, Rama Navami are held here.The temple has a shrine.Daily Thirukula Thirtham is brought and abhishekam is performed for Swami.The village has Mariamman, Draupadi Amman, Ponniyamman and Iyanar temples.There is also a sky pada Shiva lingam.Contact Mr Mani Bhattacharya -9787295473, Ms Gajalakshmi -9629819012, Mr Krishnan-9943901078, Sivanandam- 9894388462 How to reach: Chennai-Cheyur Bus (83 Madhurantagam-Seyyur Bus t"
287,173,Avurimedu Siva Temple,Avurimedu Siva Temple,"Sri Agastheeswarar, Nandi",Aurimedu village,"Thirukkulam, Madhurantagam (8 km)",,,Dilapidated,Functional,"Well-connected by bus (routes 88, 100 from Chennai-Cudalur to Aurimedu stop); Madhurantagam 8 km away","Swami's name is Sri Agastheeswarar.. Location is Aurimedu village.They have put up a shed for the Swami who was outside.Nandi idol in front of Swami.Sometimes the pooja takes place.The doer is Mr. Yehumalai Priest (9943114648).The temple is found near Thirukkulam.Contact Mr. Venkatesh 9500642852, Mr. Durai- 98425 07574. Madhurantagam is 8 km from here.Bus 88, 100,-Chennai-Cudalur village stop Aurimedu."
288,174,Sirunallur Sivan Temple,Sirunallur Sivan Temple,Shiva lingam,"Sirunallur village, on bank of a pond",Maduranthaka,Chengalpattu,,Intact,Functional,Accessible by bus from Chennai and Chengalpattu via Coovathur stop,"7 KM from Maduranthaka.In the distant village of Sirunallur, there is a Shiva lingam on the bank of a pond overlooking the sky.Square pedestal.No other idols are missing.Contact Mr. Muthukumarappa-9443056500, Mr. Kumaran 9159009921, Mr. Prasanna Venkatesan 9442531607. Bus Chennai- Damgattu  (88)  Cengalpattu- Coovathur stop Sirunallur."
289,175,Meyyur Sri Sundararaja Perumal Temple,Meyyur Sri Sundararaja Perumal Temple,"Sri Sundararaja Perumal, Sridevi, Bhudevi, Sri Sundaravalli Thayar, Sri Andal, Vishwaksenaar, Nammalwar, Ramanujar, Tirumangai Alvar, Manavalamamuni Alvar",Meiyur village (originally called Satyapuri),Palaru Thandi check post,Chengalpattu,,,Functional,"Well-connected, on Chengalpattu - Tindivanam National Highway, get off at Palaru Thandi check post stop","Sri Sundararaja Perumal Temple is located in Meiyur village which was originally called Satyapuri.Moolavar Sri Sundararaja Perumal presents Sridevi Bhudevi in ​​the Golam standing as Samethar.This temple, which took Ananda Vimana, belongs to the Pancharatra Agama.Sri Sundaravalli Thayar and Sri Andal are seen in the prakaram with a separate temple.Vishwaksenaar, Nammalwar, Ramanujar, Tirumangai Alvar and Manavalamamuni Alvar shrines are located here.It is said that about 1000 years ago, a periyar in this town had a dream, I am on the bank of Yan river, I am Nagai Sundararajan, and the next day the people of the town found four panchaloka idols on the river bank and brought them to this temple.Sri Annammasaryar has given a hymn about this temple.Pavithrotsavam in the month of Avani and Thirukalyana Utsavam of Alvars are held here.Contact Mr. Gopalakrishnan 9444330122, Mr. Shekhar 9750737568, Etummalai 8526983465. On the Chengalpattu - Tindivanam National Highway, get off at Palaru Thandi check post stop and come to this town."
290,176,Mamundur Siva Temples,Sri Bicheswarar Temple,"Sri Bichiswarar (Shiva), Nagavalli Amman, Saraswati Devi, Ganapati, Murugan, Pancha Murthys, Navgraha, Surya, Chandra, Bhairava","Mamandur (formerly Vadapadi), on south bank of Palaar river",Chengalpattu,Chengalpattu,,Intact,Functional,"Well-connected (on National Highway, buses stop at Mamandur)","Sri Bicheswarar Temple The temple is situated on the south bank of the Palaat at Mamandur, formerly known as Vadapadi.Lord Thirunamam Sri Bichiswarar.Lord's name is Shri Nagavalli Amman.The place where Manduka Maharishi was blessed.Sri Saraswati Devi is also worshiping the Lord by playing the harp. East facing Swami .shrine.Ambal shrine facing south.There are Ganapati, Murugan shrines in the Prakara and Pancha Murthys in the Shiva Goshta.Apart from that, there are shrines of Navgraha, Surya, Chandra, Bhairava, Sannathi in the prakaram.The sanctum is in the form of Gaja Prishta. Lord Sri Bichiswar who grants remedy In order to excel in education, the same will be fulfilled if you sincerely worship the Lord here on the day of Punarbhusam star, coming on Wednesday.And those with mental retardation will get wonderful benefits if they touch the betel leaf and offer it to the Lord in the evening and worship it continuously. There are two thalavrishkas in this temple.One is betel nut and the other is goku mandara.It is considered auspicious to visit Thala trees.. The theertha here is known as Gnana Saraswati Theertha. All Shivalaya Utsavams are held in this temple.Puja is held twice a day.Temple opening hours are 7-11 am and 5-7 pm.All buses stop at Mamandur on the National Highway next to Chengalpattu.Contact Mr. Shekhar-9944337758, Mr. Karthikeyan gurus-9894026983. Vadapadi Sri Brahmapureeswarar Temple There is a temple of Sri Brahmapureeswarar Sri Dharmasamvardini as Samedara in Mamandur Vadapadi village.Dwara shrine facing east direction.There are shrines of Sri Arumukhar, Chandikeswarar, Surya, Annapoorani and Navagraha along with Siva Goshta Parivar Murthys, Kanni Mooka Ganapati, Valli Devasena Devis. It is the place where Lord Brahma, who said that he saw Eason, who could not see a hair on his feet, performed penance for many years and got rid of the curse and received the grace of the Lord.The tirtha created by Lord Brahma is called Sangu tirtha.Thala Vritsam Vilvam.; Festivals like Sivaratri, Aruthira Darshanam, Adi Krithikai etc. are held.A period of puja is going on.Contact Mr Prabhakara Gurus 9789406142, Ms Rudrapriya Prabhakaran 9962058744 Mr Kumar 9443265048."
291,176,Mamundur Siva Temples,Vadapadi Sri Brahmapureeswarar Temple,"Sri Brahmapureeswarar, Sri Dharmasamvardini Amman, Arumukhar, Chandikeswarar, Surya, Annapoorani, Navagraha, Kanni Mooka Ganapati, Valli Devasena Devis",Mamandur Vadapadi village,Chengalpattu,Chengalpattu,,Intact,Functional,Well-connected (same area as Mamandur on National Highway),"Sri Bicheswarar Temple The temple is situated on the south bank of the Palaat at Mamandur, formerly known as Vadapadi.Lord Thirunamam Sri Bichiswarar.Lord's name is Shri Nagavalli Amman.The place where Manduka Maharishi was blessed.Sri Saraswati Devi is also worshiping the Lord by playing the harp. East facing Swami .shrine.Ambal shrine facing south.There are Ganapati, Murugan shrines in the Prakara and Pancha Murthys in the Shiva Goshta.Apart from that, there are shrines of Navgraha, Surya, Chandra, Bhairava, Sannathi in the prakaram.The sanctum is in the form of Gaja Prishta. Lord Sri Bichiswar who grants remedy In order to excel in education, the same will be fulfilled if you sincerely worship the Lord here on the day of Punarbhusam star, coming on Wednesday.And those with mental retardation will get wonderful benefits if they touch the betel leaf and offer it to the Lord in the evening and worship it continuously. There are two thalavrishkas in this temple.One is betel nut and the other is goku mandara.It is considered auspicious to visit Thala trees.. The theertha here is known as Gnana Saraswati Theertha. All Shivalaya Utsavams are held in this temple.Puja is held twice a day.Temple opening hours are 7-11 am and 5-7 pm.All buses stop at Mamandur on the National Highway next to Chengalpattu.Contact Mr. Shekhar-9944337758, Mr. Karthikeyan gurus-9894026983. Vadapadi Sri Brahmapureeswarar Temple There is a temple of Sri Brahmapureeswarar Sri Dharmasamvardini as Samedara in Mamandur Vadapadi village.Dwara shrine facing east direction.There are shrines of Sri Arumukhar, Chandikeswarar, Surya, Annapoorani and Navagraha along with Siva Goshta Parivar Murthys, Kanni Mooka Ganapati, Valli Devasena Devis. It is the place where Lord Brahma, who said that he saw Eason, who could not see a hair on his feet, performed penance for many years and got rid of the curse and received the grace of the Lord.The tirtha created by Lord Brahma is called Sangu tirtha.Thala Vritsam Vilvam.; Festivals like Sivaratri, Aruthira Darshanam, Adi Krithikai etc. are held.A period of puja is going on.Contact Mr Prabhakara Gurus 9789406142, Ms Rudrapriya Prabhakaran 9962058744 Mr Kumar 9443265048."
292,177,Kodithandalam Temple,Kodithandalam Temple,"Sri Kalatheeswarar, Sri Gnanaprasannambhikai",5 km from Pukkathara Good Road on the south bank of Palaru on the Chennai-Trichy National Highway,"Chengalpattu, Kanchipuram",Kanchipuram,,Intact,Functional,"Well-connected via Chennai-Trichy National Highway, bus service from Chengalpattu","Swami: Sri Kalatheeswarar Ambal: Sri Gnanaprasannambhikai This temple is 5 km from Pukkathara Good Road on the south bank of Palaru on the Chennai-Trichy National Highway.Located far away.The villagers built a new temple 12 years ago when the old temple had completely collapsed.East Partha Swami Shrine.Amman shrine facing south.There are Shiva Koshtas, Navagragam, and Kubera Bhairava shrines.The nearby Kulam Pilliyar Temple is called Kulam.Other temples in this village are Chelliyamman, Gangai Amman, Kulatiyamman, Padavettamman.Contact Mr. Kannan-9840522902, 9626189202, Mr. Neelakandan-9962378530 Bus Chengalpattu- Kanchipuram (80)"
293,178,Pukkathurai Sri Pundariga Varatharajar,Pukkathurai Sri Pundariga Varatharajar,"Sri Pundarika Varadaraja, Sridevi, Budevi, Sri Perundevithayar, Andal, Anjaneya","1 km beyond Palaru on Chennai-Trichy National Highway, 2 km on Uttaramerur Road","Chengalpattu (15 km), Palaru, Uttaramerur",Chengalpattu,,,Functional,"Accessible via Chennai-Trichy NH, then 2 km on Uttaramerur Road; described as far away/remote","Sriman Narayanan is the most ancient Pukkatharaya Thirtthalam for the devotees who come to visit him.In the Yaga conducted by Brahma Devar at Kanchi Talam, Agni Jiwali was performed and graced by accepting Avirbhagam.He got the name Varadar because he gave a boon that everyone could ask for.It is said that the gods and rishis in the state of Sitahala, when the heat was removed, showed grace in the Pundarika Pushkarani (lotus pond) at this thalam.In the sanctum sanctorum, facing east, Sridevi and Budevi as Samedara are seen by Sri Bundarika Varadaraja.Sri Perundevithayar is blessed with a temple in a separate shrine.It is believed by others that by worshiping Mother during the Navratri festival, Ashta Aishwaryas will also be created.Shri Andal graces a separate shrine here.Mother Thirukalyanam on Panguni Utthiram and Sri Andal Thirukalyanam during Kudaravalli are held specially.Brahmotsavam is held in the month of Chitra and Tirthawari is held at Pushkarani in Pundarika on Chitra Poornami. Anjaneya carved in relief on a pillar in the Sri Andal shrine is very auspicious.The temple is open from 8 am to 12 noon and 4 pm to 7 pm. Contact Mr. Thayaraman-044-26641115, 9840183849, Mr. Vijayaragavan - 8754892397 Chengalpattu 15 Km.1 km beyond Palaru on Chennai Trichy National Highway.2 km on Uttaramerur Road which diverges in the distance.This place is far away."
294,180,Kavathur Temples,Sri Adikesava Perumal Temple,"Sri Adikesavaperumal, Sri Devi Bhudevi Samedara, Sri Ambujavalli's mother Andal, Sri Vataraja, Sri Krishna","Village: Gawadur, Kavathur","Devadhur (bus stop), Madhurandakam-Thachur",Kanchipuram,Pandyan (Maravarman Sundarapandian),Intact,Functional,"Well-connected by bus from Madhurandakam-Thachur, stop at Devadhur","Sri Adikesava Perumal Temple Village : Gawadur According to the Vaikanasa Agama, the temple is newly built and has an ananda vimana.Sri Devi Bhudevi Samedara is the source of Sri Adikesavaperumal.Sri Ambujavalli's mother, Andal, Sri Vataraja and Sri Krishna, who had a separate shrine, have now been consecrated in the sanctum sanctorum as all these shrines have fallen into disrepair. An inscription from the time of Maravarman Sundarapandian who ruled Tamil Nadu is found here.It contains the details of the donation given to this temple. Festivals like Vishnu Deepam, Pavithotsavam, Rama Navami, Krishna Jayanti are held here.Brahmotsavam was held in the month of Adi and now it has stopped.Varushabhishekam takes place on Avani Avitam.There is Bhajan in the month of March.Contact Mr. Kothandaraman-9965727577, Mr. Vijayanarayanan-9025843263, Mr. Krishnamurthy-9841416664, Murthy- 9444535628 Madhurandakam-Thachur (T, T, T) can be reached here by buses. Stop: Devadhur A Shivlingam is found under the royal tree on the banks of the pond in the border of this town.There are no other idols.It is said that earlier there was a temple here.They light the lamp every day.Kumaran)"
295,180,Kavathur Temples,Shivlingam under Royal Tree,Shivlingam,Banks of the pond on the border of Gawadur/Kavathur,"Devadhur, Madhurandakam-Thachur",Kanchipuram,,Vettaiveli,Functional,"Well-connected by bus from Madhurandakam-Thachur, stop at Devadhur","Sri Adikesava Perumal Temple Village : Gawadur According to the Vaikanasa Agama, the temple is newly built and has an ananda vimana.Sri Devi Bhudevi Samedara is the source of Sri Adikesavaperumal.Sri Ambujavalli's mother, Andal, Sri Vataraja and Sri Krishna, who had a separate shrine, have now been consecrated in the sanctum sanctorum as all these shrines have fallen into disrepair. An inscription from the time of Maravarman Sundarapandian who ruled Tamil Nadu is found here.It contains the details of the donation given to this temple. Festivals like Vishnu Deepam, Pavithotsavam, Rama Navami, Krishna Jayanti are held here.Brahmotsavam was held in the month of Adi and now it has stopped.Varushabhishekam takes place on Avani Avitam.There is Bhajan in the month of March.Contact Mr. Kothandaraman-9965727577, Mr. Vijayanarayanan-9025843263, Mr. Krishnamurthy-9841416664, Murthy- 9444535628 Madhurandakam-Thachur (T, T, T) can be reached here by buses. Stop: Devadhur A Shivlingam is found under the royal tree on the banks of the pond in the border of this town.There are no other idols.It is said that earlier there was a temple here.They light the lamp every day.Kumaran)"
296,181,Mariputhur Temples,Sri Lakshminarayana Perumal Temple,Sri Lakshminarayana Perumal with Goddess Lakshmi on his lap,Mariputhur,Mariputhur,,,Intact,Functional,"Contact available: Mr. Vedachalam-9444933855, Mr. Vedagiri-9442069947, Mr. Varanappan-9176448031","Sri Lakshminarayana Perumal Temple This ancient temple was renovated in 2004 and is now well maintained.Moolavar Sri Lakshminarayana Perumal gives a scene with Goddess Lakshmi on his lap.Bhajans are regularly held here.A pillar has been constructed in this temple with 600 crores of Ram Nama Jeba Likithams. Sri Ashtabhuja Amman Temple This very famous temple is located outside the town.East Partha Amman Sannathi.Big lake in front.There is also a Pitari Chelliyamman shrine.On the first Tuesday of the month of Aadi, the Utsavam will be held on the next Tuesday in Kappukkatti. Villagers say that around 5 lakh people will come here. Contact Mr. Vedachalam-9444933855, Mr. Vedagiri-9442069947, Mr. Varanappan-9176448031.To get here Madhuranthakam-Thachur (t ,t 0,t ​​,100c,100d) Stop Devadur"
297,181,Mariputhur Temples,Sri Ashtabhuja Amman Temple,"Sri Ashtabhuja Amman, Pitari Chelliyamman",Outside Mariputhur town,Mariputhur,,,,Functional,"Madhuranthakam-Thachur route, Stop Devadur","Sri Lakshminarayana Perumal Temple This ancient temple was renovated in 2004 and is now well maintained.Moolavar Sri Lakshminarayana Perumal gives a scene with Goddess Lakshmi on his lap.Bhajans are regularly held here.A pillar has been constructed in this temple with 600 crores of Ram Nama Jeba Likithams. Sri Ashtabhuja Amman Temple This very famous temple is located outside the town.East Partha Amman Sannathi.Big lake in front.There is also a Pitari Chelliyamman shrine.On the first Tuesday of the month of Aadi, the Utsavam will be held on the next Tuesday in Kappukkatti. Villagers say that around 5 lakh people will come here. Contact Mr. Vedachalam-9444933855, Mr. Vedagiri-9442069947, Mr. Varanappan-9176448031.To get here Madhuranthakam-Thachur (t ,t 0,t ​​,100c,100d) Stop Devadur"
298,182,Arungunam Temples,Ancient Temple Site (Fields),"Pilliyar, Mushikam, Patti Lingam (broken)","Arungunam village, 5 km from Madhurandhak",Madhurandhak,,,Vettaiveli,Non-Functional,Well-connected by share auto from Madhurandhak,"5 KM from Madhurandhak.In the nearby village of Arungunam, there are idols of Pilliyar, Mushikam and a broken Patti Lingam standing in the middle of the fields.There must have been a large temple here earlier.No details are known.Another Vinayagar temple in the middle of the town houses the Sri Vallalar Swamikal Enthrall.He is said to have visited this temple and consecrated the device.Apart from this, an idol of Maha Vishnu and a Shiv Lingam were found behind the Vinayagar temple located elsewhere in the town.The villagers have taken the idols and cleaned them and placed them on both sides in front of the Ganesha temple.Pujas are held regularly.From a total of 6 ponds in this village, now only 3 ponds are left.In this town, there are also temples of Chelliyamman, Draupadi Amman, Ramalinga Vallalar and Muthumariyamman.Contact Mr Kannanji (9952836846), Mr Ramudu(9994285272), Mr Munusamy(97878 49751).You can reach here by share auto from Madhurandhak ."
299,182,Arungunam Temples,Vinayagar Temple (Town Center),"Vinayagar, Sri Vallalar Swamikal Enthrall","Arungunam village, 5 km from Madhurandhak",Madhurandhak,,,Intact,Functional,Well-connected by share auto from Madhurandhak,"5 KM from Madhurandhak.In the nearby village of Arungunam, there are idols of Pilliyar, Mushikam and a broken Patti Lingam standing in the middle of the fields.There must have been a large temple here earlier.No details are known.Another Vinayagar temple in the middle of the town houses the Sri Vallalar Swamikal Enthrall.He is said to have visited this temple and consecrated the device.Apart from this, an idol of Maha Vishnu and a Shiv Lingam were found behind the Vinayagar temple located elsewhere in the town.The villagers have taken the idols and cleaned them and placed them on both sides in front of the Ganesha temple.Pujas are held regularly.From a total of 6 ponds in this village, now only 3 ponds are left.In this town, there are also temples of Chelliyamman, Draupadi Amman, Ramalinga Vallalar and Muthumariyamman.Contact Mr Kannanji (9952836846), Mr Ramudu(9994285272), Mr Munusamy(97878 49751).You can reach here by share auto from Madhurandhak ."
300,182,Arungunam Temples,Ganesha Temple (with Vishnu and Shiva Lingam),"Ganesha, Maha Vishnu, Shiva Lingam","Arungunam village, 5 km from Madhurandhak",Madhurandhak,,,Intact,Functional,Well-connected by share auto from Madhurandhak,"5 KM from Madhurandhak.In the nearby village of Arungunam, there are idols of Pilliyar, Mushikam and a broken Patti Lingam standing in the middle of the fields.There must have been a large temple here earlier.No details are known.Another Vinayagar temple in the middle of the town houses the Sri Vallalar Swamikal Enthrall.He is said to have visited this temple and consecrated the device.Apart from this, an idol of Maha Vishnu and a Shiv Lingam were found behind the Vinayagar temple located elsewhere in the town.The villagers have taken the idols and cleaned them and placed them on both sides in front of the Ganesha temple.Pujas are held regularly.From a total of 6 ponds in this village, now only 3 ponds are left.In this town, there are also temples of Chelliyamman, Draupadi Amman, Ramalinga Vallalar and Muthumariyamman.Contact Mr Kannanji (9952836846), Mr Ramudu(9994285272), Mr Munusamy(97878 49751).You can reach here by share auto from Madhurandhak ."
301,182,Arungunam Temples,Chelliyamman Temple,Chelliyamman,"Arungunam village, 5 km from Madhurandhak",Madhurandhak,,,,,Well-connected by share auto from Madhurandhak,"5 KM from Madhurandhak.In the nearby village of Arungunam, there are idols of Pilliyar, Mushikam and a broken Patti Lingam standing in the middle of the fields.There must have been a large temple here earlier.No details are known.Another Vinayagar temple in the middle of the town houses the Sri Vallalar Swamikal Enthrall.He is said to have visited this temple and consecrated the device.Apart from this, an idol of Maha Vishnu and a Shiv Lingam were found behind the Vinayagar temple located elsewhere in the town.The villagers have taken the idols and cleaned them and placed them on both sides in front of the Ganesha temple.Pujas are held regularly.From a total of 6 ponds in this village, now only 3 ponds are left.In this town, there are also temples of Chelliyamman, Draupadi Amman, Ramalinga Vallalar and Muthumariyamman.Contact Mr Kannanji (9952836846), Mr Ramudu(9994285272), Mr Munusamy(97878 49751).You can reach here by share auto from Madhurandhak ."
302,182,Arungunam Temples,Draupadi Amman Temple,Draupadi Amman,"Arungunam village, 5 km from Madhurandhak",Madhurandhak,,,,,Well-connected by share auto from Madhurandhak,"5 KM from Madhurandhak.In the nearby village of Arungunam, there are idols of Pilliyar, Mushikam and a broken Patti Lingam standing in the middle of the fields.There must have been a large temple here earlier.No details are known.Another Vinayagar temple in the middle of the town houses the Sri Vallalar Swamikal Enthrall.He is said to have visited this temple and consecrated the device.Apart from this, an idol of Maha Vishnu and a Shiv Lingam were found behind the Vinayagar temple located elsewhere in the town.The villagers have taken the idols and cleaned them and placed them on both sides in front of the Ganesha temple.Pujas are held regularly.From a total of 6 ponds in this village, now only 3 ponds are left.In this town, there are also temples of Chelliyamman, Draupadi Amman, Ramalinga Vallalar and Muthumariyamman.Contact Mr Kannanji (9952836846), Mr Ramudu(9994285272), Mr Munusamy(97878 49751).You can reach here by share auto from Madhurandhak ."
303,182,Arungunam Temples,Ramalinga Vallalar Temple,Ramalinga Vallalar,"Arungunam village, 5 km from Madhurandhak",Madhurandhak,,,,,Well-connected by share auto from Madhurandhak,"5 KM from Madhurandhak.In the nearby village of Arungunam, there are idols of Pilliyar, Mushikam and a broken Patti Lingam standing in the middle of the fields.There must have been a large temple here earlier.No details are known.Another Vinayagar temple in the middle of the town houses the Sri Vallalar Swamikal Enthrall.He is said to have visited this temple and consecrated the device.Apart from this, an idol of Maha Vishnu and a Shiv Lingam were found behind the Vinayagar temple located elsewhere in the town.The villagers have taken the idols and cleaned them and placed them on both sides in front of the Ganesha temple.Pujas are held regularly.From a total of 6 ponds in this village, now only 3 ponds are left.In this town, there are also temples of Chelliyamman, Draupadi Amman, Ramalinga Vallalar and Muthumariyamman.Contact Mr Kannanji (9952836846), Mr Ramudu(9994285272), Mr Munusamy(97878 49751).You can reach here by share auto from Madhurandhak ."
304,182,Arungunam Temples,Muthumariyamman Temple,Muthumariyamman,"Arungunam village, 5 km from Madhurandhak",Madhurandhak,,,,,Well-connected by share auto from Madhurandhak,"5 KM from Madhurandhak.In the nearby village of Arungunam, there are idols of Pilliyar, Mushikam and a broken Patti Lingam standing in the middle of the fields.There must have been a large temple here earlier.No details are known.Another Vinayagar temple in the middle of the town houses the Sri Vallalar Swamikal Enthrall.He is said to have visited this temple and consecrated the device.Apart from this, an idol of Maha Vishnu and a Shiv Lingam were found behind the Vinayagar temple located elsewhere in the town.The villagers have taken the idols and cleaned them and placed them on both sides in front of the Ganesha temple.Pujas are held regularly.From a total of 6 ponds in this village, now only 3 ponds are left.In this town, there are also temples of Chelliyamman, Draupadi Amman, Ramalinga Vallalar and Muthumariyamman.Contact Mr Kannanji (9952836846), Mr Ramudu(9994285272), Mr Munusamy(97878 49751).You can reach here by share auto from Madhurandhak ."
305,183,Puliaranakkottai Sri Lakshminarayanar,Puliaranakkottai Sri Lakshminarayanar,"Sri Lakshminarasimha, Sri Anjaneya, Sri Chakrad Choruvar, Garuda, Vinayaka","Puliyaranakottai village, 7 km from Madhurandhak, on Madhuranthagam-Paunjur road",Madhurandhak (Madhuranthagam),,,,Functional,Remote,"7 KM from Madhurandhak.Sri Lakshminarasimha Temple is situated in a remote village called Puliyaranakottai.At a height of 12 feet there are shrines of Sri Anjaneya, Sri Chakrad Choruvar, Garuda, and Vinayaka.Bhajan is regularly held here every week.Contact Mr. Lakshmipathi (9865815357), Mr. Seshatri (9445546146), Mr. Senthil (9841125159) This temple is on Madhuranthagam-Paunjur road."
306,185,Vilvarayanallur Perumal,Vilvarayanallur Perumal,Srinivasa Perumal,Vilvarayanallur village,Madhurandhakam,,,Dilapidated,Functional,"Well-connected by bus (routes 81, 83, 100, 85 from Maduranthakam)","Srinivasa Perumal is seen alone under a tree outside the cut.The place where the temple used to stand is a mound.There are no other idols.An inscription is nearby.This village is about 6 km from Madhurandhak.There is also Thirukulam here.Abhisheka worship is performed to Perumal here on days like Vaikunda Ekadasi and Puratasi Shani.Bhajans are conducted on special days by the Bhajan Committee here.Instruments like harmonium, dolki, jalra are required.Can anyone help with this.Contact Mr. Kumar-9943263884, Krishnamurthy-9442584556, Mr. Jagannathan-9585852290.Bus Maduranthakam-Soonampedu, Maduranthakam-Couvathur, Maduranthakam- Damkatu (81,83,100,85,)"
307,186,Saravampakkam Temple,Saravampakkam Temple,Sri Agastheeswarar (Shiva Lingam),Saravambakkam village,Ceyur,Kanchipuram,,Dilapidated,Functional,"Well-connected by bus routes 83, 81, 81A, 81(8) from Chennai","The people of Saravambakkam village have constructed a small shed for the Shiva lingam which has been cut outside for many years.Swami Thirunam Sri Agastheeswarar.Daily puja takes place.Thirukulam is found in front of the temple.For further contact Mr. Sundaramurthy -9626792031.Chennai-Ceyur bus (83,81, 81A,81 (8)) to reach here"
308,188,Viralur Temple,Viralur Temple,Sri Viradeeswarar (Lord Ishwar as Swayambu Murthy),"Viralur Village, Near Seyyur, 5 Km, Madhuranthakam circle",Seyyur,,,Vettaiveli,Functional,Well-connected by bus from Chennai (route 83) and Madhurantakam,"Location: Viralur Village-Near Seyyur, 5 Km.Madhuranthakam circle. Lord Ishwar is graced here as Swayambu Murthy with the name of Sri Viradeeswarar.No temple, no tower.No family idols.Puja is being done outside the cut to the God who was outside the town.The people of this village are serious about building a temple.Financial assistance is required.Those who want to be involved in this mission can contact the following persons.Mr. Vadivelu-9976419923, Mr. Suresh- 9043737102. Chennai-Seyyur (83), Madhurantagam-Seyyur bus to reach here."
309,189,Nagamalai Sivan,Nagamalai Sivan,"Shiva (Sri Naguleswarar), Nakulan","Nagamalai, near Seiyur, 5 km",Seiyur,,,Dilapidated,Functional,Well-connected by bus from Chennai-Seyyur (route 83) and Madhurantagam-Seyyur,"Nakulan is the worshiped God Location : Nagamalai - near Seiyur, 5 km. All the temples are gone and now only Shiva is sitting under the shed.Pancha Pandava is the Lord who performed the Nakulan Puja.Hence he is known as Sri Naguleswarar.Nearby is Thirukulam.Perhaps the pooja is taking place.Contact Mr Marimuthu-9943324003, Krishnaveni-9943536439.You can reach here by Chennai-Seyyur-(83) and Madhurantagam-Seyyur bus."
310,190,Vellarai Temple,Sri Darpaneeswarar Temple,"Shiv Lingam, Nandi",3 kms near Vellarai village-Seyyur,Seyyur,,,Dilapidated,Functional,"Well-connected by bus (Chennai-Seyyur 81 bus, Madhuranthakam-Seyyur bus stop)","Sri Darpaneeswarar Temple Location  : 3 kms near Vellarai village-Seyyur. \ The people of this village have built a shed and worshiped this ancient Shiv Lingam.The temple was completely destroyed and no other idols were found at the site.Only the Nandi idol has been newly installed.The worshiper here is Mr. Arumugam-9655148509.Contact Mr. Damodaran-9043331182, Chennai-Seyyur (81) Bus and Madhuranthakam-Seyyur Bus Stop-Nallur Gut Road to reach here"
311,191,Irumbedu Temples,Sri Irumpedu Iswarar Temple,Shiva (Shiva Lingam),"Irumpedu Village, Madhuranthakam Circle, 5 kms near Seiyur",Madhuranthakam,,,Intact,Functional,"Well-connected (Chennai-Irumpedu Bus No. 87, Madhurantagam-Irumpedu T8 buses)","Location: Irumpedu Village, Madhuranthakam Circle 5 kms near Seiyur. Shiva temple.They brought the Shiva lingam from the thornbush and installed it in a small shed.Swami Thirunamam Sri Irumpedu Iswarar.Swami is facing West.Nearby is Thirukulam.You can reach this place by Chennai-Irumpedu (Bus No. 87) and Madhurantagam-Irumpedu (T8) buses.Contact Mr. Krishnamurthy-9884683870, Mr. Inbasekar-9445728183.Mr. Krishnakumar-9786866610.The Perumal temple in this town has completely collapsed and now the villagers are trying to rebuild it."
312,191,Irumbedu Temples,Perumal Temple,Perumal (Vishnu),Irumpedu Village,Madhuranthakam,,,Dilapidated,Non-Functional,"Well-connected (Chennai-Irumpedu Bus No. 87, Madhurantagam-Irumpedu T8 buses)","Location: Irumpedu Village, Madhuranthakam Circle 5 kms near Seiyur. Shiva temple.They brought the Shiva lingam from the thornbush and installed it in a small shed.Swami Thirunamam Sri Irumpedu Iswarar.Swami is facing West.Nearby is Thirukulam.You can reach this place by Chennai-Irumpedu (Bus No. 87) and Madhurantagam-Irumpedu (T8) buses.Contact Mr. Krishnamurthy-9884683870, Mr. Inbasekar-9445728183.Mr. Krishnakumar-9786866610.The Perumal temple in this town has completely collapsed and now the villagers are trying to rebuild it."
313,192,Pazhamathur Sri Kalahasthiswarar,Pazhamathur Sri Kalahasthiswarar,"Sri Kalahastheeswarar, Ambal (missing), Sri Dakshinamurthy (broken), Srivinayakar, Murugan","Village Palamathur (Pazhamathur), 1 km east of Pukkathara bus stop on Chennai-Trichy National Highway, near Chengalpattu, situated like an island among canals and mulberry bushes",Chengalpattu,Chengalpattu,,Dilapidated,Non-Functional,Accessible from National Highway but requires crossing fields and canals; remote location,"On the Chennai-Trichy National Highway, get off at Pukkathara bus stop next to Chengalpattu and travel in an eastern direction for about 1 km.In the distance is a village called Palamathur.Crossing the fields, this temple is situated like an island in the middle of the canals and is visible among the mulberry bushes. Swami Sri Kalahastheeswarar in the sanctum sanctorum in this completely ruined temple is facing west.The Ambal idol was not found.Apart from Sri Dakshinamurthy, which is in a broken state, there are no other idols.The pillars are embossed with figures of Srivinayakar and Murugan.The shrine is near the temple.No puja is performed here.Villagers come here only on the day of full moon and worship by lighting lamps.Contact Mr. Thiago-9003440655, Mr. Kothandaraman-9629579359, Suresh-9944303738 Mr. Sivakumar-8007556866."
314,193,Melmanavoor Sivan Temple,Melmanavoor Sivan Temple,"Sri Kasi Viswanadha (Shiva), Srivisalakshi Ammai (Parvati), Ganapati, Valli Devasena Sametha Sri Subramanyar, Bhairava, Navagraha, Sri Brahma with Sri Saraswati Devi (Gnana Saraswati)","Melmanavoor, 5 km from Vellore on Chennai-Bangalore road",Vellore,Vellore,,Dilapidated,Functional,"Well-connected, on Chennai-Bangalore highway","Sri Kashi Vishwanath Temple This temple is centrally located between Vellore Sri Jalakandeswarar Temple and Thiruvirinchipuram Sri Markabandeeswarar Temple.Swami's Tirunama is Shri Kasi Viswanadha.Ambal Srivisalakshi.. We can visit the majestic flagpole if we enter through the huge tower gate located in the south direction.From there, if you visit Lord Nandi and enter the temple after crossing the Dwara Sannadi, you can see the Lord enshrined in the womb.Along with this, one can have darshan of Mother Sri Visalakshi Ammai, who appears in the form of graceful grace.Along with Koshta Murthys, there are Ganapati, Valli Devasena Sametha Sri Subramanyar, Bhairava and Navagraha sanctuaries while walking around the prakaram.It is special to have Sri Brahma with Sri Saraswati Devi in ​​this temple unlike anywhere else.She appears as Gnana Saraswati with a veena in her hand.A sculptured mandapam can be found in the outer courtyard.It is said that there is a tunnel here.While walking around the prakaram, only Shivalinga Panam catches the eye. This temple, which was in a dilapidated state, is currently undergoing renovation work.Due to lack of material, the restoration work has been delayed a bit.We request the dear ones who see this to help as much as they can and ensure that the work is completed smoothly.Payment can be made by cash or check directly to the purchase account. This temple is located 5 km from Vellore on the Chennai-Bangalore road.Contact Mr. Kumar, 55, Iswaran Koil Street, Melmanavoor, Vellore-632010 20132805268"
315,194,Meyyur Sri Anantheeswarar Temple,Meyyur Sri Anantheeswarar Temple,"Sri Anantheeswarar, Mother Sri Ananthanayaki, Murugan, Sandikeswarar, Bhairava, Navagragam, Goshta Murthys, Vinayagar, Valli Devasena","South bank of Palaru river, 1 km off Chennai-Trichy National Highway after Chengalpattu","Chengalpattu, Thirukkulam",,,,Functional,"Well-connected via Chennai-Trichy National Highway, 1 km from main road","At first Sri Patanjali Maharishi stayed on the south bank of the river while bringing the Pana Lingam from Kashi to build a temple at Chidambaram.At that time, Nagas like Adhisha came and worshiped the lingam built by Maharishi.At the same time Sri Patanjali bowed down to Maharishi and consecrated the lingam here and built a temple.. and disappeared saying that Lord should arise here with Maharishi's birth name Anantan and that Rahu and Ketu would act as dosha parikarathalam.Maharishi too was delighted and worshiped the Lord facing west. Lord Anantheeswarar who is standing in this temple gives a view towards the west.Devotees can enjoy the darshan of Ananta.Mother Sri Ananthanayaki, showering grace, gives darshan towards the south direction.The temple is surrounded by a majestic vine tree and has shrines such as Murugan, Sandikeswarar, Bhairava, Navagragam, along with Goshta Murthys, Vinayagar, Valli Devasena.Apart from all the utsavams in the temple, the Brahmotsavam takes place here.The temple is near Thirukkulam.Thala vrutsham vilvam.Murthy and Thalam Thirtham are the places where all three are established. Doshas removed by prayer Since the beginning, this place has been known as the abode of Rahu and Ketu.People who wander in search of remedy for Rahu Ketu and Naga doshas come to this place and pray to Sri Anantheeswarar and get benefit. This temple is about 1 km on the right side road on the south bank of Palaru after Chengalpattu on the Chennai-Trichy National Highway.Located far away.Contact Mr. Kuganathan 7639472901,"
316,195,Pazhayanur Temples,Sri Mahakaleshwarar Temple,"Mahakaleshwarar (Shiva), Ambal, Vinayagar, Valli Devasena, Arumukhar, Dakshinamurthy, Surya","Pazhayanur village, near Pukkathara, next to Chengalpattu on Chennai-Trichy National Highway",Chengalpattu,Chengalpattu,,Intact,Functional,Well-connected,"There are three ancient temples in the village of Pahayanur, which is very close to Pukkathara Good Road next to Chengalpattu on the Chennai-Trichy National Highway. Sri Mahakaleshwarar Temple Swami Sannadi is a stone temple situated towards East and Ambal Sannadi towards South.There are shrines of Sri Vinayagar, Valli Devasena along with Sri Arumukhar, Sri Dakshinamurthy, Surya.It is remarkable that all the figurines are beautifully arranged with artistic grace. Sri Muktiswarar Temple As the old temple is dilapidated, Swami gives darshan in a small shed facing east.Square pedestal.Pooja is held every day at the tall pot.. For more details Mr. Vijay-9840410168, Mr. Karthik-9443643880, Mr. Prabhakaran-9500785100. Sri Sundara Varadaraja Perumal Temple This ancient temple is well-maintained and offers two pujas.Moolavar Sri Sundara Varadaraja is depicted in a golam standing with Sridevi Bhudevi with Prayoga Chakra in his right hand.There are separate shrines for Sundaravalli Thayar and Shri Andal in the prakaram. Other shrines are Shri Dhanvandri Murthy, Shri Chakrathazhwar, Shri Narasimha, Shri Anjaneyar, Shri Garudazhwar and Vaikunda Ekadasi, Karthikai Deepam, Panguni Uthiram, Thayar Thirukalyanam are being celebrated in this temple.Contact Mr. Satyanarayana Bhattacharya - 98840 33182."
317,195,Pazhayanur Temples,Sri Muktiswarar Temple,Muktiswarar (Shiva),"Pazhayanur village, near Pukkathara, next to Chengalpattu on Chennai-Trichy National Highway",Chengalpattu,Chengalpattu,,Dilapidated,Functional,Well-connected,"There are three ancient temples in the village of Pahayanur, which is very close to Pukkathara Good Road next to Chengalpattu on the Chennai-Trichy National Highway. Sri Mahakaleshwarar Temple Swami Sannadi is a stone temple situated towards East and Ambal Sannadi towards South.There are shrines of Sri Vinayagar, Valli Devasena along with Sri Arumukhar, Sri Dakshinamurthy, Surya.It is remarkable that all the figurines are beautifully arranged with artistic grace. Sri Muktiswarar Temple As the old temple is dilapidated, Swami gives darshan in a small shed facing east.Square pedestal.Pooja is held every day at the tall pot.. For more details Mr. Vijay-9840410168, Mr. Karthik-9443643880, Mr. Prabhakaran-9500785100. Sri Sundara Varadaraja Perumal Temple This ancient temple is well-maintained and offers two pujas.Moolavar Sri Sundara Varadaraja is depicted in a golam standing with Sridevi Bhudevi with Prayoga Chakra in his right hand.There are separate shrines for Sundaravalli Thayar and Shri Andal in the prakaram. Other shrines are Shri Dhanvandri Murthy, Shri Chakrathazhwar, Shri Narasimha, Shri Anjaneyar, Shri Garudazhwar and Vaikunda Ekadasi, Karthikai Deepam, Panguni Uthiram, Thayar Thirukalyanam are being celebrated in this temple.Contact Mr. Satyanarayana Bhattacharya - 98840 33182."
318,195,Pazhayanur Temples,Sri Sundara Varadaraja Perumal Temple,"Sundara Varadaraja Perumal (Vishnu) with Sridevi and Bhudevi, Sundaravalli Thayar, Andal, Dhanvantri Murthy, Chakrathazhwar, Narasimha, Anjaneyar, Garudazhwar","Pazhayanur village, near Pukkathara, next to Chengalpattu on Chennai-Trichy National Highway",Chengalpattu,Chengalpattu,,Intact,Functional,Well-connected,"There are three ancient temples in the village of Pahayanur, which is very close to Pukkathara Good Road next to Chengalpattu on the Chennai-Trichy National Highway. Sri Mahakaleshwarar Temple Swami Sannadi is a stone temple situated towards East and Ambal Sannadi towards South.There are shrines of Sri Vinayagar, Valli Devasena along with Sri Arumukhar, Sri Dakshinamurthy, Surya.It is remarkable that all the figurines are beautifully arranged with artistic grace. Sri Muktiswarar Temple As the old temple is dilapidated, Swami gives darshan in a small shed facing east.Square pedestal.Pooja is held every day at the tall pot.. For more details Mr. Vijay-9840410168, Mr. Karthik-9443643880, Mr. Prabhakaran-9500785100. Sri Sundara Varadaraja Perumal Temple This ancient temple is well-maintained and offers two pujas.Moolavar Sri Sundara Varadaraja is depicted in a golam standing with Sridevi Bhudevi with Prayoga Chakra in his right hand.There are separate shrines for Sundaravalli Thayar and Shri Andal in the prakaram. Other shrines are Shri Dhanvandri Murthy, Shri Chakrathazhwar, Shri Narasimha, Shri Anjaneyar, Shri Garudazhwar and Vaikunda Ekadasi, Karthikai Deepam, Panguni Uthiram, Thayar Thirukalyanam are being celebrated in this temple.Contact Mr. Satyanarayana Bhattacharya - 98840 33182."
319,196,Pazhayanur Temples,Sri Mahakaleshwarar Temple,"Mahakaleshwarar, Vinayagar, Valli Devasena, Arumukhar, Dakshinamurthy, Surya",Pazhayanur village,"Pukkathara, Chengalpattu",Chengalpattu,,Intact,Functional,Well-connected on Chennai-Trichy National Highway,"There are three ancient temples in the village of Pahayanur, which is very close to Pukkathara Good Road next to Chengalpattu on the Chennai-Trichy National Highway. Sri Mahakaleshwarar Temple Swami Sannadi is a stone temple situated towards East and Ambal Sannadi towards South.There are shrines of Sri Vinayagar, Valli Devasena along with Sri Arumukhar, Sri Dakshinamurthy, Surya.It is remarkable that all the figurines are beautifully arranged with artistic grace. Sri Muktiswarar Temple As the old temple is dilapidated, Swami gives darshan in a small shed facing east.Square pedestal.Pooja is held every day at the tall pot.. For more details Mr. Vijay-9840410168, Mr. Karthik-9443643880, Mr. Prabhakaran-9500785100. Sri Sundara Varadaraja Perumal Temple This ancient temple is well-maintained and offers two pujas.Moolavar Sri Sundara Varadaraja is depicted in a golam standing with Sridevi Bhudevi with Prayoga Chakra in his right hand.There are separate shrines for Sundaravalli Thayar and Shri Andal in the prakaram. Other shrines are Shri Dhanvandri Murthy, Shri Chakrathazhwar, Shri Narasimha, Shri Anjaneyar, Shri Garudazhwar and Vaikunda Ekadasi, Karthikai Deepam, Panguni Uthiram, Thayar Thirukalyanam are being celebrated in this temple.Contact Mr. Satyanarayana Bhattacharya - 98840 33182."
320,196,Pazhayanur Temples,Sri Muktiswarar Temple,Muktiswarar,Pazhayanur village,"Pukkathara, Chengalpattu",Chengalpattu,,Dilapidated,Functional,Well-connected on Chennai-Trichy National Highway,"There are three ancient temples in the village of Pahayanur, which is very close to Pukkathara Good Road next to Chengalpattu on the Chennai-Trichy National Highway. Sri Mahakaleshwarar Temple Swami Sannadi is a stone temple situated towards East and Ambal Sannadi towards South.There are shrines of Sri Vinayagar, Valli Devasena along with Sri Arumukhar, Sri Dakshinamurthy, Surya.It is remarkable that all the figurines are beautifully arranged with artistic grace. Sri Muktiswarar Temple As the old temple is dilapidated, Swami gives darshan in a small shed facing east.Square pedestal.Pooja is held every day at the tall pot.. For more details Mr. Vijay-9840410168, Mr. Karthik-9443643880, Mr. Prabhakaran-9500785100. Sri Sundara Varadaraja Perumal Temple This ancient temple is well-maintained and offers two pujas.Moolavar Sri Sundara Varadaraja is depicted in a golam standing with Sridevi Bhudevi with Prayoga Chakra in his right hand.There are separate shrines for Sundaravalli Thayar and Shri Andal in the prakaram. Other shrines are Shri Dhanvandri Murthy, Shri Chakrathazhwar, Shri Narasimha, Shri Anjaneyar, Shri Garudazhwar and Vaikunda Ekadasi, Karthikai Deepam, Panguni Uthiram, Thayar Thirukalyanam are being celebrated in this temple.Contact Mr. Satyanarayana Bhattacharya - 98840 33182."
321,196,Pazhayanur Temples,Sri Sundara Varadaraja Perumal Temple,"Sundara Varadaraja Perumal, Sridevi, Bhudevi, Sundaravalli Thayar, Andal, Dhanvandri Murthy, Chakrathazhwar, Narasimha, Anjaneyar, Garudazhwar",Pazhayanur village,"Pukkathara, Chengalpattu",Chengalpattu,,Intact,Functional,Well-connected on Chennai-Trichy National Highway,"There are three ancient temples in the village of Pahayanur, which is very close to Pukkathara Good Road next to Chengalpattu on the Chennai-Trichy National Highway. Sri Mahakaleshwarar Temple Swami Sannadi is a stone temple situated towards East and Ambal Sannadi towards South.There are shrines of Sri Vinayagar, Valli Devasena along with Sri Arumukhar, Sri Dakshinamurthy, Surya.It is remarkable that all the figurines are beautifully arranged with artistic grace. Sri Muktiswarar Temple As the old temple is dilapidated, Swami gives darshan in a small shed facing east.Square pedestal.Pooja is held every day at the tall pot.. For more details Mr. Vijay-9840410168, Mr. Karthik-9443643880, Mr. Prabhakaran-9500785100. Sri Sundara Varadaraja Perumal Temple This ancient temple is well-maintained and offers two pujas.Moolavar Sri Sundara Varadaraja is depicted in a golam standing with Sridevi Bhudevi with Prayoga Chakra in his right hand.There are separate shrines for Sundaravalli Thayar and Shri Andal in the prakaram. Other shrines are Shri Dhanvandri Murthy, Shri Chakrathazhwar, Shri Narasimha, Shri Anjaneyar, Shri Garudazhwar and Vaikunda Ekadasi, Karthikai Deepam, Panguni Uthiram, Thayar Thirukalyanam are being celebrated in this temple.Contact Mr. Satyanarayana Bhattacharya - 98840 33182."
322,197,Athiyur Temples,Sri Lakshminarayana Perumal Temple,"Sridevi, Bhudevi, Mahalakshmi's mother, Andal, Sri Ramanujar, Sri Nammalwar, Sri Manavala Mamunis",Chengalpattu 9 km,Chengalpattu,,,Intact,Functional,Well-connected by bus from Chengalpattu,"Sri Lakshminarayana Perumal Temple Source “Sri Lakshminarayana Perumal Utsavar: Sridevi, Bhudevi, Mahalakshmi's mother, Andal. Other Shrines : Owned by Sri Ramanujar, Sri Nammalwar, Sri Manavala Mamunis The dilapidated temple was repaired and samprokshan was done in 2009.A period of puja takes place. Festivals: Vaikunda Ekadasi, Kudaravalli, Navratri, Alwars Thirunakshatra. Contact: Mr. Vijayaragavan-9444120008, 9080330958, Mr. Yehumalai-95247 92361. Location: Chengalpattu 9 km.There are buses from here. Sri Kumbeswarar Temple Source: Sri Kumbeswarar Ambal: Sri Mangalambhikai Location: Chengalpattu 9 km. When a person born in a Vaishnava family was mourning childless, the Lord blessed him with a child by building a temple in a dream to bless him with a child.Mrs. Jayalakshmi Ammal, who came from his dynasty, is now living in Chennai. Contact : Mr. Gurumurthy Gurus- 9750945315, Mr. Eyumalai-9524792361"
323,197,Athiyur Temples,Sri Kumbeswarar Temple,"Sri Kumbeswarar, Sri Mangalambhikai",Chengalpattu 9 km,Chengalpattu,,,,,Well-connected by bus from Chengalpattu,"Sri Lakshminarayana Perumal Temple Source “Sri Lakshminarayana Perumal Utsavar: Sridevi, Bhudevi, Mahalakshmi's mother, Andal. Other Shrines : Owned by Sri Ramanujar, Sri Nammalwar, Sri Manavala Mamunis The dilapidated temple was repaired and samprokshan was done in 2009.A period of puja takes place. Festivals: Vaikunda Ekadasi, Kudaravalli, Navratri, Alwars Thirunakshatra. Contact: Mr. Vijayaragavan-9444120008, 9080330958, Mr. Yehumalai-95247 92361. Location: Chengalpattu 9 km.There are buses from here. Sri Kumbeswarar Temple Source: Sri Kumbeswarar Ambal: Sri Mangalambhikai Location: Chengalpattu 9 km. When a person born in a Vaishnava family was mourning childless, the Lord blessed him with a child by building a temple in a dream to bless him with a child.Mrs. Jayalakshmi Ammal, who came from his dynasty, is now living in Chennai. Contact : Mr. Gurumurthy Gurus- 9750945315, Mr. Eyumalai-9524792361"
324,198,Sithandi Sivalayam,Sithandi Sivalayam,"Sri Thirukatseeswarar, Sri Muthuvazhi Iswari, Raja Vinayaka","Chengalpattu-Pinayur, Arumbuliyur, Orakatupettai, Bhalpur",Chengalpattu,Chengalpattu,,Dilapidated,Non-Functional,Well-connected,"Name of the Lord: Sri Thirukatseeswarar God: Sri Muthuvazhi Iswari The Vinayaka in this temple is Raja Vinayaka who settled the case.By worshiping him all kinds of cases will be successful.Murthy Theerthalam is a special place.There are two solutions.To this temple.One is Sivaganga and the other is Vinayaka Theertha. The entire old temple has been destroyed and restoration work is going on. Contact: Mr. Gobu Mudaliar-9965594250, Mr. Rajendran-9943705093, Mr. Govindaraj-9786836798. Bus facility : Chengalpattu-Pinayur, Arumbuliyur, Orakatupettai, Bhalpur.Stop- Hall."
325,199,Pilappur Temples,Sri Vasisteshwarar Temple,"Sri Vasisteshwarar (Lord Shiva), Annai Sri Lokanayaki (Goddess), Sri Vinayagar, Subramaniyar, Sri Bhairava, Srisandikeswarar, Navagragam","Pilappur, about 10 km from Chengalpattu",Chengalpattu,Chengalpattu district,Chola dynasty,Intact,Functional,"Well-connected, reachable by Chengalpattu-T 20 bus","Sri Vasisteshwarar Temple This very ancient temple is about 10 km from Chengalpattu.Located far away.The temple was repaired and Kumbabhishekam was performed in 2011.Sri Vashishtha Maharishi performed the worship and therefore the Lord appears with this name.The Lord is visible towards the east on a square pedestal.Annai Sri Lokanayaki shrine is situated towards south direction.Parivar deva murthys are seen in Shiva Koshta.There are shrines of Sri Vinayagar, Subramaniyar with his deities, Sri Bhairava, Srisandikeswarar and Navagragam in the prakaram. The inscriptions in this temple indicate that the town was called Parangusa Cholapuram in ancient times and Pulikesi II gifted this town to his commander.This temple has also been created in the Shivalaya system in a town called Thittai near Thanjavur. If one worships the Lord and Mother of this Talat together, prays fervently, lights a lamp and worships, the obstacles to marriage will be removed and the marriage will take place. The temple has four Theerthas.Thala Vrudsham Vilvam, Charaktanai, and Nagalingam. Contact Mr. Prabhakaran-9444896503, Mrs. Thangammal-9965204636,  Thiruparasuraman- 8973463385. You can reach here by Chengalpattu-T 20 bus. Sri Keerthinarayanaperumal Temple Source: Sridevi Bhoodevi Sametha Sri Keerthinarayanaperumal. Mother: Sri Malarmankai Mother-Separate Shrine. Other shrines: Sri Andal, Kothandaram, Anjaneyar, Garuda. Sculptures of Kurma Avatar, Narasimha, Andal, Wodeava, Kalinga Narthanam, Anjaneya are seen on the pillars to attract the eyes of the onlookers. Festivals: Vaikunda Ekadasi, Rama Navami Pavithothsavam, Dhanur Matha Kudaravalli , Navratri etc. are celebrated. Contact: Mr. Murthy- 9942514935."
326,199,Pilappur Temples,Sri Keerthinarayanaperumal Temple,"Sri Keerthinarayanaperumal (Vishnu), Sri Malarmankai (Lakshmi), Sri Andal, Kothandaram, Anjaneyar, Garuda",Pilappur,Chengalpattu,Chengalpattu district,Chola dynasty,Intact,Functional,"Well-connected, reachable by Chengalpattu-T 20 bus","Sri Vasisteshwarar Temple This very ancient temple is about 10 km from Chengalpattu.Located far away.The temple was repaired and Kumbabhishekam was performed in 2011.Sri Vashishtha Maharishi performed the worship and therefore the Lord appears with this name.The Lord is visible towards the east on a square pedestal.Annai Sri Lokanayaki shrine is situated towards south direction.Parivar deva murthys are seen in Shiva Koshta.There are shrines of Sri Vinayagar, Subramaniyar with his deities, Sri Bhairava, Srisandikeswarar and Navagragam in the prakaram. The inscriptions in this temple indicate that the town was called Parangusa Cholapuram in ancient times and Pulikesi II gifted this town to his commander.This temple has also been created in the Shivalaya system in a town called Thittai near Thanjavur. If one worships the Lord and Mother of this Talat together, prays fervently, lights a lamp and worships, the obstacles to marriage will be removed and the marriage will take place. The temple has four Theerthas.Thala Vrudsham Vilvam, Charaktanai, and Nagalingam. Contact Mr. Prabhakaran-9444896503, Mrs. Thangammal-9965204636,  Thiruparasuraman- 8973463385. You can reach here by Chengalpattu-T 20 bus. Sri Keerthinarayanaperumal Temple Source: Sridevi Bhoodevi Sametha Sri Keerthinarayanaperumal. Mother: Sri Malarmankai Mother-Separate Shrine. Other shrines: Sri Andal, Kothandaram, Anjaneyar, Garuda. Sculptures of Kurma Avatar, Narasimha, Andal, Wodeava, Kalinga Narthanam, Anjaneya are seen on the pillars to attract the eyes of the onlookers. Festivals: Vaikunda Ekadasi, Rama Navami Pavithothsavam, Dhanur Matha Kudaravalli , Navratri etc. are celebrated. Contact: Mr. Murthy- 9942514935."
327,200,Palliagaram Sivalayam,Palliagaram Sivalayam,"Sri Parvathapuriswarar, Sri Parvathavartini, Goshta Murthys, Sri Vinayagar, Sri Arumukhar, Sri Bhairava, Sri Chandikeswarar, Sri Surya, Sri Chandran, Navagraha",Paliyakaram village,Uttaramerur (13 KM),,,,Functional,"Accessible by bus from Chengalpattu-Uttamerur route, get off at Nellie Good Road","Paliyakaram village Uttaramerur -13 KM. Swami Thirunamam- Sri Parvathapuriswarar, Ambal- Sri Parvathavartini Shrines- Goshta Murthys, Sri Vinayagar, Sri Arumukhar, Sri Bhairava, Sri Chandikeswarar, Sri Surya, Sri Chandran, Navagraha.Sri Chandikeswarar seated on Padmasana is a rarity that cannot be seen anywhere else.The temple has a shrine.Thala vrutsham vilvam.A period of puja takes place.Contact Mr. Dayalu Chettiar- 9940091578, Mr. Vittha Naidu-8220582879, Mr. Pichandi-9841576442. You can come here by taking the Chengalpattu-Uttamerur bus and getting off at Nellie Good Road."
328,201,Karunakaracheri Temple,Karunakaracheri Temple,"Nandi, Audayar","Karunakaracheri, near Salavakkam Gutsalai","Chengalpattu, Uttaramerur",,,Dilapidated,Non-Functional,Bus to Salavakkam Gutsalai then 0.5 km walk,"The temple is completely in ruins and presents a view among the bushes.No drink.There is only a square shaped Audayar.Stones are scattered around the temple.Embossed sculptures are found on the pillars.There is only Nandi.Behind the temple is Thirukulam.Contact Mr Thanikasalam-9585023060, Mr Vijayakumar- 9965908713, Mr Srinivasan-9941196125.Take the Chengalpattu-Uttaramerur bus and get down at Salavakkam Gutsalai, half a km.You can walk here."
329,202,Kumaravadi Sivalayam,Kumaravadi Sivalayam,"Sri Alagheswarar, Shri Abhayambikai, Sri Vinayagar, Lord Nandiyambaruman, Bhairava, Navagraham, Sri Jeshta Devi","Kumaravadi village, 15 km from Chengalpattu",Chengalpattu,Chengalpattu,,Intact,Functional,Well-connected by bus (Kumaravadi bus stop on Chengalpattu-Uttaramerur route),"Kumaravadi village is 15 km from Chengalpat.You can reach this temple by alighting at Kumaravadi bus stop on Chengalpattu-Uttaramerur buses. Swami Thirunamam : Sri Alagheswarar Ambal: Shri Abhayambikai Ambal Sannadi is opposite to Swami Sannadi. The 1500 year old stone temple has been repaired by the people of the town and now pujas are being held.A beautiful Thirumeni presents the scene according to Swami's Tirunama.Other shrines are Sri Vinayagar, Lord Nandiyambaruman, Goshta Murthys of Bhairava, Navagragam, and a broken form of Sri Jeshta Devi.The temple is nearby.A Linga Thirumeni and a Nandi idol are found under the tree.Thala vrutsham vilvam. A place to remove the marriage ban and bestow blessings.If you come here and light a ghee lamp and go around Ammai and Appana 11 times and pray, you will get good results. Contact Mr. Loganathan-9894665035, Mr. Perumal-9791568190, Mr. Mohan-994451129, Mr. Krishnakumar-9994527269. ."
330,204,Kunnankulathur Sivalayam,Kunnankulathur Sivalayam,"Shri Kumbeswarar, Sri Mangalambhikai","Gunnangulathur - Chennai Trichy National Highway, from Battalam Koodrot 6 KM",Battalam,,,Intact,Functional,"Well-connected, on national highway with bus routes (Thambaram-Vedanthangal 129th, Brick-Vedanthangal D)","Swami                             ;Shri Kumbeswarar Ambal : Sri Mangalambhikai Location : Gunnangulathur - Chennai Trichy National On the highway, from Battalam Koodrot 6 KM-Bus Thambaram-Vedanthangal (129th) , Brick-Vedanthangal (D ) Shrines: Sivakoshtam, Dwara Ganapati, Dwara Murugan, Bhairava, Sandikeswar, and Navagraham. The previous temple had collapsed and Swami was outside.A swami who came from Andhra state gathered the people of the village and built this temple.According to the Swami, soil was brought from Kumbakonam, Thiruvannamalai and Kanchipuram and the temple was built.Contact Mr. Meghnathan-9750809905, Mr. Yehumalai-9941038717, Mr. Ekambaram-9942965767."
331,205,Thirumalai Vaiyavur Sri Prasanna Venkatesa Perumal,Thirumalai Vaiyavur Sri Prasanna Venkatesa Perumal,"Sri Prasanna Venkatesa Perumal (Moolavar) with Sri Devi Bhudevi Samethar, Sri Alarmel Mangai (separate shrine), Sri Varaha Perumal (separate shrine), Sri Srinivasa Perumal","Thirumalai Vaiyavur village, on a small hill",Chengalpattu (18 km),Chengalpattu,,Intact,Functional,"Well-connected via Chennai Trichy National Highway, 4 km from Battalam Kootrod junction","Called South Tirupati, this Tiruthalam is located on a small hill in the village of Thirumalai Vaiyavur.Moolavar Sriprasanna Venkatesa Perumal graces Sri Devi Bhudevi Samethar.Mother Sri Alarmel Mangai has a temple in a separate shrine.The Sri Varah Perumal shrine stands alone.There is a rule that one should have darshan of Moolava only after darshan of him first.Only after performing the first pooja to Sri Varaha Perumal, the shrine of Moolavar will be opened and the pooja will be performed. Once Shri Mahavishnu asked Shri Adiseshan to take the form of a mountain to say that he would stay there and bless all living beings in Kaliyuga, similarly Shri Adiseshan also incarnated in Garudagiri.Bhagavan also incarnated in Seshagiri in the month of Puratasi with the name Sri Srinivasa Perumal.Sri Adhishan prayed that he should be an umbrella for Perumal and the Lord also blessed him with the blessing of Dakshina Karudagiri in Tirumala Vaiyavur. In the battle of Rama Ravana, Sri Lakshmana was unconscious while Sri Hanuman was carrying the Sanjeevi hill and worshiped Sri Varagar and Sri Venkatesa Perumal in this temple.He worships Sanjeevi by shifting the mountain in his right hand to his left hand because he should not put down the mountain.Due to this reason the name of Tirumala Vaiyavur came to this town. This place is 18 km from Chengalpattu.Chennai Trichy National Highway, next to Chengalpattu, 4 km on the right side road at Battalam Kootrod.is far away."
332,206,Periya Vaiyavur Temples,Sri Dharmaswarar Temple,"Sri Dharmaswarar, Sri Tripurasundari, Goshta Murthys, Sri Vinayagar, Valli Devasena Sametha Sri Murugan, Sri Sandikeswarar, Sri Bhairava, Navakrigam",Periya Vaiyavur village,Chengalpattu,Chengalpattu,,,Functional,Well-connected (Chengalpattu-Vedantangal Bus 129),"Swami       : Sri Dharmaswarar Ambal : Sri Tripurasundari Other Shrines : Goshta Murthys, Sri Vinayagar, Valli Devasena Sametha Sri Murugan, Sri Sandikeswarar, Sri Bhairava and Navakrigam. Festivals: Pradosha, Annabhishekam, Shivratri, Karthikai Deepam, Somavaram. Temple Gurus Shri Shekhar-8939630359.There are two periods of puja.The temple is near Thirukkulam. Village: Periya Vaiyavur - Chengalpattu-Vedantangal Bus 129, and Kumaran. Sri Amritakadeswarar Temple In another temple located in the same village, Swami faces west.The temple is in need of repair and the Ambal idol is said to have been stolen.Perhaps the puja is being done by Mr. Shekhar Gurus.All the Shivalaya Utsavams are going on.There is also Thirukulam.Patalam Goodroad 2 KM."
333,206,Periya Vaiyavur Temples,Sri Amritakadeswarar Temple,"Sri Amritakadeswarar, Ambal (idol stolen)",Periya Vaiyavur village,Chengalpattu,Chengalpattu,,Dilapidated,Functional,Well-connected (Patalam Goodroad 2 KM),"Swami       : Sri Dharmaswarar Ambal : Sri Tripurasundari Other Shrines : Goshta Murthys, Sri Vinayagar, Valli Devasena Sametha Sri Murugan, Sri Sandikeswarar, Sri Bhairava and Navakrigam. Festivals: Pradosha, Annabhishekam, Shivratri, Karthikai Deepam, Somavaram. Temple Gurus Shri Shekhar-8939630359.There are two periods of puja.The temple is near Thirukkulam. Village: Periya Vaiyavur - Chengalpattu-Vedantangal Bus 129, and Kumaran. Sri Amritakadeswarar Temple In another temple located in the same village, Swami faces west.The temple is in need of repair and the Ambal idol is said to have been stolen.Perhaps the puja is being done by Mr. Shekhar Gurus.All the Shivalaya Utsavams are going on.There is also Thirukulam.Patalam Goodroad 2 KM."
334,207,Andavakkam Temple,Andavakkam Temple,"Sri Andapandiswarar, Sri Kamakshi","Andavakkam village, near Thirukkulam",Vedavakkam Kootrod,Chengalpattu,,Dilapidated,Non-Functional,"Well-connected via Chengalpattu-Vedantangal bus, alight at Vedavakkam Kootrod","Swami: Sri Andapandiswarar Ambal : Sri Kamakshi Village : Andavakkam The previous temple has been demolished and now the villagers are constructing a new temple.Goshta shrines to Vinayaka, Murugan Chandikeshwar, and Navagraha shrines are all nearing completion.The temple is found near Thirukkulam.Contact Mr. Saravanan-98944555213, Anandi- 9751087636. You can come here by Chengalpattu- Vedantangal bus and get down at Vedavakkam Kootrod."
335,208,Nelvai Sri Vaidyanathar Temple,Nelvai Sri Vaidyanathar Temple,"Sri Vaidyalinga Swamy, Ambal Sri Yogamphika, Sri Murugan, Sri Chandikeswarar",Nelwai Village on Chengalpattu Uttaramerur Road,Chengalpattu,Chengalpattu,,Dilapidated,Functional,Well-connected by Chengalpattu-Uttaramerur buses halting at Nelwai village,"Sri Vaidyalinga Swamy Temple is located in Nelwai Village on Chengalpattu Uttaramerur Road.The temple, which was a stone temple, has completely collapsed and now Eason and Ambal are seen in a small shed.West facing shrine.Ambal Sri Yogamphika has been newly installed.Daily puja takes place.There are two Thirkulams.There are idols of Sri Murugan and Sri Chandikeswarar.Contact Thiru Shankar-7845708661 All Chengalpattu-Uttaramerur buses halt at Nelwai village."
336,209,Mangalam Temples,Sri Manjiamman Temple,"Manjiamman, Ganapati, Murugan, Ayyappan, Navagraha","On Chengalpattu-Uttaramerur road, Mangalam village","Chengalpattu, Uttaramerur",Chengalpattu,,Intact,Functional,Well-connected (buses stop at Mangalam village),"Sri Manjiamman Temple This ancient Manjiamman temple is located on Chengalpattu Uttaramerur road.The villagers started trying hard to build this very dilapidated temple but stopped halfway due to many obstacles.When Sri Vijayendra Swami, the elder of Kanchi Shankara Math came this way, visited this temple and offered Arulasi to the villagers 3 years ago.The suspended temple work was resumed and within 2 months the temple was consecrated. There are shrines of Sri Ganapati, Sri Murugan, Sri Ayyappan, and Navagraha.Puja is held twice a day.Contact Mr. Yehumalai-99657 50443, Mr. Krishnakumar-9884748165, Mr. Suresh-9786908317.Chengalpattu-Uttaramerur buses stop at Mangalam village. Sri Agastheeswarar Temple A small building houses a temple of Sri Agastheeswarar.Nearby is the Ambal trinity.Opposite is Nandi Devar.Maybe a pooja.There are no other shrines.Contact Mr. Yehumalai-9965750443. ."
337,209,Mangalam Temples,Sri Agastheeswarar Temple,"Agastheeswarar, Ambal trinity, Nandi Devar","Near Sri Manjiamman Temple, Mangalam village","Chengalpattu, Uttaramerur",Chengalpattu,,Intact,Functional,Well-connected (buses stop at Mangalam village),"Sri Manjiamman Temple This ancient Manjiamman temple is located on Chengalpattu Uttaramerur road.The villagers started trying hard to build this very dilapidated temple but stopped halfway due to many obstacles.When Sri Vijayendra Swami, the elder of Kanchi Shankara Math came this way, visited this temple and offered Arulasi to the villagers 3 years ago.The suspended temple work was resumed and within 2 months the temple was consecrated. There are shrines of Sri Ganapati, Sri Murugan, Sri Ayyappan, and Navagraha.Puja is held twice a day.Contact Mr. Yehumalai-99657 50443, Mr. Krishnakumar-9884748165, Mr. Suresh-9786908317.Chengalpattu-Uttaramerur buses stop at Mangalam village. Sri Agastheeswarar Temple A small building houses a temple of Sri Agastheeswarar.Nearby is the Ambal trinity.Opposite is Nandi Devar.Maybe a pooja.There are no other shrines.Contact Mr. Yehumalai-9965750443. ."
338,210,Nelli Sivan Temple,Nelli Sivan Temple,"Eason, Nandi Devar",Nellie village,Chalavakkam,Chengalpattu,,,Functional,"Well-connected via Chalavakkam Good Road on Chengalpattu-Uttaramerur road, share auto available","On the outside of the cut, a square plinth shows Eason towards the east, with Nandi Devar in front.The village is located in Nellie.Puja day takes place.The people of this village say that if you worship this god, your business and business will flourish.Nellie village is near Chalavakkam Good Road on Chengalpattu-Uttaramerur road.From here you can go by share auto.Contact Mr. Saravanan-9843455334, Palani- 9003391870, Mr. Krishnan-9585231835.Thirukkulam is also nearby."
339,211,Keezhavalam Sivalayam,Keezhavalam Sivalayam (Sri Tripurasundari Sametha Sri Thiruvaleeswarar Temple),"Sri Tripurasundari, Sri Thiruvaleeswarar, Ganapati, Valli Devasena Subramanya, Navagraha, Sri Satasiva Brahmandra, Sri Jeshta Devi",Keezhavalam,Madhurandakam (8 km),,,Intact,Functional,Well-connected by Madhuranthakam-Thirukalukkunram bus and private Palani Murugan bus,"Sri Tripurasundari Sametha Sri Thiruvaleeswarar Temple is newly constructed with Dwara Sannati.Most of the Swamy idols in this temple are old.Koshta shrines Prakaram has Ganapati, Valli Devasena Subramanya and Navagraha shrines.The temple houses the idol of the sage Sri Satasiva Brahmandra.There is also an idol of Sri Jeshta Devi.Contact Thirudurairaj 9443204773, 7200531773, Mr Anbu-9600188790.Madhurandakam is 8 km from here.Madhuranthakam-Thirukalukkunram bus (T,T) and private Palani Murugan bus pass through this place."
340,212,Arayapakkam Sivalayam,Arayapakkam Sivalayam,"Moolavar Sri Arunatheeswarar, Ambal Shree Arunambigai, Sri Ganapati, Sri Murugan, Pancha Goshta Murthys, Sri Sandikeswarar, Sri Swarna Agarshana Bhairava, Srijeshta Devi, Navagragam",Ariyapakkam village,Madhuranthagam,Chengalpattu,Pallava,Intact,Functional,Accessible by bus via Madhuranthagam-Thirukakkunkunram route,"Built around 1400 years ago during the Pallavar period, the temple has completely collapsed and has been newly constructed in the village of Ariyapakkam.Moolavar Sri Arunatheeswarar is given the name East.Ambal Shree Arunambigai Sannathi is facing south.The Mahamandapam has shrines of Sri Ganapati and Sri Murugan on either side.Other shrines are Pancha Goshta Murthys, Sri Sandikeswarar, Sri Swarna Agarshana Bhairava, Srijeshta  Devi and Navagragam.Puja takes place for a while.Thala vrutsham vilvam.Contact Mr. Madankumar-7708288856, Mr. Yehumalai-7708222293, Mr. Aseerwad Bhattacharya-9962258868.This village can be reached by Madhuranthagam-Thirukakkunkunram bus."
341,213,Kattupillayar Koil Sivalayam,Kattupillayar Koil Sivalayam,"Sri Dhyana Ateeswarar, Ambal Shree Aramvalartha Nayaki, Ganesha, Murugan, Bhairava, Nandi, Simha Vahanam, Navagragam","Chennai Trichy Highway, next to Chengalpattu, at Mela Walampettai, on Vedantangal Road, 1 km to the right on the forest road",Chengalpattu,Chengalpattu,,Dilapidated,Functional,Moderately accessible,"This temple, now known as Kattupillaiyar Temple, is located on Chennai Trichy Highway, next to Chengalpattu, at Mela Walampettai, on Vedantangal Road, 1 km to the right on the forest road.Located at a distance.The Lord is here Sri Dhyana is known as Ateeswarar.Ambal Shree Aramvalartha Nayaki has been found and installed in nearby Kulam Dur Wara.Swami, Ambal Ganesha idols are ancient.There are shrines of Murugan, Bhairava, Nandi, Simha Vahanam and Navagragam.Sri Dhyana Atheeswarar is seen in a thatched shed at the Padma Peedam.Considered a very powerful place.It is believed that many Siddhas come and worship.Even today it is said that Siddhas are seen coming and going.Two siddhas in the form of crows are displayed in the Murugan shrine. Daily pujas are held here.Many people come here on Pradosham and Poornami to have darshan of Swami. Contact Mr. Deenadayalan-9994007489, Mr. Dandapani-9894611668.You have to get off at Melawalampettai by Chengalpattu Madhuranthakam bus and walk here."
342,214,Janakipuram Sivalayam,Janakipuram Sivalayam,"Shri Boothalingeswarar, Sri Vinayagar, Sri Arumukhar, Sri Maha Vishnu, Sri Dakshinamurthy, Sri Brahma, Sri Durga, Jeshta Devi, Sri Sita Devi (worshipped here)","Janakipuram village, just before Madhuranthagam on the Chennai-Trichy highway",Madhuranthagam,Chengalpattu,,Dilapidated,Non-Functional,Well-connected by city buses from Madurandakam and Chengalpattu,"An ancient stone temple is found among the bushes in Janakipuram village, just before Madhuranthagam on the Chennai-Trichy highway.The idols of Swami in the ruined stone temple are kept in a small temple built nearby.Swami's Thirunamam Shri Boothalingeswarar. Ambal idol not found.Shiva lingam made of Narmada.There are statues of Sri Vinayagar, Sri Arumukhar, Sri Maha Vishnu, Sri Dakshinamurthy, Sri Brahma, Sri Durga and Jeshta Devi.The temple is also nearby.Sri Sita Devi is said to have been worshipped. Madurandakam, and Chengalpattu can be reached here by city buses plying from here.For communication Mr. Gnanamurthy-9444349767, Mr. Rajkumar-9585388349."
343,215,Athimanam Temple,Athimanam Temple (Sri Atheeswarar),"Sri Atheeswarar (Shiva), Sri Vinayaka, Sri Murugan, Shree Bhairava, five deva murthys in Shiva Goshta",Athimanam village,Madhuranthakam,Chengalpattu,,Dilapidated,Functional,Well-connected by city buses from Madhuranthakam and Chengalpattu,"Eesan has a temple facing the east direction in the name of Sri Atheeswarar on a square plinth.. There are five deva murthys sanctuaries in the Shiva Goshta along with Sri Vinayaka and Sri Murugan trivathivams in the Dwara sanctum.Shree Bhairava shrine is situated towards north direction.The moolavar here was found in the bush and shown to the temple.Sometimes a pooja takes place.The village where this temple is located is Athimanam.Madhuranthakam is just before Chennai Trichy Highway.City buses from Maduranthakam and Chengalpattu stop here. Contact Mr. Muthu Modaliyar-9500280963, Mr. Kalaichelvan 9894460994, Mr. Selvaraj-9597629264.The temple tirtha is found in front of the temple."
344,216,Kunnathur Temples,Sri Lakshminarayana Temple,Lakshminarayana,Kunnathur,Patalam Koodrot,,,,,18 km from Patalam Koodrot,"A Vinayagar, a Shiva Lingam and a Nandi Mushigam are found on the small rocky hill.There is no temple.No other details are known.Another nearby hill is the Sri Lakshminarayana Temple.There is also a shrine of Sri Anjaneya.Pujas are held here. Shastralayam Ashram A temple was built by the efforts of Asrama Swamiji Sri Brahmayokananda on the nearby Periya Hill where Sri Mahaganapati, Sri Mahanarayana, Sri Mahalakshmi, Sri Rama, Sri Lakshmana, Sri Sita Devi and Sri Anjaneya are consecrated and worshiped. For further contact Mr. Senthil-9943164949, Mr. Vasudevan-8939848170. The temple is 18 km from Patalam Koodrot."
345,216,Kunnathur Temples,Sri Anjaneya Shrine,Anjaneya,Kunnathur,Patalam Koodrot,,,,Functional,18 km from Patalam Koodrot,"A Vinayagar, a Shiva Lingam and a Nandi Mushigam are found on the small rocky hill.There is no temple.No other details are known.Another nearby hill is the Sri Lakshminarayana Temple.There is also a shrine of Sri Anjaneya.Pujas are held here. Shastralayam Ashram A temple was built by the efforts of Asrama Swamiji Sri Brahmayokananda on the nearby Periya Hill where Sri Mahaganapati, Sri Mahanarayana, Sri Mahalakshmi, Sri Rama, Sri Lakshmana, Sri Sita Devi and Sri Anjaneya are consecrated and worshiped. For further contact Mr. Senthil-9943164949, Mr. Vasudevan-8939848170. The temple is 18 km from Patalam Koodrot."
346,216,Kunnathur Temples,Shastralayam Ashram Temple,"Mahaganapati, Mahanarayana, Mahalakshmi, Rama, Lakshmana, Sita Devi, Anjaneya","Periya Hill, Kunnathur",Patalam Koodrot,,,Intact,Functional,"18 km from Patalam Koodrot, contact: Mr. Senthil-9943164949, Mr. Vasudevan-8939848170","A Vinayagar, a Shiva Lingam and a Nandi Mushigam are found on the small rocky hill.There is no temple.No other details are known.Another nearby hill is the Sri Lakshminarayana Temple.There is also a shrine of Sri Anjaneya.Pujas are held here. Shastralayam Ashram A temple was built by the efforts of Asrama Swamiji Sri Brahmayokananda on the nearby Periya Hill where Sri Mahaganapati, Sri Mahanarayana, Sri Mahalakshmi, Sri Rama, Sri Lakshmana, Sri Sita Devi and Sri Anjaneya are consecrated and worshiped. For further contact Mr. Senthil-9943164949, Mr. Vasudevan-8939848170. The temple is 18 km from Patalam Koodrot."
347,216,Kunnathur Temples,Rocky Hill Deities,"Vinayagar, Shiva Lingam, Nandi","Small rocky hill, Kunnathur",Patalam Koodrot,,,Vettaiveli,Non-Functional,18 km from Patalam Koodrot,"A Vinayagar, a Shiva Lingam and a Nandi Mushigam are found on the small rocky hill.There is no temple.No other details are known.Another nearby hill is the Sri Lakshminarayana Temple.There is also a shrine of Sri Anjaneya.Pujas are held here. Shastralayam Ashram A temple was built by the efforts of Asrama Swamiji Sri Brahmayokananda on the nearby Periya Hill where Sri Mahaganapati, Sri Mahanarayana, Sri Mahalakshmi, Sri Rama, Sri Lakshmana, Sri Sita Devi and Sri Anjaneya are consecrated and worshiped. For further contact Mr. Senthil-9943164949, Mr. Vasudevan-8939848170. The temple is 18 km from Patalam Koodrot."
348,217,Veerannakunnam Temple,Veerannakunnam Temple,"Sri Somasundareswarar, Meenakshi Devi, Valli Devasena Sametha Murugan, Chandikeswarar",Veerannakunnam village,Chengalpattu,Chengalpattu,,Intact,Functional,Well-connected by bus (Chengalpattu-Tachur route),"A big temple has recently been constructed by taking the Shiva lingam found between the thorn bushes in the village of Veerannakunnam.Swami's name is Sri Somasundareswarar.Ambal Shri Meenakshi Devi.There are five storied shrines, Valli Devasena Sametha Murugan and Chandikeswarar.Temple Theertha Soma Theertha.The main plant is cucumber.All festivals are held here in a grand manner.It is said that Eason blesses the devotees who come to pray for the boon of children.Contact Mr. Arunagiri-8870449538, Mr. Parthiban-9003073516.Bus facility Chengalpattu-Tachur bound buses,"
349,218,Bhudur Sivan Temple,Bhudur Sivan Temple,"Sri Ramanatha Swamy (Shiva) with Parvadavardini Ambal; also Ganapati, Murugan, Mahavishnu, Dakshinamurthy, Brahma, Durga","Bhudur village, south bank of the river",Chengalpattu-Tachur,Chengalpattu,,Intact,Functional,Well-connected by buses to Chengalpattu-Tachur,"Sri Parvadavardini Ambal Sametha Sri Ramanatha Swamy has a temple at Bhudur village on the south bank of the river.It is said that Sri Ramabhran established and performed puja.Sri Ganapati and Sri Murugan are depicted in the Dwara symbol.The moolava gives darshan facing east on a square pedestal.The Koshta features Mahavishnu, Dakshinamurthy, Brahma and Durga.Mr. Sundara Murthy (9003487431) performs pooja here once in a while.Thala vrutsham vilvam.All the Shivalaya Utsavams are held.You can reach here by buses going to Chengalpattu-Tachur.Contact Mr. Shanmugam-8056312231"
350,219,Lakshminarayanapuram Temple,Lakshminarayanapuram Temple,"Sri Lakshminarayan, Sri Lakshmi Hayagrivar, Sri Lakshmi Narasimha","Southern bank of the lake, Patalam",Koodrot,Chengalpattu,,Intact,Functional,"Well-connected, bus facility available from Chengalpattu","Located on the southern bank of the lake, this Perumal temple is blessed by Sri Lakshminarayan.In the sanctum sanctorum are Sri Lakshmi Hayagrivar and Sri Lakshmi Narasimha.Sri Lakshminarasimha is blessed with a third eye.The old temple has been renovated and now a period puja is being held.Temple priest Kannan Bhattacharya-9698510956.Patalam is 10 km from Koodrot.Bus facility is available from Chengalpattu."
351,220,Arasarkoyil Temples,Sri Varadaraja Perumal Temple,"Sri Varadarajaperumal (Moolavar), Sri Perundevi (Thayar)",Arsarkoil village (Mithilapuri),Chengalpattu,,,Dilapidated,Non-Functional,7 km from Varam Patalam Koodrot on eastbound road after Chengalpattu on Chennai Trichy Highway,"Sri Varadaraja Perumal Temple 7 km from Varam Patalam Koodrot on the eastbound road after Chengalpattu on the Chennai Trichy Highway.This temple is located in the distant Arsarkoil village.Moolavar Sri Varadarajaperumal.Sri Perundevi is the mother of Tanisanna.Mother has six fingers here.Pranava Kodi Vimana of Swami.Venus fly to mother.Yearly Vastu Vimana.Perumal's Kolam stood.Gajendra is considered to be the place where Moksha took place.Sri Agastya Maharishi worshiped at the place, history of teaching all four Vedas to Lord Sri Agastya Maharishi.Surya Chandra prabhas are seen on the mother's forehead.Venus is seated at the feet of the mother.It is believed that Kubera, who lost his riches, worshiped his mother from Amavasi to Poornami and got his riches.It is considered to be the place where Lord Janagar worshiped and gave birth to Goddess Sita.Janaka's mausoleum is located here. Currently, restoration work is going on here.Contact Kannan Bhattacharya 9698510956 Shiva temple Eight Shiva temples and eight Perumal temples are located in eight villages in a single straight line.One of them is the Shiva temple in Arsarkoil village.The lingam and Jeshta Devi idol are the only ones that are there now.Swami Swamybu Murthy.Mithilapuri is the village where Seethapirathi was born and is now known as Arsarkoil."
352,220,Arasarkoyil Temples,Shiva Temple (Arsarkoil),"Lingam, Jeshta Devi idol",Arsarkoil village,Chengalpattu,,,Dilapidated,Non-Functional,7 km from Varam Patalam Koodrot on eastbound road after Chengalpattu on Chennai Trichy Highway,"Sri Varadaraja Perumal Temple 7 km from Varam Patalam Koodrot on the eastbound road after Chengalpattu on the Chennai Trichy Highway.This temple is located in the distant Arsarkoil village.Moolavar Sri Varadarajaperumal.Sri Perundevi is the mother of Tanisanna.Mother has six fingers here.Pranava Kodi Vimana of Swami.Venus fly to mother.Yearly Vastu Vimana.Perumal's Kolam stood.Gajendra is considered to be the place where Moksha took place.Sri Agastya Maharishi worshiped at the place, history of teaching all four Vedas to Lord Sri Agastya Maharishi.Surya Chandra prabhas are seen on the mother's forehead.Venus is seated at the feet of the mother.It is believed that Kubera, who lost his riches, worshiped his mother from Amavasi to Poornami and got his riches.It is considered to be the place where Lord Janagar worshiped and gave birth to Goddess Sita.Janaka's mausoleum is located here. Currently, restoration work is going on here.Contact Kannan Bhattacharya 9698510956 Shiva temple Eight Shiva temples and eight Perumal temples are located in eight villages in a single straight line.One of them is the Shiva temple in Arsarkoil village.The lingam and Jeshta Devi idol are the only ones that are there now.Swami Swamybu Murthy.Mithilapuri is the village where Seethapirathi was born and is now known as Arsarkoil."
353,221,Padalam Sri Muktiswarar Temple,Padalam Sri Muktiswarar Temple,"Swami Sri Muktheeswarar, Ambal Shri Gnanambikai, Vinayagar, Valli Devasena Sametha Subramaniyar, Kasi Viswanathar, Ayyappan, Lakshmi Hayagreeva, Swarnaagarshana Bhairava, Sun, Navagraha","Patalam Village - On National Highway, Next to Chengalpattu is Badalam Kood, 3 km from the road","Chengalpattu, Madhurandakam",,,,Functional,Bus facility from Chengalpattu and Madhurandakam. Well-connected by bus.,"Swami Sri Muktheeswarar Ambal Shri Gnanambikai Location Patalam Village - On National Highway Next to Chengalpattu is Badalam Kood 3 km from the road.  Shrines Goshta Shrines, Vinayagar, Valli Devasena Sametha Subramaniyar, Kasi Viswanathar, Ayyappan, Lakshmi Hayagreeva, Swarnaagarshana Bhairava, Sun, and Navagraha. Bus facility from Chengalpattu and Madhurandakam There are buses . Contact Mr. Thiruvenkata Mudaliar-8754148288, Mr. Rajaraman-9445685515, Mr. Sampathkumar-94437 68938 A Shiva lingam is found under a tree in Patalam village.No details are known about it."
354,222,Pulippurakoil Sivalayam,Pulippurakoil Sivalayam,"Sri Vyyakrapadeswarar (Shiva Lingam, white), Sri Balakujambal (Sivagami Ammai, four arms), Pancha Murthys, Sri Vinayaka, Sri Murugan (with elephant vehicle), Nalvar, Sri Bhairava, Sri Surya, Sri Chandran, Sri Adi Shankara, Navagraha, Sage Srivyakrapada","6 km from Badalam Good Road, near Chengalpattu",Chengalpattu,Chengalpattu,"Chola, Sundara Pandyan, Vijayanagara, Sambuvaraya",Intact,Functional,Well-connected,"Thillai Sabapati showed grace to Ammunivar at Vadaponnambalam, just as he had shown his blissful dance to Sage Sri Vyyakrapada.Now known as Pulipurakoil, this place is 6 km from Badalam Good Road next to Chengalpattu.Located far away.Being ecstatic to see Ananda Thandavam and worshiping the Lord, he became known as Sri Vyyakrapadeswarar.Sivagami Ammai is shown here with the name of Sri Balakujambal with four arms and a graceful voice.Shiva Lingam in the sanctum sanctorum is white in colour.The womb is shaped like a gajaprishtam.The pancha murthys in Sivakoshta are displayed with a flourishing artistry.Other shrines are Sri Vinayaka, Sri Murugan, Nalvar, Sri Bhairava, Sri Surya, Sri Chandran, Sri Adi Shankara, and Navagraha.And the adishtana of Sage Srivyakrapada.Here it is.The main tree of this temple with Raja Gopuram is Konnai. Many inscriptions are found in this very ancient stone temple.Through them, we can learn about the restoration work done during the Cholas Sundarapandian, Vijayanagara Emperor and Sambuvarayara period and the gifts they gave to this temple.There is also an ancient Kanthakottam near the Swami shrine.Here is the elephant vehicle for Murugan.Navaveer statues in front. A work pooja takes place.Temple Priest Mr Devasena Gurus-9444715142, Mr Umamakeswara Gurus-9952440373, Mr Shiva Ganesa Gurus- 9790911619."
355,223,Kallapiranpuram Temple,Kallapiranpuram Temple,"Nandi Devar, Jeshtadevi, Karaikal Ammaiyar",Kallapiranpuram village,"Chengalpattu, Madhurandakam",Chengalpattu,,Dilapidated,Non-Functional,Remote,"Raised in the village of Kallapranpuram, Eason presents the scene under a shed.Nandi Devar idol in front.Apart from this, Jeshtadevi and rarely Karaikal Ammaiyar idols are also found.On the opposite side is the temple Thirukulam.The villagers tried to build the temple and the work started.For more details Mr Parthiban-9443267205, Mr Kesavan-9443226715, Mr Dellibabu-9567695254.Pattalam between Chengalpattu Madhurandakam is 4 km from Koodrot.This village is far away."
356,224,Karunkuzhi Sivalayam,Karunkuzhi Sivalayam,"Sri Gnanagreeswarar, Sri Gnanambikai","Chengalpattu on Chennai-Trichy Highway, Karunkhuzi village",Madhuranthakam,Chengalpattu,,,Functional,Well-connected,"Swami Sri Gnanagreeswarar Dear Sri Gnanambikai Location Chengalpattu on Chennai-Trichy Highway Karunkhuzi village in between Madhuranthakam. Thala Purana Sri Ramapiran, when Ravana ends his death A promise given to Sage Sri Vibandha Please remember, Sri Parameswaran Gnana Kiri appeared as a mountain and blocked him Has a history of In this temple, which is a stone temple, many Siddhas, sages, Sri Arunagirinathar, Sri Ramalinga Vallalar have been worshipped.The idol of Sri Nataraja and the idol of Sri Sivakami Ammai here are supported by Ashta Gajas and Ashta Nagas.This thala theertha is known as Bhasma theertha.This place is one of the Panchagiri places. place of remedy It is revered as a cure for all kinds of ailments.If you worship the Lord here to excel in education, you will get benefit."
357,225,141 Puthuppattu Sivalayam,Puthuppattu Sivalayam,"Sri Apadsakayeswarar, Sri Anandhavalli, Ganesha, Valli Devasena Sametha Murugan, Gajalakshmi, Sandikeswarar, Bhairava, Sun, Soman","Pudupattu village, Kanchi District, Madhuranthakam Circle","Madhurandakam, Uttaramerur, Kanchi",Kanchi District,,Intact,Functional,Well-connected by bus,"Swami Sri Apadsakayeswarar Ambal Sri Anandhavalli Location Kanchi District, Madhuranthakam Circle Pudupattu village Madhurandakam-Uttaramerur and Kanchi You can take the buses. Shrines Pancha Koshthas, Ganesha, Valli Devasena Sametha Murugan, Gajalakshmi, Sandikeswarar, Bhairava,  Sun, Soman  A very ancient stone temple.It is considered to be the resting place of Sri Ramabhran.It is one of the Panchagiri sites.Temple Talavritsam Charakonei, Vilvam.There is also a special solution.All temple festivals are held here.For more details Mr. Kannappa Iyer 9944310415, Mr. Prasanna-9962921057, Mr. Ganapathy-9751846707."
358,226,Puzhuthivakkam Sivan,Puzhuthivakkam Sivan,Shiva (Swami) and Nandi,Purudhivagam village,"Chengalpattu, Tambaram, Madhuranthakam",Chengalpattu,,Vettaiveli,Non-Functional,"Accessible by bus from Chengalpattu, Tambaram, and Madhuranthakam via Vedanthangal route; bus stop available","In a peaceful environment, the Lord appears alone and alone in the open air.Swami and Nandi are here.The location is Purudhivagam village.There are no pujas.Contact Mr. Purushottaman-9445185349, 8489960539, Mr. Kanniyappan- 9500785138, Mr. Kamalakannan-9790082646.You can reach here by Chengalpattu-Vedanthangal, Tambaram-Vedanthangal, Madhuranthakam-Nelwai buses.Bus stop dusting."
359,227,Mulli Sivalayam,Mulli Sivalayam,"Sri Sonasaleswarar (Shiva), Ganesha, Chandikeshwara","Mulli village, 8 km from Madhurandhakam",Madhurandhakam,,,,Functional,"Accessible by bus to Panampat Good Road on Maduranthakam-Thachur-Kaurlik route, then 3 km walk","8 KM from Madhurandhak.This temple is located in a small village called Mulli in the distance.If you go inside after visiting Nandi Devar outside, there is only Ganesha idol in Artha Mandapam.In the sanctum sanctorum, Sri Sonasaleswarar is visible towards the east.Ambal Tirunam is not known.There are no other deity forms except Chandikeshwara.The temple Thirukulam is found nearby. Many inscriptions are found around the temple.It is a hearsay that the Lord nursed a swan here for a sage who came hungry. Mr. Ganapathi (9500789856) is doing pooja here.For further contact, Mr. Loganathan-9003544080, Mr. Tamil-88707 83748, Mr. Mohan-8220344346. Get off at Panampat Good Road by bus going to Maduranthakam-Thachur, Kaurlik, and travel about 3 km.To walk."
