Chunk ID,Character Count,Temple Name Metadata,Raw Text Content
0,5358,Thaiyur Temples,"About 2 km from Kelambakkam on Chennai Mamallapuram road.About 2 km from Kelambakkam on Chennai Mamallapuram road.Can't load alternativesTry againAbout 2 km from Kelambakkam on Chennai Mamallapuram road. A village called Taiyur situated in the western direction once had 7 temples.A village called Taiyur situated in the western direction once had 7 temples.Can't load alternativesTry againA village called Taiyur situated in the western direction once had 7 temples. At present only 3 temples are under worship.At present only 3 temples are under worship.Can't load alternativesTry againAt present only 3 temples are under worship. Other temples are said to be ruined in the forest.Other temples are said to be ruined in the forest.Can't load alternativesTry againOther temples are said to be ruined in the forest.
Sri Mariswarar Temple
Sri Mariswarar TempleCan't load alternativesTry again
Sri Mariswarar Temple
Moolav Sri Mariswarar Ambal Sri Aramvalarthanayaki.
Moolav Sri Mariswarar Ambal Sri Aramvalarthanayaki.Can't load alternativesTry again
Moolav Sri Mariswarar Ambal Sri Aramvalarthanayaki.
flagpole
flagpoleCan't load alternativesTry again
flagpole Along with Nandi Mandapam and Raja Gopuram, this temple has Pancha Goshta Murthys, Vinayagar, Murugan, Chandikeswarar, Surya, Bhairava and Hanuman Navakrigam.Along with Nandi Mandapam and Raja Gopuram, this temple has Pancha Goshta Murthys, Vinayagar, Murugan, Chandikeswarar, Surya, Bhairava and Hanuman Navakrigam.Can't load alternativesTry againAlong with Nandi Mandapam and Raja Gopuram, this temple has Pancha Goshta Murthys, Vinayagar, Murugan, Chandikeswarar, Surya, Bhairava and Hanuman Navakrigam. A puja is held every day.A puja is held every day.Can't load alternativesTry againA puja is held every day. Thirukkulam is found in a dry state.Thirukkulam is found in a dry state.Can't load alternativesTry againThirukkulam is found in a dry state. Contact Mr. Ramamurthy- 7299552933, Mr. Kannan-9790825558, Mr. Rajesh-9941745535.Contact Mr. Ramamurthy- 7299552933, Mr. Kannan-9790825558, Mr. Rajesh-9941745535.Can't load alternativesTry againContact Mr. Ramamurthy- 7299552933, Mr. Kannan-9790825558, Mr. Rajesh-9941745535. Bus Tambaram-Thaiyur (55Bus Tambaram-Thaiyur (55Can't load alternativesTry againBus Tambaram-Thaiyur (55
Sri Murugeeswarar Temple
Sri Murugeeswarar TempleCan't load alternativesTry again
Sri Murugeeswarar Temple
Moolavar Sri Murugeswar (Swayambu)
Moolavar Sri Murugeswar (Swayambu)Can't load alternativesTry again
Moolavar Sri Murugeswar (Swayambu)
Ambal Sri Marakatambikai
Ambal Sri MarakatambikaiCan't load alternativesTry again
Ambal Sri Marakatambikai
It is history that Lord Muruga worshiped the Lord.
It is history that Lord Muruga worshiped the Lord.Can't load alternativesTry again
It is history that Lord Muruga worshiped the Lord. Because of that, he is known as Murugeeswarar.Because of that, he is known as Murugeeswarar.Can't load alternativesTry againBecause of that, he is known as Murugeeswarar. Lord Muruga has also arisen here as Swayambu.Lord Muruga has also arisen here as Swayambu.Can't load alternativesTry againLord Muruga has also arisen here as Swayambu. There are sanctuaries of flag tree, Pancha Goshtas, Ganesha, Surya, Bhairava and Navagraha.There are sanctuaries of flag tree, Pancha Goshtas, Ganesha, Surya, Bhairava and Navagraha.Can't load alternativesTry againThere are sanctuaries of flag tree, Pancha Goshtas, Ganesha, Surya, Bhairava and Navagraha. It is considered as a place to remedy all planetary doshas.It is considered as a place to remedy all planetary doshas.Can't load alternativesTry againIt is considered as a place to remedy all planetary doshas. A period of worship.A period of worship.Can't load alternativesTry againA period of worship. Contact Mr. Ramamurthy- 7299552933, Mr. Kannan-9790825558, Mr. Rajesh-9941745535.Contact Mr. Ramamurthy- 7299552933, Mr. Kannan-9790825558, Mr. Rajesh-9941745535.Can't load alternativesTry againContact Mr. Ramamurthy- 7299552933, Mr. Kannan-9790825558, Mr. Rajesh-9941745535. Bus Tambaram-Thaiyur (55Bus Tambaram-Thaiyur (55Can't load alternativesTry againBus Tambaram-Thaiyur (55
Sri Alageeswar Temple
Sri Alageeswar TempleCan't load alternativesTry again
Sri Alageeswar Temple
Moolav Sri Alageeswarar Ambal Sri Alagambikai.
Moolav Sri Alageeswarar Ambal Sri Alagambikai.Can't load alternativesTry again
Moolav Sri Alageeswarar Ambal Sri Alagambikai.
The old temple is currently being renovated.
The old temple is currently being renovated.Can't load alternativesTry again
The old temple is currently being renovated. Dwara Ganapati, Murugan, Pancha Goshta Shrines Perumal, and Navagragam.Dwara Ganapati, Murugan, Pancha Goshta Shrines Perumal, and Navagragam.Can't load alternativesTry againDwara Ganapati, Murugan, Pancha Goshta Shrines Perumal, and Navagragam. Thirukulam in front of the temple.Thirukulam in front of the temple.Can't load alternativesTry againThirukulam in front of the temple. A period puja.A period puja.Can't load alternativesTry againA period puja.Contact Mr. Ramamurthy- 7299552933, Mr. Kannan-9790825558, Mr. Rajesh-9941745535.Contact Mr. Ramamurthy- 7299552933, Mr. Kannan-9790825558, Mr. Rajesh-9941745535.Can't load alternativesTry againContact Mr. Ramamurthy- 7299552933, Mr. Kannan-9790825558, Mr. Rajesh-9941745535. Bus Tambaram-Thaiyur (55k)"
1,2358,Senkanmal Sivan Temple,"This temple is on the side of the road next to Kelambakkam on Chennai Mamallapuram road.This temple is on the side of the road next to Kelambakkam on Chennai Mamallapuram road.Can't load alternativesTry againThis temple is on the side of the road next to Kelambakkam on Chennai Mamallapuram road. As Shri Mahavishnu worshiped, the Lord appears here with the name of Shri Senkanmaleeswarar.As Shri Mahavishnu worshiped, the Lord appears here with the name of Shri Senkanmaleeswarar.Can't load alternativesTry againAs Shri Mahavishnu worshiped, the Lord appears here with the name of Shri Senkanmaleeswarar. On the square pedestal, Swami faces east and Ambal Sri Brahannayake faces south.On the square pedestal, Swami faces east and Ambal Sri Brahannayake faces south.Can't load alternativesTry againOn the square pedestal, Swami faces east and Ambal Sri Brahannayake faces south. The temple is flanked by the flag tree Nandi Mandapam prakaram and has shrines of Goshta Murthy, Ganesha, Murugan, Gajalakshmi, Bhairava, Surya, Jeshta Devi and Navagraha shrines.The temple is flanked by the flag tree Nandi Mandapam prakaram and has shrines of Goshta Murthy, Ganesha, Murugan, Gajalakshmi, Bhairava, Surya, Jeshta Devi and Navagraha shrines.Can't load alternativesTry againThe temple is flanked by the flag tree Nandi Mandapam prakaram and has shrines of Goshta Murthy, Ganesha, Murugan, Gajalakshmi, Bhairava, Surya, Jeshta Devi and Navagraha shrines. Lord Tirumeni is composed of Salagram.Lord Tirumeni is composed of Salagram.Can't load alternativesTry againLord Tirumeni is composed of Salagram.It is a place of relief for all diseases related to eyes.It is a place of relief for all diseases related to eyes.Can't load alternativesTry againIt is a place of relief for all diseases related to eyes. If you crawl and worship the Lord wholeheartedly, you will get benefit.If you crawl and worship the Lord wholeheartedly, you will get benefit.Can't load alternativesTry againIf you crawl and worship the Lord wholeheartedly, you will get benefit.Contact Mr Ganesa Gurus- 9952924944, Thiruvenkatesan- 9176770308, Mr Kamalakannan- 9884504932.Contact Mr Ganesa Gurus- 9952924944, Thiruvenkatesan- 9176770308, Mr Kamalakannan- 9884504932.Can't load alternativesTry againContact Mr Ganesa Gurus- 9952924944, Thiruvenkatesan- 9176770308, Mr Kamalakannan- 9884504932."
2,3824,Melakottayur Sivan Temple,"Sri Mekambikai Sametha Sri Meghnatheeswarar Temple is located at Melakottaiyur Village on Vandalur Kelambakkam Road.Sri Mekambikai Sametha Sri Meghnatheeswarar Temple is located at Melakottaiyur Village on Vandalur Kelambakkam Road.Can't load alternativesTry againSri Mekambikai Sametha Sri Meghnatheeswarar Temple is located at Melakottaiyur Village on Vandalur Kelambakkam Road. This 1400 year old temple has been renovated and is well maintained.This 1400 year old temple has been renovated and is well maintained.Can't load alternativesTry againThis 1400 year old temple has been renovated and is well maintained. The temple includes Koshta Murthas, Kannimoolai Ganapati, Valli Devasena Murugan, Sandikeswarar, Bhairava, Navagragam shrines.The temple includes Koshta Murthas, Kannimoolai Ganapati, Valli Devasena Murugan, Sandikeswarar, Bhairava, Navagragam shrines.Can't load alternativesTry againThe temple includes Koshta Murthas, Kannimoolai Ganapati, Valli Devasena Murugan, Sandikeswarar, Bhairava, Navagragam shrines. Flagpole, Altar, Nandi Mandapam in front of temple.Flagpole, Altar, Nandi Mandapam in front of temple.Can't load alternativesTry againFlagpole, Altar, Nandi Mandapam in front of temple. Moolavar Sri Meghnatheeswarar gives darshan on the square peeda towards the west.Moolavar Sri Meghnatheeswarar gives darshan on the square peeda towards the west.Can't load alternativesTry againMoolavar Sri Meghnatheeswarar gives darshan on the square peeda towards the west. Swami could not be taken out during renovation work.Swami could not be taken out during renovation work.Can't load alternativesTry againSwami could not be taken out during renovation work. Even today we can see that Shiva Lingam is seen leaning slightly to the right or left during Mahapradosha.Even today we can see that Shiva Lingam is seen leaning slightly to the right or left during Mahapradosha.Can't load alternativesTry againEven today we can see that Shiva Lingam is seen leaning slightly to the right or left during Mahapradosha. Thala Purana says that Varunadeva, who was cursed by Sage Sri Durvasa, established a tirtha here and worshiped Isaan and got rid of the curse.Thala Purana says that Varunadeva, who was cursed by Sage Sri Durvasa, established a tirtha here and worshiped Isaan and got rid of the curse.Can't load alternativesTry againThala Purana says that Varunadeva, who was cursed by Sage Sri Durvasa, established a tirtha here and worshiped Isaan and got rid of the curse. The tirtha here is Varuna tirthaThe tirtha here is Varuna tirthaCan't load alternativesTry againThe tirtha here is Varuna tirtha
Eason is the bestower of reparation
Eason is the bestower of reparationCan't load alternativesTry again
Eason is the bestower of reparation
People worship Isaan here for marriage prevention, child birth, physical health, promotion, debt relief.
People worship Isaan here for marriage prevention, child birth, physical health, promotion, debt relief.Can't load alternativesTry again
People worship Isaan here for marriage prevention, child birth, physical health, promotion, debt relief. Many people come to this temple and worship the Lord.Many people come to this temple and worship the Lord.Can't load alternativesTry againMany people come to this temple and worship the Lord. 108 sangabhishekams are performed here on every Pradosha day.108 sangabhishekams are performed here on every Pradosha day.Can't load alternativesTry again108 sangabhishekams are performed here on every Pradosha day.
Contact Mr. Siva Gurus-9962267286, Mr. Bhaktavachalam- 9941416205, Mr. Mahendran-7358491381.
Contact Mr. Siva Gurus-9962267286, Mr. Bhaktavachalam- 9941416205, Mr. Mahendran-7358491381.Can't load alternativesTry again
Contact Mr. Siva Gurus-9962267286, Mr. Bhaktavachalam- 9941416205, Mr. Mahendran-7358491381."
3,3021,Padur Siva Vishnu Temple,"By road, Kelambakkam is 2 km.By road, Kelambakkam is 2 km.Can't load alternativesTry againBy road, Kelambakkam is 2 km. This temple is located in Badur which comes before.This temple is located in Badur which comes before.Can't load alternativesTry againThis temple is located in Badur which comes before. The very old temple is now giving a new look.The very old temple is now giving a new look.Can't load alternativesTry againThe very old temple is now giving a new look. Sri Manikandeswarar is the source of the temple with the flagpole.Sri Manikandeswarar is the source of the temple with the flagpole.Can't load alternativesTry againSri Manikandeswarar is the source of the temple with the flagpole. Ambal Shri Marakadavalli.Ambal Shri Marakadavalli.Can't load alternativesTry againAmbal Shri Marakadavalli. The temple with Pancha Shiva Koshta has shrines of Vinayaka, Murugan, Ayyappan, Navagragam, Bhairava and Surya.The temple with Pancha Shiva Koshta has shrines of Vinayaka, Murugan, Ayyappan, Navagragam, Bhairava and Surya.Can't load alternativesTry againThe temple with Pancha Shiva Koshta has shrines of Vinayaka, Murugan, Ayyappan, Navagragam, Bhairava and Surya. An old Shiva Lingam is seen to the left of the temple entrance.An old Shiva Lingam is seen to the left of the temple entrance.Can't load alternativesTry againAn old Shiva Lingam is seen to the left of the temple entrance. Puja is held for two periods.Puja is held for two periods.Can't load alternativesTry againPuja is held for two periods.
The main plant is the banyan tree.
The main plant is the banyan tree.Can't load alternativesTry again
The main plant is the banyan tree. The temple pond is at the back.The temple pond is at the back.Can't load alternativesTry againThe temple pond is at the back. Kosala is also maintained here.Kosala is also maintained here.Can't load alternativesTry againKosala is also maintained here.
To the left of the temple is the Srinivasa Perumal shrine.
To the left of the temple is the Srinivasa Perumal shrine.Can't load alternativesTry again
To the left of the temple is the Srinivasa Perumal shrine. Sri Lakshmi's mother on Perumal's forehead is something that cannot be seen anywhere else.Sri Lakshmi's mother on Perumal's forehead is something that cannot be seen anywhere else.Can't load alternativesTry againSri Lakshmi's mother on Perumal's forehead is something that cannot be seen anywhere else. Besides Prayoga Chakram other shrines are Lakshmi Taiar, Garuda, Andal, Anjaneyar.Besides Prayoga Chakram other shrines are Lakshmi Taiar, Garuda, Andal, Anjaneyar.Can't load alternativesTry againBesides Prayoga Chakram other shrines are Lakshmi Taiar, Garuda, Andal, Anjaneyar. Contact Mr. Ananda Gurus-9551785164, Mr. Krishnamurthy-7395918536, Mr. Prakash-98403 83097. OmarContact Mr. Ananda Gurus-9551785164, Mr. Krishnamurthy-7395918536, Mr. Prakash-98403 83097. OmarCan't load alternativesTry againContact Mr. Ananda Gurus-9551785164, Mr. Krishnamurthy-7395918536, Mr. Prakash-98403 83097. Omar"
4,3121,Thazhambur Temples,"Mrs. Bhavani took the Shiva lingam that was looking at the sky on the bank of the pond and built a small temple with the help of others.Mrs. Bhavani took the Shiva lingam that was looking at the sky on the bank of the pond and built a small temple with the help of others.Can't load alternativesTry againMrs. Bhavani took the Shiva lingam that was looking at the sky on the bank of the pond and built a small temple with the help of others. Swami Thirunamam Sri Saileswarar.Swami Thirunamam Sri Saileswarar.Can't load alternativesTry againSwami Thirunamam Sri Saileswarar. Ambal Sri Marakatambikai.Ambal Sri Marakatambikai.Can't load alternativesTry againAmbal Sri Marakatambikai. Vinayagar, Murugan, Sandikeswarar, Bhairava, Navagragam, Dakshinamurthy, Vishnu Durga etc. were newly consecrated.Vinayagar, Murugan, Sandikeswarar, Bhairava, Navagragam, Dakshinamurthy, Vishnu Durga etc. were newly consecrated.Can't load alternativesTry againVinayagar, Murugan, Sandikeswarar, Bhairava, Navagragam, Dakshinamurthy, Vishnu Durga etc. were newly consecrated. There is a beautiful pond in front.There is a beautiful pond in front.Can't load alternativesTry againThere is a beautiful pond in front. An old Nandi idol is found on the bank of the pond.An old Nandi idol is found on the bank of the pond.Can't load alternativesTry againAn old Nandi idol is found on the bank of the pond. For other details Mrs. Bhavani- 9962151046, Mr. Balasubramanian-91761 03629. Near Nawalur, Dalhampur.For other details Mrs. Bhavani- 9962151046, Mr. Balasubramanian-91761 03629. Near Nawalur, Dalhampur.Can't load alternativesTry againFor other details Mrs. Bhavani- 9962151046, Mr. Balasubramanian-91761 03629. Near Nawalur, Dalhampur. Buses come here from Tambaram and Adyar.Buses come here from Tambaram and Adyar.Can't load alternativesTry againBuses come here from Tambaram and Adyar.
They took the Shivlinga Thirumeni that was outside the cut in the area called Dhalampur Natham and showed them a small temple.
They took the Shivlinga Thirumeni that was outside the cut in the area called Dhalampur Natham and showed them a small temple.Can't load alternativesTry again
They took the Shivlinga Thirumeni that was outside the cut in the area called Dhalampur Natham and showed them a small temple. The sanctum sanctorum is topped with a shed.The sanctum sanctorum is topped with a shed.Can't load alternativesTry againThe sanctum sanctorum is topped with a shed. Swami Thirunamam Sri Kailasanathar.Swami Thirunamam Sri Kailasanathar.Can't load alternativesTry againSwami Thirunamam Sri Kailasanathar. They are going to keep Ambal from now on.They are going to keep Ambal from now on.Can't load alternativesTry againThey are going to keep Ambal from now on. Sometimes a pooja takes place.Sometimes a pooja takes place.Can't load alternativesTry againSometimes a pooja takes place. Tirukulam is at the back.Tirukulam is at the back.Can't load alternativesTry againTirukulam is at the back. Contact Mr. Balasubramanian-9176103629.Contact Mr. Balasubramanian-9176103629.Can't load alternativesTry againContact Mr. Balasubramanian-9176103629."
5,2144,Navalur Siva Vishnu Temple,"A few years ago, the people of Nawalur built a big temple after taking the Shiva Lingam buried in the earth.A few years ago, the people of Nawalur built a big temple after taking the Shiva Lingam buried in the earth.Can't load alternativesTry againA few years ago, the people of Nawalur built a big temple after taking the Shiva Lingam buried in the earth. This temple was built with the blessings of Kanji Sri Maha Swami.This temple was built with the blessings of Kanji Sri Maha Swami.Can't load alternativesTry againThis temple was built with the blessings of Kanji Sri Maha Swami. All the deities sannidans are featured here.All the deities sannidans are featured here.Can't load alternativesTry againAll the deities sannidans are featured here. The name of the Lord is Sri Navaleeswarara.The name of the Lord is Sri Navaleeswarara.Can't load alternativesTry againThe name of the Lord is Sri Navaleeswarara. Ambal Thirunamam Sri Akhilandeshwari.Ambal Thirunamam Sri Akhilandeshwari.Can't load alternativesTry againAmbal Thirunamam Sri Akhilandeshwari. Sri Lakshmi Narayana Perumal in a separate temple nearby.Sri Lakshmi Narayana Perumal in a separate temple nearby.Can't load alternativesTry againSri Lakshmi Narayana Perumal in a separate temple nearby. All the utsavams are very well done in both the temples.All the utsavams are very well done in both the temples.Can't load alternativesTry againAll the utsavams are very well done in both the temples. The big pond is in front of the temple.The big pond is in front of the temple.Can't load alternativesTry againThe big pond is in front of the temple. Temple timings are 7-11 am and 5-8 pm.Temple timings are 7-11 am and 5-8 pm.Can't load alternativesTry againTemple timings are 7-11 am and 5-8 pm. Contact Mr. Ananda Gurus- 9710070515. Navalur is on Omar Road, next to Choshinganallur.Contact Mr. Ananda Gurus- 9710070515. Navalur is on Omar Road, next to Choshinganallur.Can't load alternativesTry againContact Mr. Ananda Gurus- 9710070515. Navalur is on Omar Road, next to Choshinganallur. All buses stop here.All buses stop here.Can't load alternativesTry againAll buses stop here."
6,1418,Kaaranai Sivan,"A Shiva lingam is found on the back wall of a school complex in Karanai village.A Shiva lingam is found on the back wall of a school complex in Karanai village.Can't load alternativesTry againA Shiva lingam is found on the back wall of a school complex in Karanai village. There are vines all around.There are vines all around.Can't load alternativesTry againThere are vines all around. There are no visitors here.There are no visitors here.Can't load alternativesTry againThere are no visitors here. Some servants in the town are trying to bring the Lord.Some servants in the town are trying to bring the Lord.Can't load alternativesTry againSome servants in the town are trying to bring the Lord. It is Eason who should show mercy.It is Eason who should show mercy.Can't load alternativesTry againIt is Eason who should show mercy. Contact Mr. Rajesh-9789845302, Mr. Senthilkumar-98843 04592, Mr. Kamalakannan-9962700694, Mr. Karthikeyan- 9940366472. There are buses to Karana from Chennai Saidappettai and Tambaram.Contact Mr. Rajesh-9789845302, Mr. Senthilkumar-98843 04592, Mr. Kamalakannan-9962700694, Mr. Karthikeyan- 9940366472. There are buses to Karana from Chennai Saidappettai and Tambaram.Can't load alternativesTry againContact Mr. Rajesh-9789845302, Mr. Senthilkumar-98843 04592, Mr. Kamalakannan-9962700694, Mr. Karthikeyan- 9940366472. There are buses to Karana from Chennai Saidappettai and Tambaram."
7,2704,Siruseri Temples,"This temple is located in Sirusheri near Kelambakkam, Chennai.This temple is located in Sirusheri near Kelambakkam, Chennai.Can't load alternativesTry againThis temple is located in Sirusheri near Kelambakkam, Chennai. Eason, who previously resided in a stone temple with a circular flight structure, now gives darshan in a small shed.Eason, who previously resided in a stone temple with a circular flight structure, now gives darshan in a small shed.Can't load alternativesTry againEason, who previously resided in a stone temple with a circular flight structure, now gives darshan in a small shed. Lord facing East on square pedestal.Lord facing East on square pedestal.Can't load alternativesTry againLord facing East on square pedestal. Ambal is nearby.Ambal is nearby.Can't load alternativesTry againAmbal is nearby. Name unknown.Name unknown.Can't load alternativesTry againName unknown. In front of Lord Nadia.In front of Lord Nadia.Can't load alternativesTry againIn front of Lord Nadia. Chandikeswarar is outside in worn condition.Chandikeswarar is outside in worn condition.Can't load alternativesTry againChandikeswarar is outside in worn condition. Perhaps a servant is doing the puja here.Perhaps a servant is doing the puja here.Can't load alternativesTry againPerhaps a servant is doing the puja here. Tirukulam is seen opposite.Tirukulam is seen opposite.Can't load alternativesTry againTirukulam is seen opposite.
Sri Neela Manikka Perumal presents Sridevi as Boodevi Samethar in the Golam.
Sri Neela Manikka Perumal presents Sridevi as Boodevi Samethar in the Golam.Can't load alternativesTry again
Sri Neela Manikka Perumal presents Sridevi as Boodevi Samethar in the Golam. A separate shrine for Hayagriva.A separate shrine for Hayagriva.Can't load alternativesTry againA separate shrine for Hayagriva. The temple is well maintained.The temple is well maintained.Can't load alternativesTry againThe temple is well maintained. Puja is performed daily.Puja is performed daily.Can't load alternativesTry againPuja is performed daily. Contact Mr. Sundararajan- 99529 99694, Mr. Sriram-9841046408.Contact Mr. Sundararajan- 99529 99694, Mr. Sriram-9841046408.Can't load alternativesTry againContact Mr. Sundararajan- 99529 99694, Mr. Sriram-9841046408. There is an auto facility from Nawalur which is on the road to reach this place.There is an auto facility from Nawalur which is on the road to reach this place.Can't load alternativesTry againThere is an auto facility from Nawalur which is on the road to reach this place. And there are buses from Kelambakkam, Adyar.And there are buses from Kelambakkam, Adyar.Can't load alternativesTry againAnd there are buses from Kelambakkam, Adyar."
8,4467,Pudupakkam Temples,"Built by the Pandya kings, this temple is now resplendent.Built by the Pandya kings, this temple is now resplendent.Can't load alternativesTry againBuilt by the Pandya kings, this temple is now resplendent. The source is Sri Devi Bhudevi Sametha Karunakaralakshminarayan.The source is Sri Devi Bhudevi Sametha Karunakaralakshminarayan.Can't load alternativesTry againThe source is Sri Devi Bhudevi Sametha Karunakaralakshminarayan. Standing column.Standing column.Can't load alternativesTry againStanding column. Utsavar is the same name.Utsavar is the same name.Can't load alternativesTry againUtsavar is the same name. Other shrines here are Twelve Alwars, Vinayaka, Murugan, Panchamuga Anjaneya, Ramanuja, Vishwaksena, Shirdi Baba.Other shrines here are Twelve Alwars, Vinayaka, Murugan, Panchamuga Anjaneya, Ramanuja, Vishwaksena, Shirdi Baba.Can't load alternativesTry againOther shrines here are Twelve Alwars, Vinayaka, Murugan, Panchamuga Anjaneya, Ramanuja, Vishwaksena, Shirdi Baba. One of the 108 Vaishnava thalams, Thiruvidanta Sri Nitya Kalyana Perumal, is visited at Parivettai in Thaimatham and the Thirumanjana Vaipavam takes place.One of the 108 Vaishnava thalams, Thiruvidanta Sri Nitya Kalyana Perumal, is visited at Parivettai in Thaimatham and the Thirumanjana Vaipavam takes place.Can't load alternativesTry againOne of the 108 Vaishnava thalams, Thiruvidanta Sri Nitya Kalyana Perumal, is visited at Parivettai in Thaimatham and the Thirumanjana Vaipavam takes place. Contact Mr. Ramanathan-9841439552, Mr. Balakrishnan-97912 30348, Mr. Narasimhan-97102 39076. You can reach this village by taking the road to the left after the light post on the Vandalur-Kelambakkam road.Contact Mr. Ramanathan-9841439552, Mr. Balakrishnan-97912 30348, Mr. Narasimhan-97102 39076. You can reach this village by taking the road to the left after the light post on the Vandalur-Kelambakkam road.Can't load alternativesTry againContact Mr. Ramanathan-9841439552, Mr. Balakrishnan-97912 30348, Mr. Narasimhan-97102 39076. You can reach this village by taking the road to the left after the light post on the Vandalur-Kelambakkam road.
There is also an ancient Shiva temple in Puducherry village.
There is also an ancient Shiva temple in Puducherry village.Can't load alternativesTry again
There is also an ancient Shiva temple in Puducherry village. Lord Thirunam Sri Agastheeswarar.Lord Thirunam Sri Agastheeswarar.Can't load alternativesTry againLord Thirunam Sri Agastheeswarar. Goddess, Sri Akilandeshwari.Goddess, Sri Akilandeshwari.Can't load alternativesTry againGoddess, Sri Akilandeshwari. Like Pancha Goshta in Shiva Goshta, Ambal also has Pancha Goshta deities.Like Pancha Goshta in Shiva Goshta, Ambal also has Pancha Goshta deities.Can't load alternativesTry againLike Pancha Goshta in Shiva Goshta, Ambal also has Pancha Goshta deities. The temple was renovated in 2006 and pujas are being held.The temple was renovated in 2006 and pujas are being held.Can't load alternativesTry againThe temple was renovated in 2006 and pujas are being held. Adi Agastheeswarar Shivlingam is found behind the sanctum sanctorum in the prakaram.Adi Agastheeswarar Shivlingam is found behind the sanctum sanctorum in the prakaram.Can't load alternativesTry againAdi Agastheeswarar Shivlingam is found behind the sanctum sanctorum in the prakaram. There are shrines of Vinayagar, Valli Devasena Subramanyar, Bhairava, Chandikeswarar and Navagraha.There are shrines of Vinayagar, Valli Devasena Subramanyar, Bhairava, Chandikeswarar and Navagraha.Can't load alternativesTry againThere are shrines of Vinayagar, Valli Devasena Subramanyar, Bhairava, Chandikeswarar and Navagraha. Puja takes place twice.Puja takes place twice.Can't load alternativesTry againPuja takes place twice. Contact Mr. Vasudevan-9444118745.Contact Mr. Vasudevan-9444118745.Can't load alternativesTry againContact Mr. Vasudevan-9444118745. Thala Vridsham is a novel.Thala Vridsham is a novel.Can't load alternativesTry againThala Vridsham is a novel. All the celebrations take place here in a grand manner.All the celebrations take place here in a grand manner.Can't load alternativesTry againAll the celebrations take place here in a grand manner.
It also serves as a place of reparation for lost wealth and lost goods.
It also serves as a place of reparation for lost wealth and lost goods.Can't load alternativesTry again
It also serves as a place of reparation for lost wealth and lost goods."
9,3077,Velichai Siva Vishnu Temple,"The temple built by the Brahma sage Shri Satasiva Brahmandral is located in the village of Ilashai.The temple built by the Brahma sage Shri Satasiva Brahmandral is located in the village of Ilashai.Can't load alternativesTry againThe temple built by the Brahma sage Shri Satasiva Brahmandral is located in the village of Ilashai. There are numerous deity shrines in this temple, which is located with the Periya Raja Gopuram and the flagpole.There are numerous deity shrines in this temple, which is located with the Periya Raja Gopuram and the flagpole.Can't load alternativesTry againThere are numerous deity shrines in this temple, which is located with the Periya Raja Gopuram and the flagpole. In Moolasthan, Sri Pasupadeeswarar is facing east direction.In Moolasthan, Sri Pasupadeeswarar is facing east direction.Can't load alternativesTry againIn Moolasthan, Sri Pasupadeeswarar is facing east direction. Ambal Sri Simmavalli shrine is facing south.Ambal Sri Simmavalli shrine is facing south.Can't load alternativesTry againAmbal Sri Simmavalli shrine is facing south. Lord Vishnu is present in a separate temple named Sri Sundara Varadaraja.Lord Vishnu is present in a separate temple named Sri Sundara Varadaraja.Can't load alternativesTry againLord Vishnu is present in a separate temple named Sri Sundara Varadaraja. Sri Kanakavalli's mother also has Tanichannadi.Sri Kanakavalli's mother also has Tanichannadi.Can't load alternativesTry againSri Kanakavalli's mother also has Tanichannadi. Other shrines are Dwara Ganapati, Murugan, Nataraja, Sivagami, Manikavasar, Pulipani, Kannimoolai Ganapati, Goshta Murthys, Vishwarupa Anjaneya, Surya, Chandran, Bhairava, Pratyangara Devi, Panduranga, Rukmini Devi, Valli Devasena Subramaniar, Sita Rama Lakshmana, Vallalar.Other shrines are Dwara Ganapati, Murugan, Nataraja, Sivagami, Manikavasar, Pulipani, Kannimoolai Ganapati, Goshta Murthys, Vishwarupa Anjaneya, Surya, Chandran, Bhairava, Pratyangara Devi, Panduranga, Rukmini Devi, Valli Devasena Subramaniar, Sita Rama Lakshmana, Vallalar.Can't load alternativesTry againOther shrines are Dwara Ganapati, Murugan, Nataraja, Sivagami, Manikavasar, Pulipani, Kannimoolai Ganapati, Goshta Murthys, Vishwarupa Anjaneya, Surya, Chandran, Bhairava, Pratyangara Devi, Panduranga, Rukmini Devi, Valli Devasena Subramaniar, Sita Rama Lakshmana, Vallalar. Temple time is 9-11 am. Here everyone can go inside the sanctum and worship the Lord.Temple time is 9-11 am. Here everyone can go inside the sanctum and worship the Lord.Can't load alternativesTry againTemple time is 9-11 am. Here everyone can go inside the sanctum and worship the Lord. Contact 044 24640306. On the Vandalur-Kelambakkam road, you can reach this temple by taking the road opposite to the Anjaneya temple.Contact 044 24640306. On the Vandalur-Kelambakkam road, you can reach this temple by taking the road opposite to the Anjaneya temple.Can't load alternativesTry againContact 044 24640306. On the Vandalur-Kelambakkam road, you can reach this temple by taking the road opposite to the Anjaneya temple."
10,2249,Velichai Anjaneyar Temple,"Originally called on Gaja Giri, there is an ancient Anjaneya temple on this small hill.Originally called on Gaja Giri, there is an ancient Anjaneya temple on this small hill.Can't load alternativesTry againOriginally called on Gaja Giri, there is an ancient Anjaneya temple on this small hill. On this hill with 108 steps, Anjaneya is a benediction kolam with Thirumeni looking east and facing north without weapon.On this hill with 108 steps, Anjaneya is a benediction kolam with Thirumeni looking east and facing north without weapon.Can't load alternativesTry againOn this hill with 108 steps, Anjaneya is a benediction kolam with Thirumeni looking east and facing north without weapon. Puducherry Sri Nithyakalyana Perumal Bari Hunting Ground.Puducherry Sri Nithyakalyana Perumal Bari Hunting Ground.Can't load alternativesTry againPuducherry Sri Nithyakalyana Perumal Bari Hunting Ground. A large number of devotees come to this temple which is a great remedy.A large number of devotees come to this temple which is a great remedy.Can't load alternativesTry againA large number of devotees come to this temple which is a great remedy. To fulfill all the prayers, coconuts and bells are worshipped.To fulfill all the prayers, coconuts and bells are worshipped.Can't load alternativesTry againTo fulfill all the prayers, coconuts and bells are worshipped. After the puja here, sprinkling of Valpuri Sangu Theertha on the devotee is considered to be able to remove all doshas.After the puja here, sprinkling of Valpuri Sangu Theertha on the devotee is considered to be able to remove all doshas.Can't load alternativesTry againAfter the puja here, sprinkling of Valpuri Sangu Theertha on the devotee is considered to be able to remove all doshas. Contact Mr. Suresh Bhatter- 9445299105, Mr. Mohan Bhatter-9444680711, Mr. Satya Narayanan- 9444824722. This hill is located near Vandalur- Kelambakkam road.Contact Mr. Suresh Bhatter- 9445299105, Mr. Mohan Bhatter-9444680711, Mr. Satya Narayanan- 9444824722. This hill is located near Vandalur- Kelambakkam road.Can't load alternativesTry againContact Mr. Suresh Bhatter- 9445299105, Mr. Mohan Bhatter-9444680711, Mr. Satya Narayanan- 9444824722. This hill is located near Vandalur- Kelambakkam road."
11,3732,Illalur Temples,"About 6 km from Tirupporur, a road leading west leads to Illalur village.About 6 km from Tirupporur, a road leading west leads to Illalur village.Can't load alternativesTry againAbout 6 km from Tirupporur, a road leading west leads to Illalur village. The old temple here is now newly built and worship is going on.The old temple here is now newly built and worship is going on.Can't load alternativesTry againThe old temple here is now newly built and worship is going on. The name of the Lord is Sri Swayambeeswarar.The name of the Lord is Sri Swayambeeswarar.Can't load alternativesTry againThe name of the Lord is Sri Swayambeeswarar. Ambal Sri Karpakampal is no more.Ambal Sri Karpakampal is no more.Can't load alternativesTry againAmbal Sri Karpakampal is no more. There are shrines of Nandi, Goshta Murthy, Chandikeswarar and Navagraha.There are shrines of Nandi, Goshta Murthy, Chandikeswarar and Navagraha.Can't load alternativesTry againThere are shrines of Nandi, Goshta Murthy, Chandikeswarar and Navagraha. The sacred temple is found near Thirukkulam.The sacred temple is found near Thirukkulam.Can't load alternativesTry againThe sacred temple is found near Thirukkulam. Earlier Swami was Swayambu at Kulakarai in Vetaveli.Earlier Swami was Swayambu at Kulakarai in Vetaveli.Can't load alternativesTry againEarlier Swami was Swayambu at Kulakarai in Vetaveli. Shivratri 6 Kalam, Annabhishekam, Karthikai Deepam, Somavar Pujas are held here.Shivratri 6 Kalam, Annabhishekam, Karthikai Deepam, Somavar Pujas are held here.Can't load alternativesTry againShivratri 6 Kalam, Annabhishekam, Karthikai Deepam, Somavar Pujas are held here. Contact Mr. Chakrapani-9176822119, Mr. Veeraragavan-94450 05635.Contact Mr. Chakrapani-9176822119, Mr. Veeraragavan-94450 05635.Can't load alternativesTry againContact Mr. Chakrapani-9176822119, Mr. Veeraragavan-94450 05635.

In the same village there is Sri Amritavalli's mother Samethar Sri Adikesava Perumal Temple. A small temple.

In the same village there is Sri Amritavalli's mother Samethar Sri Adikesava Perumal Temple. A small temple.Can't load alternativesTry again

In the same village there is Sri Amritavalli's mother Samethar Sri Adikesava Perumal Temple. A small temple. Flagpole outside, Garuda Mandapam.Flagpole outside, Garuda Mandapam.Can't load alternativesTry againFlagpole outside, Garuda Mandapam. In the sanctum sanctorum, Perumal is holding the Pryoga Sakram.In the sanctum sanctorum, Perumal is holding the Pryoga Sakram.Can't load alternativesTry againIn the sanctum sanctorum, Perumal is holding the Pryoga Sakram. Inside there are images of Andal, Wodevar, Nammalvar, Vishwaksenaar, Chakratthalvar and Thiruvathivam.Inside there are images of Andal, Wodevar, Nammalvar, Vishwaksenaar, Chakratthalvar and Thiruvathivam.Can't load alternativesTry againInside there are images of Andal, Wodevar, Nammalvar, Vishwaksenaar, Chakratthalvar and Thiruvathivam. Shree Anjaneya shrine in a separate temple nearby.Shree Anjaneya shrine in a separate temple nearby.Can't load alternativesTry againShree Anjaneya shrine in a separate temple nearby. Contact Mr. Rangaraja Bhattacharya- 8939945775. One time puja is held.Contact Mr. Rangaraja Bhattacharya- 8939945775. One time puja is held.Can't load alternativesTry againContact Mr. Rangaraja Bhattacharya- 8939945775. One time puja is held. A clean temple pond is seen along the steps.A clean temple pond is seen along the steps.Can't load alternativesTry againA clean temple pond is seen along the steps.
Thambaram-Thiruporur, Thambaram-Nellikuppam buses ply here.
Thambaram-Thiruporur, Thambaram-Nellikuppam buses ply here.Can't load alternativesTry again
Thambaram-Thiruporur, Thambaram-Nellikuppam buses ply here."
12,1487,Kalavakkam Sivan Temple,The temple was built according to Sri Shankaracharya's Arulasi of Kanchi by taking the Shiva Lingam that was outside the cut.The temple was built according to Sri Shankaracharya's Arulasi of Kanchi by taking the Shiva Lingam that was outside the cut.Can't load alternativesTry againThe temple was built according to Sri Shankaracharya's Arulasi of Kanchi by taking the Shiva Lingam that was outside the cut. East facing shrine.East facing shrine.Can't load alternativesTry againEast facing shrine. Tirunam Sri Kamadenu Ishwar.Tirunam Sri Kamadenu Ishwar.Can't load alternativesTry againTirunam Sri Kamadenu Ishwar. Ambal Sri Gokilampal.Ambal Sri Gokilampal.Can't load alternativesTry againAmbal Sri Gokilampal. There is no Ambal idol.There is no Ambal idol.Can't load alternativesTry againThere is no Ambal idol. Enthrallment before Swami.Enthrallment before Swami.Can't load alternativesTry againEnthrallment before Swami. A temple pond is found nearby.A temple pond is found nearby.Can't load alternativesTry againA temple pond is found nearby. The temple is situated in Kalavakkam village which is before Thiruporur on Mamallapuram road.The temple is situated in Kalavakkam village which is before Thiruporur on Mamallapuram road.Can't load alternativesTry againThe temple is situated in Kalavakkam village which is before Thiruporur on Mamallapuram road. Contact Mr. Munusamy-9962596849.Contact Mr. Munusamy-9962596849.Can't load alternativesTry againContact Mr. Munusamy-9962596849.
13,2910,Kottamedu Sivan Temple,"Lord Sri JalakandeswararLord Sri JalakandeswararCan't load alternativesTry againLord Sri Jalakandeswarar
Lord Sri Jagathampal
Lord Sri JagathampalCan't load alternativesTry again
Lord Sri Jagathampal
In the temple which is about 2000 years old, Eason has risen as Swayambu.
In the temple which is about 2000 years old, Eason has risen as Swayambu.Can't load alternativesTry again
In the temple which is about 2000 years old, Eason has risen as Swayambu. A temple built entirely of stones.A temple built entirely of stones.Can't load alternativesTry againA temple built entirely of stones. There is always moisture in the Lord's womb.There is always moisture in the Lord's womb.Can't load alternativesTry againThere is always moisture in the Lord's womb. Nardhana Vinayagar in Prakaram, Dakshinamurthy, Maha Vishnu, Brahma, Durga in Shiva Koshta with excellent artistic aspect can be seen.Nardhana Vinayagar in Prakaram, Dakshinamurthy, Maha Vishnu, Brahma, Durga in Shiva Koshta with excellent artistic aspect can be seen.Can't load alternativesTry againNardhana Vinayagar in Prakaram, Dakshinamurthy, Maha Vishnu, Brahma, Durga in Shiva Koshta with excellent artistic aspect can be seen. Ganesha, who is a maiden, tilts his head and gives a view.Ganesha, who is a maiden, tilts his head and gives a view.Can't load alternativesTry againGanesha, who is a maiden, tilts his head and gives a view. Goddesses Lakshmi, Parvati and Saraswati are seen in Ambal Koshta in Prakaram.Goddesses Lakshmi, Parvati and Saraswati are seen in Ambal Koshta in Prakaram.Can't load alternativesTry againGoddesses Lakshmi, Parvati and Saraswati are seen in Ambal Koshta in Prakaram. Thala Vridsham Ilupai.Thala Vridsham Ilupai.Can't load alternativesTry againThala Vridsham Ilupai. The water in the temple well never runs dry.The water in the temple well never runs dry.Can't load alternativesTry againThe water in the temple well never runs dry. There is a pond nearby.There is a pond nearby.Can't load alternativesTry againThere is a pond nearby. Sometimes a pooja takes place.Sometimes a pooja takes place.Can't load alternativesTry againSometimes a pooja takes place. Contact Mr. Srinivasan- 9962269957, 9962086925, Mr. Shankar-98405 21944. This village is situated on Chengalpattu Road, Tirupporur.Contact Mr. Srinivasan- 9962269957, 9962086925, Mr. Shankar-98405 21944. This village is situated on Chengalpattu Road, Tirupporur.Can't load alternativesTry againContact Mr. Srinivasan- 9962269957, 9962086925, Mr. Shankar-98405 21944. This village is situated on Chengalpattu Road, Tirupporur. Can also come on Guduvanchery-Kottaimedu road.Can also come on Guduvanchery-Kottaimedu road.Can't load alternativesTry againCan also come on Guduvanchery-Kottaimedu road. All Tiruporur-Chengalpattu buses stop here.All Tiruporur-Chengalpattu buses stop here.Can't load alternativesTry againAll Tiruporur-Chengalpattu buses stop here."
14,3787,Acharaavakkam Temples,"As the old temple was completely ruined, the villagers of Acharavaka got together and built a new temple.As the old temple was completely ruined, the villagers of Acharavaka got together and built a new temple.Can't load alternativesTry againAs the old temple was completely ruined, the villagers of Acharavaka got together and built a new temple. Moolavar Sri Agastheeswarar.Moolavar Sri Agastheeswarar.Can't load alternativesTry againMoolavar Sri Agastheeswarar. Ambal Shri Anandhavalli.Ambal Shri Anandhavalli.Can't load alternativesTry againAmbal Shri Anandhavalli. East facing shrine.East facing shrine.Can't load alternativesTry againEast facing shrine. There are shrines of Dwara Ganapati and Murugan on the facade.There are shrines of Dwara Ganapati and Murugan on the facade.Can't load alternativesTry againThere are shrines of Dwara Ganapati and Murugan on the facade. The Nandi Mandapam is found in front of the Dwara shrine.The Nandi Mandapam is found in front of the Dwara shrine.Can't load alternativesTry againThe Nandi Mandapam is found in front of the Dwara shrine. There are sanctuaries of Chandikeswarar near Komugam and Navagragam at the north-east corner.There are sanctuaries of Chandikeswarar near Komugam and Navagragam at the north-east corner.Can't load alternativesTry againThere are sanctuaries of Chandikeswarar near Komugam and Navagragam at the north-east corner. Puja takes place for a while.Puja takes place for a while.Can't load alternativesTry againPuja takes place for a while. A temple pond is found nearby.A temple pond is found nearby.Can't load alternativesTry againA temple pond is found nearby. Contact Mr. Venkatesan- 9952304174, Mr. Selvakumar-9940216984, Ms. Sasikala-9840804196.Contact Mr. Venkatesan- 9952304174, Mr. Selvakumar-9940216984, Ms. Sasikala-9840804196.Can't load alternativesTry againContact Mr. Venkatesan- 9952304174, Mr. Selvakumar-9940216984, Ms. Sasikala-9840804196. Tiruporur is 9 km from here.Tiruporur is 9 km from here.Can't load alternativesTry againTiruporur is 9 km from here. Come to Sembakkam and visit this temple.Come to Sembakkam and visit this temple.Can't load alternativesTry againCome to Sembakkam and visit this temple. Buses come here from Chengalpattu, Velachery, Thiruvanmiyur.Buses come here from Chengalpattu, Velachery, Thiruvanmiyur.Can't load alternativesTry againBuses come here from Chengalpattu, Velachery, Thiruvanmiyur.
There is also an ancient Perumal temple in Acharavaka village.
There is also an ancient Perumal temple in Acharavaka village.Can't load alternativesTry again
There is also an ancient Perumal temple in Acharavaka village. Small temple.Small temple.Can't load alternativesTry againSmall temple. The Garudalwar shrine is seen outside the temple.The Garudalwar shrine is seen outside the temple.Can't load alternativesTry againThe Garudalwar shrine is seen outside the temple. In the sanctum sanctorum Sridevi Bhudevi Sametha Sri Karyamanika Perumal stood in the kolam.In the sanctum sanctorum Sridevi Bhudevi Sametha Sri Karyamanika Perumal stood in the kolam.Can't load alternativesTry againIn the sanctum sanctorum Sridevi Bhudevi Sametha Sri Karyamanika Perumal stood in the kolam. All seven forms of Alvars are present in the Maha Mandapam.All seven forms of Alvars are present in the Maha Mandapam.Can't load alternativesTry againAll seven forms of Alvars are present in the Maha Mandapam. Daily puja takes place.Daily puja takes place.Can't load alternativesTry againDaily puja takes place. It is said that the Shiva temple here and this temple were built at the same time.It is said that the Shiva temple here and this temple were built at the same time.Can't load alternativesTry againIt is said that the Shiva temple here and this temple were built at the same time."
15,3269,Madayathur Sivan Temple,"Swami Thirunamam- Sri MalleeswararSwami Thirunamam- Sri MalleeswararCan't load alternativesTry againSwami Thirunamam- Sri Malleeswarar
Ambal - Sri Manikavalli
Ambal - Sri ManikavalliCan't load alternativesTry again
Ambal - Sri Manikavalli
The stone temple built by the Pallava king Kripadavarman has been a mound of mud since long ago and disappeared in the flood of time.
The stone temple built by the Pallava king Kripadavarman has been a mound of mud since long ago and disappeared in the flood of time.Can't load alternativesTry again
The stone temple built by the Pallava king Kripadavarman has been a mound of mud since long ago and disappeared in the flood of time. The temple was built in the year 2004 by taking the Shiva Lingam, Chandikeswarar, and Nandi idols that were scattered here and there.The temple was built in the year 2004 by taking the Shiva Lingam, Chandikeswarar, and Nandi idols that were scattered here and there.Can't load alternativesTry againThe temple was built in the year 2004 by taking the Shiva Lingam, Chandikeswarar, and Nandi idols that were scattered here and there. With the blessings of Jagathguru Sri Jayendra Saraswati Swami, Mr. Chandrasekaran took great efforts and with the cooperation of the villagers, this work has been completed.With the blessings of Jagathguru Sri Jayendra Saraswati Swami, Mr. Chandrasekaran took great efforts and with the cooperation of the villagers, this work has been completed.Can't load alternativesTry againWith the blessings of Jagathguru Sri Jayendra Saraswati Swami, Mr. Chandrasekaran took great efforts and with the cooperation of the villagers, this work has been completed. There are Pancha Goshta shrines, Dwara Vinayaka, Murugan and Chandikeshwara shrines.There are Pancha Goshta shrines, Dwara Vinayaka, Murugan and Chandikeshwara shrines.Can't load alternativesTry againThere are Pancha Goshta shrines, Dwara Vinayaka, Murugan and Chandikeshwara shrines. Behind the temple there is a Siddhar Samadhi.Behind the temple there is a Siddhar Samadhi.Can't load alternativesTry againBehind the temple there is a Siddhar Samadhi. Pooja is regularly held here for a period of time.Pooja is regularly held here for a period of time.Can't load alternativesTry againPooja is regularly held here for a period of time. Neem is the main plant of the temple.Neem is the main plant of the temple.Can't load alternativesTry againNeem is the main plant of the temple. There is also Thirukulam.There is also Thirukulam.Can't load alternativesTry againThere is also Thirukulam.
Madadthur village, about 5 km on the Tiruporur- Chengalpattu road.
Madadthur village, about 5 km on the Tiruporur- Chengalpattu road.Can't load alternativesTry again
Madadthur village, about 5 km on the Tiruporur- Chengalpattu road. is far away.is far away.Can't load alternativesTry againis far away. Get down by bus at Madadthur Good Road and drive for about 1 km.Get down by bus at Madadthur Good Road and drive for about 1 km.Can't load alternativesTry againGet down by bus at Madadthur Good Road and drive for about 1 km. must gomust goCan't load alternativesTry againmust go Contact Mr Chandrasekaran- 9283736233Contact Mr Chandrasekaran- 9283736233Can't load alternativesTry againContact Mr Chandrasekaran- 9283736233"
16,2017,Thandalam Sivan Temple,"The old temple was completely destroyed and only Swami was standing by the pond.The old temple was completely destroyed and only Swami was standing by the pond.Can't load alternativesTry againThe old temple was completely destroyed and only Swami was standing by the pond. The villagers of Thandalam have gathered and built a small temple to worship.The villagers of Thandalam have gathered and built a small temple to worship.Can't load alternativesTry againThe villagers of Thandalam have gathered and built a small temple to worship. There are Ganesha and Murugan idols on both sides of the sanctum sanctorum door.There are Ganesha and Murugan idols on both sides of the sanctum sanctorum door.Can't load alternativesTry againThere are Ganesha and Murugan idols on both sides of the sanctum sanctorum door. An old Jeshta Devi idol is found under a heat tree nearby.An old Jeshta Devi idol is found under a heat tree nearby.Can't load alternativesTry againAn old Jeshta Devi idol is found under a heat tree nearby. Swami's name is Sri Maheshwaran Ambal Srimaheshwari.Swami's name is Sri Maheshwaran Ambal Srimaheshwari.Can't load alternativesTry againSwami's name is Sri Maheshwaran Ambal Srimaheshwari. Contact Mr. Radhakrishnan - 8754401805, Amsaveni-9790815110.Contact Mr. Radhakrishnan - 8754401805, Amsaveni-9790815110.Can't load alternativesTry againContact Mr. Radhakrishnan - 8754401805, Amsaveni-9790815110. Thiru Eyumalai- 9566267461. 3 KM on Tiruporur- Mamallapuram Road.Thiru Eyumalai- 9566267461. 3 KM on Tiruporur- Mamallapuram Road.Can't load alternativesTry againThiru Eyumalai- 9566267461. 3 KM on Tiruporur- Mamallapuram Road. This village is far away.This village is far away.Can't load alternativesTry againThis village is far away. City buses ply from Tambaram, Tirupporur, and Chennai.City buses ply from Tambaram, Tirupporur, and Chennai.Can't load alternativesTry againCity buses ply from Tambaram, Tirupporur, and Chennai.
Jeshta Devi
Jeshta DeviCan't load alternativesTry again
Jeshta Devi"
17,2060,Aalathur Sivan Temple,"On the road from Thiruporur to Mamallapuram, it is about 3 km.On the road from Thiruporur to Mamallapuram, it is about 3 km.Can't load alternativesTry againOn the road from Thiruporur to Mamallapuram, it is about 3 km. If you travel you can find this temple in Alatur village.If you travel you can find this temple in Alatur village.Can't load alternativesTry againIf you travel you can find this temple in Alatur village. A very old temple.A very old temple.Can't load alternativesTry againA very old temple. Flag tree, Rajagopuram, Goshta murthas were once there and now there is nothing.Flag tree, Rajagopuram, Goshta murthas were once there and now there is nothing.Can't load alternativesTry againFlag tree, Rajagopuram, Goshta murthas were once there and now there is nothing. Eason consecrated and worshiped by Mamakarishi Agasthya.Eason consecrated and worshiped by Mamakarishi Agasthya.Can't load alternativesTry againEason consecrated and worshiped by Mamakarishi Agasthya. So he got the name Sri Agastheeswarar.So he got the name Sri Agastheeswarar.Can't load alternativesTry againSo he got the name Sri Agastheeswarar. Ambal Sri Akilandeshwari.Ambal Sri Akilandeshwari.Can't load alternativesTry againAmbal Sri Akilandeshwari. Presently Dwara Ganapathi, Valli Devasena, Sametha Murugan, Sandikeswarar, and Bhairava.Presently Dwara Ganapathi, Valli Devasena, Sametha Murugan, Sandikeswarar, and Bhairava.Can't load alternativesTry againPresently Dwara Ganapathi, Valli Devasena, Sametha Murugan, Sandikeswarar, and Bhairava. Opposite is the temple pond.Opposite is the temple pond.Can't load alternativesTry againOpposite is the temple pond. There is a puja for a while.There is a puja for a while.Can't load alternativesTry againThere is a puja for a while. Contact Mr. Kathir Iyer-9444799023, Mr. Dayalan- 8124004808, Mr. Harendran-8680895761.Contact Mr. Kathir Iyer-9444799023, Mr. Dayalan- 8124004808, Mr. Harendran-8680895761.Can't load alternativesTry againContact Mr. Kathir Iyer-9444799023, Mr. Dayalan- 8124004808, Mr. Harendran-8680895761."
18,5597,Payyanur Temples,"Sri Ezhilarkuzali Ambal Sametha Sri Eteeswarar Temple, built by Vijayanandi Vikrama Pallavan in AD.Sri Ezhilarkuzali Ambal Sametha Sri Eteeswarar Temple, built by Vijayanandi Vikrama Pallavan in AD.Can't load alternativesTry againSri Ezhilarkuzali Ambal Sametha Sri Eteeswarar Temple, built by Vijayanandi Vikrama Pallavan in AD. Built in the year 773, it was completely destroyed in the floods and there were no pujas for many years, but it was rebuilt in 2011 and Kumbabhishekam was held.Built in the year 773, it was completely destroyed in the floods and there were no pujas for many years, but it was rebuilt in 2011 and Kumbabhishekam was held.Can't load alternativesTry againBuilt in the year 773, it was completely destroyed in the floods and there were no pujas for many years, but it was rebuilt in 2011 and Kumbabhishekam was held. Presently two pujas are held.Presently two pujas are held.Can't load alternativesTry againPresently two pujas are held. Annotated Nayanar from Thondai country has sung songs in praise of the Lord here.Annotated Nayanar from Thondai country has sung songs in praise of the Lord here.Can't load alternativesTry againAnnotated Nayanar from Thondai country has sung songs in praise of the Lord here. There are some indications that the Siddhas of Adhikatta worshiped Isaan here.There are some indications that the Siddhas of Adhikatta worshiped Isaan here.Can't load alternativesTry againThere are some indications that the Siddhas of Adhikatta worshiped Isaan here.
In this temple with flagpole and Nandi Mandapam, if you enter the Dwara Balars and enter, Sri Eteeswarar gives darshan to the east.
In this temple with flagpole and Nandi Mandapam, if you enter the Dwara Balars and enter, Sri Eteeswarar gives darshan to the east.Can't load alternativesTry again
In this temple with flagpole and Nandi Mandapam, if you enter the Dwara Balars and enter, Sri Eteeswarar gives darshan to the east. Ambal shrine facing south.Ambal shrine facing south.Can't load alternativesTry againAmbal shrine facing south. Along with the Pancha Goshta shrines there are shrines of Sri Agasthiyar, Sri Vallalar, Sri Bhairava and Sri Surya.Along with the Pancha Goshta shrines there are shrines of Sri Agasthiyar, Sri Vallalar, Sri Bhairava and Sri Surya.Can't load alternativesTry againAlong with the Pancha Goshta shrines there are shrines of Sri Agasthiyar, Sri Vallalar, Sri Bhairava and Sri Surya. A 2000-year-old Shiva lingam found while paving the pond is in a separate shrine.A 2000-year-old Shiva lingam found while paving the pond is in a separate shrine.Can't load alternativesTry againA 2000-year-old Shiva lingam found while paving the pond is in a separate shrine.
This temple is the best remedy for unsolved cases, marriage ban, child luck.
This temple is the best remedy for unsolved cases, marriage ban, child luck.Can't load alternativesTry again
This temple is the best remedy for unsolved cases, marriage ban, child luck.Contact Mr. Murthy- 99415 34893, Mr. Sundararaj-9566184387.Contact Mr. Murthy- 99415 34893, Mr. Sundararaj-9566184387.Can't load alternativesTry againContact Mr. Murthy- 99415 34893, Mr. Sundararaj-9566184387.
On the Chennai-Mamallapuram Omar road lies the village of Baiyanur.
On the Chennai-Mamallapuram Omar road lies the village of Baiyanur.Can't load alternativesTry again
On the Chennai-Mamallapuram Omar road lies the village of Baiyanur. From here Mamallapuram is 6 km.From here Mamallapuram is 6 km.Can't load alternativesTry againFrom here Mamallapuram is 6 km.
Bhayanur Eteeswarar Temple is located on the south bank of Thirukkulam and Karunakara Perumal Temple is on the north bank.
Bhayanur Eteeswarar Temple is located on the south bank of Thirukkulam and Karunakara Perumal Temple is on the north bank.Can't load alternativesTry again
Bhayanur Eteeswarar Temple is located on the south bank of Thirukkulam and Karunakara Perumal Temple is on the north bank. Both the temples were built at the same time. Completely stone temple.Both the temples were built at the same time. Completely stone temple.Can't load alternativesTry againBoth the temples were built at the same time. Completely stone temple. Sri Karunakara Perumal will present Sri Karunakara Perumal in the golam where Sridevi Bhudevi stood as Samedar, bearing the Prayoga Chakra, if you enter the temple where the flagpole stands with two prakaras.Sri Karunakara Perumal will present Sri Karunakara Perumal in the golam where Sridevi Bhudevi stood as Samedar, bearing the Prayoga Chakra, if you enter the temple where the flagpole stands with two prakaras.Can't load alternativesTry againSri Karunakara Perumal will present Sri Karunakara Perumal in the golam where Sridevi Bhudevi stood as Samedar, bearing the Prayoga Chakra, if you enter the temple where the flagpole stands with two prakaras. It is said that this Lord was lying in the pond for a long time, and Zameen came to him in a dream and ordered him to be worshiped in the temple.It is said that this Lord was lying in the pond for a long time, and Zameen came to him in a dream and ordered him to be worshiped in the temple.Can't load alternativesTry againIt is said that this Lord was lying in the pond for a long time, and Zameen came to him in a dream and ordered him to be worshiped in the temple.
Temple Timings 6 AM-12 PM, 4 PM-7.30 PM.
Temple Timings 6 AM-12 PM, 4 PM-7.30 PM.Can't load alternativesTry again
Temple Timings 6 AM-12 PM, 4 PM-7.30 PM. Contact Mr. Kannayadasan-9092270404,Contact Mr. Kannayadasan-9092270404,Can't load alternativesTry againContact Mr. Kannayadasan-9092270404,"
19,3287,Edarkundram Temples,"There are two ancient temples overlooking a small hilltop in a very peaceful setting.There are two ancient temples overlooking a small hilltop in a very peaceful setting.Can't load alternativesTry againThere are two ancient temples overlooking a small hilltop in a very peaceful setting. One is Shiva temple.One is Shiva temple.Can't load alternativesTry againOne is Shiva temple. The other is the Narasimha Perumal Temple.The other is the Narasimha Perumal Temple.Can't load alternativesTry againThe other is the Narasimha Perumal Temple. The Esan Thirunam here is Sri Thirumalai Ishwarar.The Esan Thirunam here is Sri Thirumalai Ishwarar.Can't load alternativesTry againThe Esan Thirunam here is Sri Thirumalai Ishwarar. Ambal Sri Sornambikai.Ambal Sri Sornambikai.Can't load alternativesTry againAmbal Sri Sornambikai. Eason gives a majestic view towards the east, surrounded by Goshta idols.Eason gives a majestic view towards the east, surrounded by Goshta idols.Can't load alternativesTry againEason gives a majestic view towards the east, surrounded by Goshta idols. A beautiful pond is found at the foot of the hill.A beautiful pond is found at the foot of the hill.Can't load alternativesTry againA beautiful pond is found at the foot of the hill. Daily puja takes place.Daily puja takes place.Can't load alternativesTry againDaily puja takes place.
Narasimha Temple is on another part of the hill near Shiva Temple.
Narasimha Temple is on another part of the hill near Shiva Temple.Can't load alternativesTry again
Narasimha Temple is on another part of the hill near Shiva Temple. Sri Narasimha Perumal graces the rock as Swami Swayambu.Sri Narasimha Perumal graces the rock as Swami Swayambu.Can't load alternativesTry againSri Narasimha Perumal graces the rock as Swami Swayambu. You have to squint to see the very elegant sculptural form.You have to squint to see the very elegant sculptural form.Can't load alternativesTry againYou have to squint to see the very elegant sculptural form. A must visit temple.A must visit temple.Can't load alternativesTry againA must visit temple. Pooja takes place here too.Pooja takes place here too.Can't load alternativesTry againPooja takes place here too.
It is said by the villagers that when they came to break stones here during the British rule, the crane broke down several times and left here.
It is said by the villagers that when they came to break stones here during the British rule, the crane broke down several times and left here.Can't load alternativesTry again
It is said by the villagers that when they came to break stones here during the British rule, the crane broke down several times and left here.
Ederkunram, 2 km from Kotamedu village on Tiruporur-Sengalpattu road.
Ederkunram, 2 km from Kotamedu village on Tiruporur-Sengalpattu road.Can't load alternativesTry again
Ederkunram, 2 km from Kotamedu village on Tiruporur-Sengalpattu road. is far away.is far away.Can't load alternativesTry againis far away. Contact Mr. Lokhu- 9095043658, Mr. Parthasarathy-9159129791, Mr. Venkataraman- 7639579700.Contact Mr. Lokhu- 9095043658, Mr. Parthasarathy-9159129791, Mr. Venkataraman- 7639579700.Can't load alternativesTry againContact Mr. Lokhu- 9095043658, Mr. Parthasarathy-9159129791, Mr. Venkataraman- 7639579700."
20,1511,Vengoor Temples,"The villagers of Vengur have taken the Shiva linga from the clearing and built a small shed to worship it.The villagers of Vengur have taken the Shiva linga from the clearing and built a small shed to worship it.Can't load alternativesTry againThe villagers of Vengur have taken the Shiva linga from the clearing and built a small shed to worship it. Swami's name is not known.Swami's name is not known.Can't load alternativesTry againSwami's name is not known. All the idols from the nearby Perumal temple have disappeared and new idols are being installed.All the idols from the nearby Perumal temple have disappeared and new idols are being installed.Can't load alternativesTry againAll the idols from the nearby Perumal temple have disappeared and new idols are being installed. The temple is currently under construction.The temple is currently under construction.Can't load alternativesTry againThe temple is currently under construction. Nearby is the temple Thirukulam.Nearby is the temple Thirukulam.Can't load alternativesTry againNearby is the temple Thirukulam. Contact Mr. Gopalakrishnan-9626576908, Mr. Mohan-93817 74283. You can reach here by buses going to Thiruporur-Sengalpattu, Kanchipuram.Contact Mr. Gopalakrishnan-9626576908, Mr. Mohan-93817 74283. You can reach here by buses going to Thiruporur-Sengalpattu, Kanchipuram.Can't load alternativesTry againContact Mr. Gopalakrishnan-9626576908, Mr. Mohan-93817 74283. You can reach here by buses going to Thiruporur-Sengalpattu, Kanchipuram."
21,5605,Anumanthapuram Temples,"It is history that when Shri Anjaneya was penance to Lord Shiva to get Shivadiksha in the beginning, Isa also willingly gave diksha with Sri Veerabhatra.It is history that when Shri Anjaneya was penance to Lord Shiva to get Shivadiksha in the beginning, Isa also willingly gave diksha with Sri Veerabhatra.Can't load alternativesTry againIt is history that when Shri Anjaneya was penance to Lord Shiva to get Shivadiksha in the beginning, Isa also willingly gave diksha with Sri Veerabhatra. History says that Anjaneya too was happy and stayed here after doing Shiva Puja.History says that Anjaneya too was happy and stayed here after doing Shiva Puja.Can't load alternativesTry againHistory says that Anjaneya too was happy and stayed here after doing Shiva Puja.
Now there is a small temple on top of the hill.
Now there is a small temple on top of the hill.Can't load alternativesTry again
Now there is a small temple on top of the hill. To reach here, take the Singaperumalkoil-Anumanthapuram road and take a small dirt road for 3 km that splits at a village called Darkas to reach the base of the hill.To reach here, take the Singaperumalkoil-Anumanthapuram road and take a small dirt road for 3 km that splits at a village called Darkas to reach the base of the hill.Can't load alternativesTry againTo reach here, take the Singaperumalkoil-Anumanthapuram road and take a small dirt road for 3 km that splits at a village called Darkas to reach the base of the hill. There is no right way to climb a mountain.There is no right way to climb a mountain.Can't load alternativesTry againThere is no right way to climb a mountain.
Anumanthapuram Sri Veerabhatra Temple
Anumanthapuram Sri Veerabhatra TempleCan't load alternativesTry again
Anumanthapuram Sri Veerabhatra Temple
Shree Veerabhatrar Swamy Temple, a feature of Sivabira, is about 9 kms near Singaperumal Temple.
Shree Veerabhatrar Swamy Temple, a feature of Sivabira, is about 9 kms near Singaperumal Temple.Can't load alternativesTry again
Shree Veerabhatrar Swamy Temple, a feature of Sivabira, is about 9 kms near Singaperumal Temple. Located far away.Located far away.Can't load alternativesTry againLocated far away. This very famous temple is about 3000 years old.This very famous temple is about 3000 years old.Can't load alternativesTry againThis very famous temple is about 3000 years old. After the Dakshan Samharam, Sri Veerapathiraswamy came here very angry and hungry. Mother Kali gave Swami sugarcane yams and mountain honey to satisfy his hunger.After the Dakshan Samharam, Sri Veerapathiraswamy came here very angry and hungry. Mother Kali gave Swami sugarcane yams and mountain honey to satisfy his hunger.Can't load alternativesTry againAfter the Dakshan Samharam, Sri Veerapathiraswamy came here very angry and hungry. Mother Kali gave Swami sugarcane yams and mountain honey to satisfy his hunger. As soon as Ambal folded the betel leaf, the hunger subsided and the anger subsided.As soon as Ambal folded the betel leaf, the hunger subsided and the anger subsided.Can't load alternativesTry againAs soon as Ambal folded the betel leaf, the hunger subsided and the anger subsided.
The source here is Sri Akoravirabhatra.
The source here is Sri Akoravirabhatra.Can't load alternativesTry again
The source here is Sri Akoravirabhatra. Ambal Sri Kalikampal.Ambal Sri Kalikampal.Can't load alternativesTry againAmbal Sri Kalikampal. Dakshinamurthy and Lingotpavar are the only ones in Koshta.Dakshinamurthy and Lingotpavar are the only ones in Koshta.Can't load alternativesTry againDakshinamurthy and Lingotpavar are the only ones in Koshta. Shree Durga shrine stands alone.Shree Durga shrine stands alone.Can't load alternativesTry againShree Durga shrine stands alone. There are shrines of Ganesha, Murugan, and Chandikeshwara in the prakaram.There are shrines of Ganesha, Murugan, and Chandikeshwara in the prakaram.Can't load alternativesTry againThere are shrines of Ganesha, Murugan, and Chandikeshwara in the prakaram.
place of remedy
place of remedyCan't load alternativesTry again
place of remedy
A place to get relief from evil and witchcraft.
A place to get relief from evil and witchcraft.Can't load alternativesTry again
A place to get relief from evil and witchcraft. Mars also acts as a dosha-reliever.Mars also acts as a dosha-reliever.Can't load alternativesTry againMars also acts as a dosha-reliever. After the evening puja, Shivacharya devotees put Swami Vibhuti on their heads and give prasad to them to remove all evils.After the evening puja, Shivacharya devotees put Swami Vibhuti on their heads and give prasad to them to remove all evils.Can't load alternativesTry againAfter the evening puja, Shivacharya devotees put Swami Vibhuti on their heads and give prasad to them to remove all evils. Garlanding of betel leaves here is very special.Garlanding of betel leaves here is very special.Can't load alternativesTry againGarlanding of betel leaves here is very special. Puja is held here twice.Puja is held here twice.Can't load alternativesTry againPuja is held here twice. 7.00 am to 12.00 pm on new moon and full moon days.7.00 am to 12.00 pm on new moon and full moon days.Can't load alternativesTry again7.00 am to 12.00 pm on new moon and full moon days.
For further details Mr. Sentikumar-94442 86077, Mr. Wigneswaran-9976567410, Mr. Duraisamy- 9443616894.
For further details Mr. Sentikumar-94442 86077, Mr. Wigneswaran-9976567410, Mr. Duraisamy- 9443616894.Can't load alternativesTry again
For further details Mr. Sentikumar-94442 86077, Mr. Wigneswaran-9976567410, Mr. Duraisamy- 9443616894."
22,2573,Siruthamur Sivan Temple,"Emperuman Easwaran has a temple in Sirutamur village along with mother Sri Anandhavalli Devi with the name of Bhootagriswarar.Emperuman Easwaran has a temple in Sirutamur village along with mother Sri Anandhavalli Devi with the name of Bhootagriswarar.Can't load alternativesTry againEmperuman Easwaran has a temple in Sirutamur village along with mother Sri Anandhavalli Devi with the name of Bhootagriswarar. Iswaran is presented in white color on a square shaped pedestal.Iswaran is presented in white color on a square shaped pedestal.Can't load alternativesTry againIswaran is presented in white color on a square shaped pedestal. Villagers are building a bigger temple while the old temple is dilapidated.Villagers are building a bigger temple while the old temple is dilapidated.Can't load alternativesTry againVillagers are building a bigger temple while the old temple is dilapidated. The palalayam is done and the temple is nearing completion.The palalayam is done and the temple is nearing completion.Can't load alternativesTry againThe palalayam is done and the temple is nearing completion. Lord Nandi here has his head turned to the left which is not seen anywhere else.Lord Nandi here has his head turned to the left which is not seen anywhere else.Can't load alternativesTry againLord Nandi here has his head turned to the left which is not seen anywhere else. Vinayagar, Valli Devasena Sametha Murugan, Sandikeswarar, Ambal, Patti Lingam and Nandi are ancient deities.Vinayagar, Valli Devasena Sametha Murugan, Sandikeswarar, Ambal, Patti Lingam and Nandi are ancient deities.Can't load alternativesTry againVinayagar, Valli Devasena Sametha Murugan, Sandikeswarar, Ambal, Patti Lingam and Nandi are ancient deities. Elephant vehicle to Murugan here.Elephant vehicle to Murugan here.Can't load alternativesTry againElephant vehicle to Murugan here. Pooja is held regularly.Pooja is held regularly.Can't load alternativesTry againPooja is held regularly. Contact Mr. Jayachandran-9840518826, Mr. Nagarajan- 9382292689, Mr. Vijayan-9444880118. This place is 6 km from Tirupporur.Contact Mr. Jayachandran-9840518826, Mr. Nagarajan- 9382292689, Mr. Vijayan-9444880118. This place is 6 km from Tirupporur.Can't load alternativesTry againContact Mr. Jayachandran-9840518826, Mr. Nagarajan- 9382292689, Mr. Vijayan-9444880118. This place is 6 km from Tirupporur. Buses come here from Tiruporur, Chengalpattu, Koyambedu.Buses come here from Tiruporur, Chengalpattu, Koyambedu.Can't load alternativesTry againBuses come here from Tiruporur, Chengalpattu, Koyambedu."
23,3082,Kattoor Sivan Temple,"Author Sri Vaidyanath (Swayambu)Author Sri Vaidyanath (Swayambu)Can't load alternativesTry againAuthor Sri Vaidyanath (Swayambu)
Ambal Sri Taiyalanaiki
Ambal Sri TaiyalanaikiCan't load alternativesTry again
Ambal Sri Taiyalanaiki
Other shrines are Goshta Murthys,Nalvar,Vinayak Sekijar,Kashi Vishwanath Visalakshi Murugan,Gaja Lakshmi,Ankarakan,Navagragam.
Other shrines are Goshta Murthys,Nalvar,Vinayak Sekijar,Kashi Vishwanath Visalakshi Murugan,Gaja Lakshmi,Ankarakan,Navagragam.Can't load alternativesTry again
Other shrines are Goshta Murthys,Nalvar,Vinayak Sekijar,Kashi Vishwanath Visalakshi Murugan,Gaja Lakshmi,Ankarakan,Navagragam.
This place is known as Vadavaitheeswaram.
This place is known as Vadavaitheeswaram.Can't load alternativesTry again
This place is known as Vadavaitheeswaram. History says that Sage Sri Agastya worshiped Isaan and removed the bonds of people.History says that Sage Sri Agastya worshiped Isaan and removed the bonds of people.Can't load alternativesTry againHistory says that Sage Sri Agastya worshiped Isaan and removed the bonds of people. The Sivaganga Theertha here was made by Agathiya.The Sivaganga Theertha here was made by Agathiya.Can't load alternativesTry againThe Sivaganga Theertha here was made by Agathiya. Panguni was happy to see Shivashakti Thirukalyanam here on Uttaram.Panguni was happy to see Shivashakti Thirukalyanam here on Uttaram.Can't load alternativesTry againPanguni was happy to see Shivashakti Thirukalyanam here on Uttaram. There is a separate shrine for Ankarakan here.There is a separate shrine for Ankarakan here.Can't load alternativesTry againThere is a separate shrine for Ankarakan here.
In the nearby village of Vembedu, it is customary to visit Bhairava on the top of the hill and then visit Uthra Vaideeswara Swamy.
In the nearby village of Vembedu, it is customary to visit Bhairava on the top of the hill and then visit Uthra Vaideeswara Swamy.Can't load alternativesTry again
In the nearby village of Vembedu, it is customary to visit Bhairava on the top of the hill and then visit Uthra Vaideeswara Swamy.
Mars is the place to get rid of dosha and cure all kinds of ailments.
Mars is the place to get rid of dosha and cure all kinds of ailments.Can't load alternativesTry again
Mars is the place to get rid of dosha and cure all kinds of ailments.
Temple Timings 6 am - 11 pm 4.30 pm - 8.00 pm
Temple Timings 6 am - 11 pm 4.30 pm - 8.00 pmCan't load alternativesTry again
Temple Timings 6 am - 11 pm 4.30 pm - 8.00 pm
Contact Mr. Punniakodi-9884364272, Mr. Arivarasan- 7550352490, Mr. Natarasan-9445366044.
Contact Mr. Punniakodi-9884364272, Mr. Arivarasan- 7550352490, Mr. Natarasan-9445366044.Can't load alternativesTry again
Contact Mr. Punniakodi-9884364272, Mr. Arivarasan- 7550352490, Mr. Natarasan-9445366044. This temple is on Tiruporur Mambakkam road.This temple is on Tiruporur Mambakkam road.Can't load alternativesTry againThis temple is on Tiruporur Mambakkam road. Tiruporur is 6 km from here.Tiruporur is 6 km from here.Can't load alternativesTry againTiruporur is 6 km from here."
24,3209,Amoor Temples,"It is about 8 km on the road from Thiruporur to Thirukkalukkunram.It is about 8 km on the road from Thiruporur to Thirukkalukkunram.Can't load alternativesTry againIt is about 8 km on the road from Thiruporur to Thirukkalukkunram. Sri Tripura Sundari Sametha Sri Aayyaar Wodeyar Temple is located in the remote village of Amur.Sri Tripura Sundari Sametha Sri Aayyaar Wodeyar Temple is located in the remote village of Amur.Can't load alternativesTry againSri Tripura Sundari Sametha Sri Aayyaar Wodeyar Temple is located in the remote village of Amur. This ancient temple was built entirely of stones.This ancient temple was built entirely of stones.Can't load alternativesTry againThis ancient temple was built entirely of stones. Moolavar Thirumeni is made of white stone.Moolavar Thirumeni is made of white stone.Can't load alternativesTry againMoolavar Thirumeni is made of white stone. Other shrines are of Ganesha, Murugan, Brahma, Surya, Bhairava, and Jeshta Devi.Other shrines are of Ganesha, Murugan, Brahma, Surya, Bhairava, and Jeshta Devi.Can't load alternativesTry againOther shrines are of Ganesha, Murugan, Brahma, Surya, Bhairava, and Jeshta Devi. Puja takes place for a while.Puja takes place for a while.Can't load alternativesTry againPuja takes place for a while. The temple is currently under renovation.The temple is currently under renovation.Can't load alternativesTry againThe temple is currently under renovation. Contact Mr. Radha Krishnan- 9840228023, Mr. Jayaraman-9841833452, Mr. Pandian-9444364903.Contact Mr. Radha Krishnan- 9840228023, Mr. Jayaraman-9841833452, Mr. Pandian-9444364903.Can't load alternativesTry againContact Mr. Radha Krishnan- 9840228023, Mr. Jayaraman-9841833452, Mr. Pandian-9444364903. Buses ply here from Tiruporur, and Tambaram.Buses ply here from Tiruporur, and Tambaram.Can't load alternativesTry againBuses ply here from Tiruporur, and Tambaram. The temple is near Thirukkulam.The temple is near Thirukkulam.Can't load alternativesTry againThe temple is near Thirukkulam. A head tree.A head tree.Can't load alternativesTry againA head tree. 
Sri Vaikunda Perumal has a temple in Amur village as Sridevi Bhudevi Samethar.
Sri Vaikunda Perumal has a temple in Amur village as Sridevi Bhudevi Samethar.Can't load alternativesTry again
Sri Vaikunda Perumal has a temple in Amur village as Sridevi Bhudevi Samethar. Sri Garudazhwar shrine is in separate hall opposite to Perumal shrine.Sri Garudazhwar shrine is in separate hall opposite to Perumal shrine.Can't load alternativesTry againSri Garudazhwar shrine is in separate hall opposite to Perumal shrine. The temple is in a state of repair.The temple is in a state of repair.Can't load alternativesTry againThe temple is in a state of repair. No daily pujas are performed here.No daily pujas are performed here.Can't load alternativesTry againNo daily pujas are performed here. Contact Mr. Radhakrishnan-9840228023, Mr. Jayaraman-98418 33452 Mr.Contact Mr. Radhakrishnan-9840228023, Mr. Jayaraman-98418 33452 Mr.Can't load alternativesTry againContact Mr. Radhakrishnan-9840228023, Mr. Jayaraman-98418 33452 Mr. Pandian-9444364903.Pandian-9444364903.Can't load alternativesTry againPandian-9444364903."
25,1956,Agaram Temples,"The ancient Shiva Temple and Perumal Temple are located in Akaram village on Tiruporur Tirukkalukkunram road.The ancient Shiva Temple and Perumal Temple are located in Akaram village on Tiruporur Tirukkalukkunram road.Can't load alternativesTry againThe ancient Shiva Temple and Perumal Temple are located in Akaram village on Tiruporur Tirukkalukkunram road.The Shivalayam, which is a stone temple, is founded by Sri Kailasanathar.The Shivalayam, which is a stone temple, is founded by Sri Kailasanathar.Can't load alternativesTry againThe Shivalayam, which is a stone temple, is founded by Sri Kailasanathar. Ambal Thirunamam Sri Akhilandeshwari.Ambal Thirunamam Sri Akhilandeshwari.Can't load alternativesTry againAmbal Thirunamam Sri Akhilandeshwari. Along with Pancha Goshta shrines there are shrines of Vinayaka, Subramaniyar, Bhairava, Nalvar etc.Along with Pancha Goshta shrines there are shrines of Vinayaka, Subramaniyar, Bhairava, Nalvar etc.Can't load alternativesTry againAlong with Pancha Goshta shrines there are shrines of Vinayaka, Subramaniyar, Bhairava, Nalvar etc. Sometimes a pooja takes place.Sometimes a pooja takes place.Can't load alternativesTry againSometimes a pooja takes place. The temple also has a Thirukkulam.The temple also has a Thirukkulam.Can't load alternativesTry againThe temple also has a Thirukkulam. Contact Mr. Ayyappan- 9940872125, Mr. Shanmugam-9677695375.Contact Mr. Ayyappan- 9940872125, Mr. Shanmugam-9677695375.Can't load alternativesTry againContact Mr. Ayyappan- 9940872125, Mr. Shanmugam-9677695375.
The Perumal here is Sri Vaikundavasa Perumal.
The Perumal here is Sri Vaikundavasa Perumal.Can't load alternativesTry again
The Perumal here is Sri Vaikundavasa Perumal. There are no pujas here.There are no pujas here.Can't load alternativesTry againThere are no pujas here. The temple is in need of repair.The temple is in need of repair.Can't load alternativesTry againThe temple is in need of repair."
26,1538,Arunkundram Perumal Temple,"The very old temple is now newly constructed.The very old temple is now newly constructed.Can't load alternativesTry againThe very old temple is now newly constructed. Sri Lakshminarayana Perumal is depicted in a kolam sitting with mother Sri Lakshmi Devi on her lap.Sri Lakshminarayana Perumal is depicted in a kolam sitting with mother Sri Lakshmi Devi on her lap.Can't load alternativesTry againSri Lakshminarayana Perumal is depicted in a kolam sitting with mother Sri Lakshmi Devi on her lap. There is a separate temple for Sri Anjaneya nearby.There is a separate temple for Sri Anjaneya nearby.Can't load alternativesTry againThere is a separate temple for Sri Anjaneya nearby. Sometimes a pooja takes place.Sometimes a pooja takes place.Can't load alternativesTry againSometimes a pooja takes place. Contact Mr. Perumal-6380548907, Mr. Paranthaman-638399912, Mr. Shanmugasundaram-99527 84431 Tiruporur - Arungunram about 13 km.Contact Mr. Perumal-6380548907, Mr. Paranthaman-638399912, Mr. Shanmugasundaram-99527 84431 Tiruporur - Arungunram about 13 km.Can't load alternativesTry againContact Mr. Perumal-6380548907, Mr. Paranthaman-638399912, Mr. Shanmugasundaram-99527 84431 Tiruporur - Arungunram about 13 km. Bus facility Koyambedu-Thirukalukkunram, Tiruporur-Thirukalukkunram, Tambaram-Thirukalukkunram.Bus facility Koyambedu-Thirukalukkunram, Tiruporur-Thirukalukkunram, Tambaram-Thirukalukkunram.Can't load alternativesTry againBus facility Koyambedu-Thirukalukkunram, Tiruporur-Thirukalukkunram, Tambaram-Thirukalukkunram."
27,2707,Thirunilai Periyandavar Temple,"It is about 7 km from Thirukkalugunram.It is about 7 km from Thirukkalugunram.Can't load alternativesTry againIt is about 7 km from Thirukkalugunram. The Sri Periyandavar temple in the remote village of Thiruvanthi is very famous.The Sri Periyandavar temple in the remote village of Thiruvanthi is very famous.Can't load alternativesTry againThe Sri Periyandavar temple in the remote village of Thiruvanthi is very famous. Shiva and Goddess Parvati in the form of Sri Periyandavara and Sri Angala Parameshwari are still seen in the very old temple.Shiva and Goddess Parvati in the form of Sri Periyandavara and Sri Angala Parameshwari are still seen in the very old temple.Can't load alternativesTry againShiva and Goddess Parvati in the form of Sri Periyandavara and Sri Angala Parameshwari are still seen in the very old temple. The 32 Shiva Ganas who came to earth with Lord Shiva have a temple here.The 32 Shiva Ganas who came to earth with Lord Shiva have a temple here.Can't load alternativesTry againThe 32 Shiva Ganas who came to earth with Lord Shiva have a temple here. Tirupadam, where Lord Shiva was enshrined, is found here.Tirupadam, where Lord Shiva was enshrined, is found here.Can't load alternativesTry againTirupadam, where Lord Shiva was enshrined, is found here. Sri Periyandavar, who is Swayambu, does not have a roof.Sri Periyandavar, who is Swayambu, does not have a roof.Can't load alternativesTry againSri Periyandavar, who is Swayambu, does not have a roof. Shree Angalaparameshwari and Shree Thiruthana Nayaki shrines are nearby.Shree Angalaparameshwari and Shree Thiruthana Nayaki shrines are nearby.Can't load alternativesTry againShree Angalaparameshwari and Shree Thiruthana Nayaki shrines are nearby. Other shrines are Vinayagar, Murugan, Pattinathar, Vallalar, Tirumool, Vibhuti Vinayagar.Other shrines are Vinayagar, Murugan, Pattinathar, Vallalar, Tirumool, Vibhuti Vinayagar.Can't load alternativesTry againOther shrines are Vinayagar, Murugan, Pattinathar, Vallalar, Tirumool, Vibhuti Vinayagar. The temple pond is nearby with the name Chidhamirtha Pond.The temple pond is nearby with the name Chidhamirtha Pond.Can't load alternativesTry againThe temple pond is nearby with the name Chidhamirtha Pond.The temple head tree is Rudracha tree.The temple head tree is Rudracha tree.Can't load alternativesTry againThe temple head tree is Rudracha tree. Temple timings are 7 AM to 7 PM.Temple timings are 7 AM to 7 PM.Can't load alternativesTry againTemple timings are 7 AM to 7 PM. Contact Mr. Ekasivan-9842740957, Mr. Raju-8110936920.Contact Mr. Ekasivan-9842740957, Mr. Raju-8110936920.Can't load alternativesTry againContact Mr. Ekasivan-9842740957, Mr. Raju-8110936920."
28,1805,Periyavippedu Sivan Temple,"Villagers of Periya Vippedu have taken the Shiv Lingam which has been lying unattended in the open for a long time and built a small shed in 2014 to worship it.Villagers of Periya Vippedu have taken the Shiv Lingam which has been lying unattended in the open for a long time and built a small shed in 2014 to worship it.Can't load alternativesTry againVillagers of Periya Vippedu have taken the Shiv Lingam which has been lying unattended in the open for a long time and built a small shed in 2014 to worship it. Kochenga Nayanar Siva Venkatesan, who has been doing the work of constructing sheds for many temples, has also done the work here.Kochenga Nayanar Siva Venkatesan, who has been doing the work of constructing sheds for many temples, has also done the work here.Can't load alternativesTry againKochenga Nayanar Siva Venkatesan, who has been doing the work of constructing sheds for many temples, has also done the work here. Daily puja is held here.Daily puja is held here.Can't load alternativesTry againDaily puja is held here. Contact Mr. Narayana Murthy-9994141086, Mr. Kubendran-9445373669.Contact Mr. Narayana Murthy-9994141086, Mr. Kubendran-9445373669.Can't load alternativesTry againContact Mr. Narayana Murthy-9994141086, Mr. Kubendran-9445373669. This village is 7 km from Thirukkalugunram.This village is 7 km from Thirukkalugunram.Can't load alternativesTry againThis village is 7 km from Thirukkalugunram. The temple also has a shrine.The temple also has a shrine.Can't load alternativesTry againThe temple also has a shrine. Buses that come here are Chengalpattu-Otteri (75) Thirukhakukunram-Otteri.Buses that come here are Chengalpattu-Otteri (75) Thirukhakukunram-Otteri.Can't load alternativesTry againBuses that come here are Chengalpattu-Otteri (75) Thirukhakukunram-Otteri."
29,4564,Sirukundram Temples,"It is said that there were once seven temples in the village which was originally called Sivakunram and now known as Sirukunram.It is said that there were once seven temples in the village which was originally called Sivakunram and now known as Sirukunram.Can't load alternativesTry againIt is said that there were once seven temples in the village which was originally called Sivakunram and now known as Sirukunram. In the absence of all of them, only the Sri Valmikeeshwarar Shiva Temple remains.In the absence of all of them, only the Sri Valmikeeshwarar Shiva Temple remains.Can't load alternativesTry againIn the absence of all of them, only the Sri Valmikeeshwarar Shiva Temple remains. Sage Shri Valmiki worshiped the Lord with this name.Sage Shri Valmiki worshiped the Lord with this name.Can't load alternativesTry againSage Shri Valmiki worshiped the Lord with this name. Ambal Tirunamam Shri Ketara Gauri.Ambal Tirunamam Shri Ketara Gauri.Can't load alternativesTry againAmbal Tirunamam Shri Ketara Gauri. The sage has consecrated seven Shiva Lingams in this temple.The sage has consecrated seven Shiva Lingams in this temple.Can't load alternativesTry againThe sage has consecrated seven Shiva Lingams in this temple. Currently only four are found.Currently only four are found.Can't load alternativesTry againCurrently only four are found. If you visit Nandi Devar with a smiling face and go inside, Vinayaka and Valli Devasena Sametha Murugan will appear in the Mahamandapam.If you visit Nandi Devar with a smiling face and go inside, Vinayaka and Valli Devasena Sametha Murugan will appear in the Mahamandapam.Can't load alternativesTry againIf you visit Nandi Devar with a smiling face and go inside, Vinayaka and Valli Devasena Sametha Murugan will appear in the Mahamandapam. The temple is located in the Pancha Koshta and has Saneeswarar in the Ambal Koshta.The temple is located in the Pancha Koshta and has Saneeswarar in the Ambal Koshta.Can't load alternativesTry againThe temple is located in the Pancha Koshta and has Saneeswarar in the Ambal Koshta. Sometimes a pooja takes place.Sometimes a pooja takes place.Can't load alternativesTry againSometimes a pooja takes place. Contact Mr. Ekambara Shivacharya-9176867741, Mr. Vijaya Pillai-9908806716.Contact Mr. Ekambara Shivacharya-9176867741, Mr. Vijaya Pillai-9908806716.Can't load alternativesTry againContact Mr. Ekambara Shivacharya-9176867741, Mr. Vijaya Pillai-9908806716. Buses come here from Tambaram and Chengalpattu.Buses come here from Tambaram and Chengalpattu.Can't load alternativesTry againBuses come here from Tambaram and Chengalpattu.
This temple serves as a place of reparation for childbirth, marriage and Ketara Gauri fast.
This temple serves as a place of reparation for childbirth, marriage and Ketara Gauri fast.Can't load alternativesTry again
This temple serves as a place of reparation for childbirth, marriage and Ketara Gauri fast. This Thalathu Eason is blessed mainly for curing cancer.This Thalathu Eason is blessed mainly for curing cancer.Can't load alternativesTry againThis Thalathu Eason is blessed mainly for curing cancer. 
Sri Lakshminaranaya Perumal also has a temple next to the Shiva temple in Sirukunram village.
Sri Lakshminaranaya Perumal also has a temple next to the Shiva temple in Sirukunram village.Can't load alternativesTry again
Sri Lakshminaranaya Perumal also has a temple next to the Shiva temple in Sirukunram village. Both the temples were built at the same time.Both the temples were built at the same time.Can't load alternativesTry againBoth the temples were built at the same time. He is seen as Sri Lakshminarayana holding Goddess Sri Lakshmi on his lap.He is seen as Sri Lakshminarayana holding Goddess Sri Lakshmi on his lap.Can't load alternativesTry againHe is seen as Sri Lakshminarayana holding Goddess Sri Lakshmi on his lap. There are sanctuaries of Wodeavar, Tirumangai Alwar, Nammalwar, Vishwaksenaar and Garudalwar.There are sanctuaries of Wodeavar, Tirumangai Alwar, Nammalwar, Vishwaksenaar and Garudalwar.Can't load alternativesTry againThere are sanctuaries of Wodeavar, Tirumangai Alwar, Nammalwar, Vishwaksenaar and Garudalwar. Sometimes a pooja takes place.Sometimes a pooja takes place.Can't load alternativesTry againSometimes a pooja takes place. Contact Mr. Ekambara Shivacharya -9176867741, Mr. Vijayapillai -9908806716.Contact Mr. Ekambara Shivacharya -9176867741, Mr. Vijayapillai -9908806716.Can't load alternativesTry againContact Mr. Ekambara Shivacharya -9176867741, Mr. Vijayapillai -9908806716."
30,5529,Melaiyur Temples,"On Chengalpattu Tiruporur Road, reach Vangur and drive west for about 4 km.On Chengalpattu Tiruporur Road, reach Vangur and drive west for about 4 km.Can't load alternativesTry againOn Chengalpattu Tiruporur Road, reach Vangur and drive west for about 4 km. If you go to Melayur village.If you go to Melayur village.Can't load alternativesTry againIf you go to Melayur village. Many deities found on earth are on display in the newly constructed temple today.Many deities found on earth are on display in the newly constructed temple today.Can't load alternativesTry againMany deities found on earth are on display in the newly constructed temple today. Lord Shiva is displayed as Swayambu murthi in the form of linga with the name Sri Nagaparaneeswarar.Lord Shiva is displayed as Swayambu murthi in the form of linga with the name Sri Nagaparaneeswarar.Can't load alternativesTry againLord Shiva is displayed as Swayambu murthi in the form of linga with the name Sri Nagaparaneeswarar. Ambal Thirunam Sri Periyanayake.Ambal Thirunam Sri Periyanayake.Can't load alternativesTry againAmbal Thirunam Sri Periyanayake. Near the Swami sanctum sanctorum is the Sri Visalakshi Sametha Sri Kashi Viswanadha shrine.Near the Swami sanctum sanctorum is the Sri Visalakshi Sametha Sri Kashi Viswanadha shrine.Can't load alternativesTry againNear the Swami sanctum sanctorum is the Sri Visalakshi Sametha Sri Kashi Viswanadha shrine. Other shrines are Vinayagar, Subramaniyar, Ayyappan, Lakshmi, Chitragupta, Brahma Saraswati, Agasthiyar, Lalithambigai, Tripurasundari, Bhairava, Dattatreya Sarabeswarar.Other shrines are Vinayagar, Subramaniyar, Ayyappan, Lakshmi, Chitragupta, Brahma Saraswati, Agasthiyar, Lalithambigai, Tripurasundari, Bhairava, Dattatreya Sarabeswarar.Can't load alternativesTry againOther shrines are Vinayagar, Subramaniyar, Ayyappan, Lakshmi, Chitragupta, Brahma Saraswati, Agasthiyar, Lalithambigai, Tripurasundari, Bhairava, Dattatreya Sarabeswarar. Thirukulam temple is seen at the back.Thirukulam temple is seen at the back.Can't load alternativesTry againThirukulam temple is seen at the back.This temple which includes Raja Gopuram, Flag Tree and Vasantha Mandapam is the best healing place.This temple which includes Raja Gopuram, Flag Tree and Vasantha Mandapam is the best healing place.Can't load alternativesTry againThis temple which includes Raja Gopuram, Flag Tree and Vasantha Mandapam is the best healing place.Eason, who stays here, blesses child birth, cure of incurable diseases, and removal of marriage obstacles.Eason, who stays here, blesses child birth, cure of incurable diseases, and removal of marriage obstacles.Can't load alternativesTry againEason, who stays here, blesses child birth, cure of incurable diseases, and removal of marriage obstacles.
Sridevi Bhudevi Sametha Sri Varadaraja Perumal temple is located in this temple complex.
Sridevi Bhudevi Sametha Sri Varadaraja Perumal temple is located in this temple complex.Can't load alternativesTry again
Sridevi Bhudevi Sametha Sri Varadaraja Perumal temple is located in this temple complex. There are shrines of Garuda, Rukmini Satyabama Sametha Krishna and Anjaneya.There are shrines of Garuda, Rukmini Satyabama Sametha Krishna and Anjaneya.Can't load alternativesTry againThere are shrines of Garuda, Rukmini Satyabama Sametha Krishna and Anjaneya. Temple timings are 6 AM to 8 PM.Temple timings are 6 AM to 8 PM.Can't load alternativesTry againTemple timings are 6 AM to 8 PM. Contact Mr. Vasudevan- 94980 36642, Mr. Shankar-9790653618, Ms. Maheshwari-9094734948.Contact Mr. Vasudevan- 94980 36642, Mr. Shankar-9790653618, Ms. Maheshwari-9094734948.Can't load alternativesTry againContact Mr. Vasudevan- 94980 36642, Mr. Shankar-9790653618, Ms. Maheshwari-9094734948. Bus Tambaram - Karumbakkam.Bus Tambaram - Karumbakkam.Can't load alternativesTry againBus Tambaram - Karumbakkam.
Sri Venkatarama Swami's Jeeva Samathi
Sri Venkatarama Swami's Jeeva SamathiCan't load alternativesTry again
Sri Venkatarama Swami's Jeeva Samathi
Sri Venkatarama Swami's Jeeva Samadhi is located near the Shiva Vishnu Temple Raja Gopuram.
Sri Venkatarama Swami's Jeeva Samadhi is located near the Shiva Vishnu Temple Raja Gopuram.Can't load alternativesTry again
Sri Venkatarama Swami's Jeeva Samadhi is located near the Shiva Vishnu Temple Raja Gopuram. Swami used to stay at the Vadapalani temple gate in Chennai until recently.Swami used to stay at the Vadapalani temple gate in Chennai until recently.Can't load alternativesTry againSwami used to stay at the Vadapalani temple gate in Chennai until recently. He performed many miracles and blessed the devotees.He performed many miracles and blessed the devotees.Can't load alternativesTry againHe performed many miracles and blessed the devotees. In the year 2007, the Swami removed his Buddha body and resides here as Atma Sarupam.In the year 2007, the Swami removed his Buddha body and resides here as Atma Sarupam.Can't load alternativesTry againIn the year 2007, the Swami removed his Buddha body and resides here as Atma Sarupam. Sri Paranjothi Baba, who lived in Vadapalani during Annarat period, also attained Siddhi and his Jeeva Samadhi is located near Sriperumbudur.Sri Paranjothi Baba, who lived in Vadapalani during Annarat period, also attained Siddhi and his Jeeva Samadhi is located near Sriperumbudur.Can't load alternativesTry againSri Paranjothi Baba, who lived in Vadapalani during Annarat period, also attained Siddhi and his Jeeva Samadhi is located near Sriperumbudur."
31,3674,Kondanki Sivaan Temple,"5 kms near Kuduvancheri.5 kms near Kuduvancheri.Can't load alternativesTry again5 kms near Kuduvancheri. A very old temple is situated in a village called Kondangi on the road to Kottamedu.A very old temple is situated in a village called Kondangi on the road to Kottamedu.Can't load alternativesTry againA very old temple is situated in a village called Kondangi on the road to Kottamedu. Lord Thirunam Sri Jagatheeswarar.. Ambal Sri Tripurasundari.Lord Thirunam Sri Jagatheeswarar.. Ambal Sri Tripurasundari.Can't load alternativesTry againLord Thirunam Sri Jagatheeswarar.. Ambal Sri Tripurasundari. The temple remained in ruins till recently without any worship or maintenance.The temple remained in ruins till recently without any worship or maintenance.Can't load alternativesTry againThe temple remained in ruins till recently without any worship or maintenance. In the year 2002, the people of the village got together and started performing pujas.In the year 2002, the people of the village got together and started performing pujas.Can't load alternativesTry againIn the year 2002, the people of the village got together and started performing pujas. On the second day after the puja began, idols of Nataraja, Shivagami and Murugan were found underground under the temple Artha Mandapam.On the second day after the puja began, idols of Nataraja, Shivagami and Murugan were found underground under the temple Artha Mandapam.Can't load alternativesTry againOn the second day after the puja began, idols of Nataraja, Shivagami and Murugan were found underground under the temple Artha Mandapam. The temple is well established and worships are now taking place.The temple is well established and worships are now taking place.Can't load alternativesTry againThe temple is well established and worships are now taking place. It is also said that Eason, blessed by the Pandya king Pitku Mansumandu, is known as Thirukuleeswarar.It is also said that Eason, blessed by the Pandya king Pitku Mansumandu, is known as Thirukuleeswarar.Can't load alternativesTry againIt is also said that Eason, blessed by the Pandya king Pitku Mansumandu, is known as Thirukuleeswarar. During the time of Chola kings and Vijayanagara kings, repairs were done and now by Kanchi Sri Jayendra Swamy, the Pratimeshtikai was established in the sanctum sanctorum in 2002 and the repairs were done well.During the time of Chola kings and Vijayanagara kings, repairs were done and now by Kanchi Sri Jayendra Swamy, the Pratimeshtikai was established in the sanctum sanctorum in 2002 and the repairs were done well.Can't load alternativesTry againDuring the time of Chola kings and Vijayanagara kings, repairs were done and now by Kanchi Sri Jayendra Swamy, the Pratimeshtikai was established in the sanctum sanctorum in 2002 and the repairs were done well. The Perumal idol found in the temple Thirukkulam is also consecrated here.The Perumal idol found in the temple Thirukkulam is also consecrated here.Can't load alternativesTry againThe Perumal idol found in the temple Thirukkulam is also consecrated here. Daily one time puja, and all the Shivalaya utsavams are going on.Daily one time puja, and all the Shivalaya utsavams are going on.Can't load alternativesTry againDaily one time puja, and all the Shivalaya utsavams are going on. Contact Mr. Vasudevan-9498036642, Mr. Balu Nayakar-9176713580.Contact Mr. Vasudevan-9498036642, Mr. Balu Nayakar-9176713580.Can't load alternativesTry againContact Mr. Vasudevan-9498036642, Mr. Balu Nayakar-9176713580. Bus facility Kuduvancheri-Kottamedu.Bus facility Kuduvancheri-Kottamedu.Can't load alternativesTry againBus facility Kuduvancheri-Kottamedu."
32,4272,Nellikuppam Temples,"About 12 km on the Kuduvanchery-Kottamedu road.About 12 km on the Kuduvanchery-Kottamedu road.Can't load alternativesTry againAbout 12 km on the Kuduvanchery-Kottamedu road. An ancient Shiva temple and a Perumal temple exist in the distant Nellikuppam village.An ancient Shiva temple and a Perumal temple exist in the distant Nellikuppam village.Can't load alternativesTry againAn ancient Shiva temple and a Perumal temple exist in the distant Nellikuppam village. The Shiva temple is currently located in a small shed facing east.The Shiva temple is currently located in a small shed facing east.Can't load alternativesTry againThe Shiva temple is currently located in a small shed facing east. Swami Sri Mangalambhikai Sametha is known as Sri Malleeswarar.Swami Sri Mangalambhikai Sametha is known as Sri Malleeswarar.Can't load alternativesTry againSwami Sri Mangalambhikai Sametha is known as Sri Malleeswarar. Only the Ambal foot is found at the back of the temple.Only the Ambal foot is found at the back of the temple.Can't load alternativesTry againOnly the Ambal foot is found at the back of the temple. In addition, two Shiva Lingams and an Audaiyar are seen.In addition, two Shiva Lingams and an Audaiyar are seen.Can't load alternativesTry againIn addition, two Shiva Lingams and an Audaiyar are seen. Daily puja takes place.Daily puja takes place.Can't load alternativesTry againDaily puja takes place. Contact Mr. Sambasivam-9360730995, Mr. Thirunganasekar-9381887280, Ms. Devi-9962048372.Contact Mr. Sambasivam-9360730995, Mr. Thirunganasekar-9381887280, Ms. Devi-9962048372.Can't load alternativesTry againContact Mr. Sambasivam-9360730995, Mr. Thirunganasekar-9381887280, Ms. Devi-9962048372. 
In this temple, which is an ancient stone temple, Sridevi Bhudevi Sametha Sri Adhikeshava Perumal stands in the Thirukolam.
In this temple, which is an ancient stone temple, Sridevi Bhudevi Sametha Sri Adhikeshava Perumal stands in the Thirukolam.Can't load alternativesTry again
In this temple, which is an ancient stone temple, Sridevi Bhudevi Sametha Sri Adhikeshava Perumal stands in the Thirukolam. Along with Sri Ambujavalli Thayar which has its own temple, other shrines are Sri Anjaneyar, Vodeavar, Sri Desikar and Sri Chakrathalwar. The temple is called Thirukulam Omavalli Kulam.Along with Sri Ambujavalli Thayar which has its own temple, other shrines are Sri Anjaneyar, Vodeavar, Sri Desikar and Sri Chakrathalwar. The temple is called Thirukulam Omavalli Kulam.Can't load alternativesTry againAlong with Sri Ambujavalli Thayar which has its own temple, other shrines are Sri Anjaneyar, Vodeavar, Sri Desikar and Sri Chakrathalwar. The temple is called Thirukulam Omavalli Kulam. Sometimes a pooja takes place.Sometimes a pooja takes place.Can't load alternativesTry againSometimes a pooja takes place. Contact Mr. Gajaraja--9445185127, Mr.Contact Mr. Gajaraja--9445185127, Mr.Can't load alternativesTry againContact Mr. Gajaraja--9445185127, Mr. Sriram-9941424938, Mr.Sriram-9941424938, Mr.Can't load alternativesTry againSriram-9941424938, Mr. Hariharasubramanyan- 9841602927.Hariharasubramanyan- 9841602927.Can't load alternativesTry againHariharasubramanyan- 9841602927.
Radha Sathyabhama Sametha Sri Venugopalaswamy
Radha Sathyabhama Sametha Sri VenugopalaswamyCan't load alternativesTry again
Radha Sathyabhama Sametha Sri Venugopalaswamy
There is a Krishna temple in the area called Akaram in Nellikukulam.
There is a Krishna temple in the area called Akaram in Nellikukulam.Can't load alternativesTry again
There is a Krishna temple in the area called Akaram in Nellikukulam. Stone temple.Stone temple.Can't load alternativesTry againStone temple. Sri Venugopala Swami Radha Sathyabhama performs seva with the Devis.Sri Venugopala Swami Radha Sathyabhama performs seva with the Devis.Can't load alternativesTry againSri Venugopala Swami Radha Sathyabhama performs seva with the Devis. The temple is under repair.The temple is under repair.Can't load alternativesTry againThe temple is under repair. Contact Mr Sriram-9941424938.Contact Mr Sriram-9941424938.Can't load alternativesTry againContact Mr Sriram-9941424938. Pooja is going on for a while.Pooja is going on for a while.Can't load alternativesTry againPooja is going on for a while."
33,2228,Keezhur Sivan Temple,"A very old temple is located in Keelur village on the Kuduvanchery-Kottamedu road.A very old temple is located in Keelur village on the Kuduvanchery-Kottamedu road.Can't load alternativesTry againA very old temple is located in Keelur village on the Kuduvanchery-Kottamedu road. They take the deities in the stone temple and keep them in another place nearby and worship them.They take the deities in the stone temple and keep them in another place nearby and worship them.Can't load alternativesTry againThey take the deities in the stone temple and keep them in another place nearby and worship them. Cultivation work has recently taken place around the temple by clearing the thornbushes.Cultivation work has recently taken place around the temple by clearing the thornbushes.Can't load alternativesTry againCultivation work has recently taken place around the temple by clearing the thornbushes. It is said that Indra worshiped Isaan here.It is said that Indra worshiped Isaan here.Can't load alternativesTry againIt is said that Indra worshiped Isaan here. The statue of Indra is also here.The statue of Indra is also here.Can't load alternativesTry againThe statue of Indra is also here. Vinayagar here is known as Poiyavinayakar.Vinayagar here is known as Poiyavinayakar.Can't load alternativesTry againVinayagar here is known as Poiyavinayakar. Recently the Pradosha Puja has been started.Recently the Pradosha Puja has been started.Can't load alternativesTry againRecently the Pradosha Puja has been started. Thirukkulam is also close to the temple.Thirukkulam is also close to the temple.Can't load alternativesTry againThirukkulam is also close to the temple. Contact Mr. Senthil-9445704659, Mr. Rajesh-9790519740, Devdas-7200245399. The village is very close to Kotta Medu and buses come from Chengalpattu, Tiruporur and Guduvanchery.Contact Mr. Senthil-9445704659, Mr. Rajesh-9790519740, Devdas-7200245399. The village is very close to Kotta Medu and buses come from Chengalpattu, Tiruporur and Guduvanchery.Can't load alternativesTry againContact Mr. Senthil-9445704659, Mr. Rajesh-9790519740, Devdas-7200245399. The village is very close to Kotta Medu and buses come from Chengalpattu, Tiruporur and Guduvanchery."
34,8359,Thiruporur Temples,"On the day when Sri Chidambara Swami who incarnated in Madurai worshiped Mother Meenakshi and Chokanatha every day, Mother Meenakshi went to Tiruporur Murugan Talam in the north to make her feel that she should stay there.On the day when Sri Chidambara Swami who incarnated in Madurai worshiped Mother Meenakshi and Chokanatha every day, Mother Meenakshi went to Tiruporur Murugan Talam in the north to make her feel that she should stay there.Can't load alternativesTry againOn the day when Sri Chidambara Swami who incarnated in Madurai worshiped Mother Meenakshi and Chokanatha every day, Mother Meenakshi went to Tiruporur Murugan Talam in the north to make her feel that she should stay there. He performed Nitya Puja and attained Jiva Samadhi.He performed Nitya Puja and attained Jiva Samadhi.Can't load alternativesTry againHe performed Nitya Puja and attained Jiva Samadhi. All the 13 disciples of Anna are buried here.All the 13 disciples of Anna are buried here.Can't load alternativesTry againAll the 13 disciples of Anna are buried here.
Temple Timings 7.30 AM-12 PM 4-7 PM.
Temple Timings 7.30 AM-12 PM 4-7 PM.Can't load alternativesTry again
Temple Timings 7.30 AM-12 PM 4-7 PM. Guru Puja takes place on Visakha Nakshatra in the month of Vaikasi.Guru Puja takes place on Visakha Nakshatra in the month of Vaikasi.Can't load alternativesTry againGuru Puja takes place on Visakha Nakshatra in the month of Vaikasi. Special pujas are held on Visakha, Poornami and Pradosham days every month.Special pujas are held on Visakha, Poornami and Pradosham days every month.Can't load alternativesTry againSpecial pujas are held on Visakha, Poornami and Pradosham days every month.
In this very famous temple, Moolav Sri Kandaswamy is enshrined as Swayambu Murthy.
In this very famous temple, Moolav Sri Kandaswamy is enshrined as Swayambu Murthy.Can't load alternativesTry again
In this very famous temple, Moolav Sri Kandaswamy is enshrined as Swayambu Murthy. Sri Subramaniya Yantra is enshrined in the turtle shaped pedestal.Sri Subramaniya Yantra is enshrined in the turtle shaped pedestal.Can't load alternativesTry againSri Subramaniya Yantra is enshrined in the turtle shaped pedestal. Anointing is for the machine.Anointing is for the machine.Can't load alternativesTry againAnointing is for the machine. The source does not have abhishekam.The source does not have abhishekam.Can't load alternativesTry againThe source does not have abhishekam. After the pooja to Murugan, the pooja is performed to Enthra.After the pooja to Murugan, the pooja is performed to Enthra.Can't load alternativesTry againAfter the pooja to Murugan, the pooja is performed to Enthra. He presents the scene with four arms, one arm aksharamalai, one arm kandigai, one arm abhayahastam and other arm in tudu.He presents the scene with four arms, one arm aksharamalai, one arm kandigai, one arm abhayahastam and other arm in tudu.Can't load alternativesTry againHe presents the scene with four arms, one arm aksharamalai, one arm kandigai, one arm abhayahastam and other arm in tudu. The unique feature of this temple is its Ongara shape.The unique feature of this temple is its Ongara shape.Can't load alternativesTry againThe unique feature of this temple is its Ongara shape. The flagpole of the temple with 3 prakaras is outside.The flagpole of the temple with 3 prakaras is outside.Can't load alternativesTry againThe flagpole of the temple with 3 prakaras is outside. Airavatham given by Devendran is the vehicle here.Airavatham given by Devendran is the vehicle here.Can't load alternativesTry againAiravatham given by Devendran is the vehicle here. A separate shrine for Valli Devasena Devi.A separate shrine for Valli Devasena Devi.Can't load alternativesTry againA separate shrine for Valli Devasena Devi. Navagraham is not here.Navagraham is not here.Can't load alternativesTry againNavagraham is not here. Sri Adi Sankara worshiped this Lord.Sri Adi Sankara worshiped this Lord.Can't load alternativesTry againSri Adi Sankara worshiped this Lord. The temple head tree came.The temple head tree came.Can't load alternativesTry againThe temple head tree came. Theertha Saravana Theertha.Theertha Saravana Theertha.Can't load alternativesTry againTheertha Saravana Theertha.
Murugan blesses those who stay in this place to achieve their desired goals, to get peace of mind and to get physical health.
Murugan blesses those who stay in this place to achieve their desired goals, to get peace of mind and to get physical health.Can't load alternativesTry again
Murugan blesses those who stay in this place to achieve their desired goals, to get peace of mind and to get physical health. Mainly those who are afflicted with Mars will benefit if they visit this place and worship Lord Muruga.Mainly those who are afflicted with Mars will benefit if they visit this place and worship Lord Muruga.Can't load alternativesTry againMainly those who are afflicted with Mars will benefit if they visit this place and worship Lord Muruga.
Contact Mr. Kumar Gurus-9566423840, Mr. Ravichandran- 9840977177, Mr. Anandan-9940146465.
Contact Mr. Kumar Gurus-9566423840, Mr. Ravichandran- 9840977177, Mr. Anandan-9940146465.Can't load alternativesTry again
Contact Mr. Kumar Gurus-9566423840, Mr. Ravichandran- 9840977177, Mr. Anandan-9940146465. There are 4 daily pujas here.There are 4 daily pujas here.Can't load alternativesTry againThere are 4 daily pujas here. 
This temple is situated on a small hill called Pranavagiri near Thiruporur Kandaswamy Temple near Chennai.
This temple is situated on a small hill called Pranavagiri near Thiruporur Kandaswamy Temple near Chennai.Can't load alternativesTry again
This temple is situated on a small hill called Pranavagiri near Thiruporur Kandaswamy Temple near Chennai. Moolavar Sri Kailasanathar gives a view towards the east.Moolavar Sri Kailasanathar gives a view towards the east.Can't load alternativesTry againMoolavar Sri Kailasanathar gives a view towards the east. Ambal gives darshan of Shri Palambhikai Amma towards the east direction.Ambal gives darshan of Shri Palambhikai Amma towards the east direction.Can't load alternativesTry againAmbal gives darshan of Shri Palambhikai Amma towards the east direction. The temple is about 2000 years old.The temple is about 2000 years old.Can't load alternativesTry againThe temple is about 2000 years old. The place where Lord Muruga preached to Sage Sri Agastya. The place where Sri Chidambara Swami worshipped.The place where Lord Muruga preached to Sage Sri Agastya. The place where Sri Chidambara Swami worshipped.Can't load alternativesTry againThe place where Lord Muruga preached to Sage Sri Agastya. The place where Sri Chidambara Swami worshipped. From here there is a tunnel to Kandasamy Temple.From here there is a tunnel to Kandasamy Temple.Can't load alternativesTry againFrom here there is a tunnel to Kandasamy Temple. There are shrines of Vinayagar, Murugan, Durgai, Ardhanareeswarar, Brahma, Sandikeswarar, Veerabhatra, Bhairava, Surya, etc. in the prakaram.There are shrines of Vinayagar, Murugan, Durgai, Ardhanareeswarar, Brahma, Sandikeswarar, Veerabhatra, Bhairava, Surya, etc. in the prakaram.Can't load alternativesTry againThere are shrines of Vinayagar, Murugan, Durgai, Ardhanareeswarar, Brahma, Sandikeswarar, Veerabhatra, Bhairava, Surya, etc. in the prakaram. Worshiping this Pranava Hill is considered very special.Worshiping this Pranava Hill is considered very special.Can't load alternativesTry againWorshiping this Pranava Hill is considered very special. Visiting Eason on Saturday is very special.Visiting Eason on Saturday is very special.Can't load alternativesTry againVisiting Eason on Saturday is very special. Perhaps the puja takes place here.Perhaps the puja takes place here.Can't load alternativesTry againPerhaps the puja takes place here. Temple timings are 5.30-8.00 pm.Temple timings are 5.30-8.00 pm.Can't load alternativesTry againTemple timings are 5.30-8.00 pm. Contact Mr. Kumar-9790712721, Mr. Senthilvel- 9840807409. Many buses ply from Chennai, Tambaram and Mambalam.Contact Mr. Kumar-9790712721, Mr. Senthilvel- 9840807409. Many buses ply from Chennai, Tambaram and Mambalam.Can't load alternativesTry againContact Mr. Kumar-9790712721, Mr. Senthilvel- 9840807409. Many buses ply from Chennai, Tambaram and Mambalam."
35,2899,Karumbakkam Sivan,"As directed by Sri Siradi Saibaba in a lover's dream, he wandered all over Karumbakkam village and finally found a Shivlingam and Nandi reclining under a neem tree.As directed by Sri Siradi Saibaba in a lover's dream, he wandered all over Karumbakkam village and finally found a Shivlingam and Nandi reclining under a neem tree.Can't load alternativesTry againAs directed by Sri Siradi Saibaba in a lover's dream, he wandered all over Karumbakkam village and finally found a Shivlingam and Nandi reclining under a neem tree. Even the villagers do not know the details of this.Even the villagers do not know the details of this.Can't load alternativesTry againEven the villagers do not know the details of this. This Shivlingam and Nandi are located about 100 meters to the east on Tiruporur Chengalpattu Road.This Shivlingam and Nandi are located about 100 meters to the east on Tiruporur Chengalpattu Road.Can't load alternativesTry againThis Shivlingam and Nandi are located about 100 meters to the east on Tiruporur Chengalpattu Road. No one comes here.No one comes here.Can't load alternativesTry againNo one comes here. The Lord who dwells here must be very glorious.The Lord who dwells here must be very glorious.Can't load alternativesTry againThe Lord who dwells here must be very glorious. The villagers should gather together and build a small temple and start worship.The villagers should gather together and build a small temple and start worship.Can't load alternativesTry againThe villagers should gather together and build a small temple and start worship. You can reach Karumbakkam by Chengalpattu-Tiruporur bus.You can reach Karumbakkam by Chengalpattu-Tiruporur bus.Can't load alternativesTry againYou can reach Karumbakkam by Chengalpattu-Tiruporur bus. For further contact Mr Kannan-9841020857, Mr Muralitharan-8838242492.For further contact Mr Kannan-9841020857, Mr Muralitharan-8838242492.Can't load alternativesTry againFor further contact Mr Kannan-9841020857, Mr Muralitharan-8838242492.
The Shiva temple in the nearby village of Bhuilupai, seen by Sri Shirdi Baba, is currently being renovated and the temple is nearing completion.
The Shiva temple in the nearby village of Bhuilupai, seen by Sri Shirdi Baba, is currently being renovated and the temple is nearing completion.Can't load alternativesTry again
The Shiva temple in the nearby village of Bhuilupai, seen by Sri Shirdi Baba, is currently being renovated and the temple is nearing completion. The people of Karumbakkam village should also realize the specialness of this temple and start worshiping it as soon as possible.The people of Karumbakkam village should also realize the specialness of this temple and start worshiping it as soon as possible.Can't load alternativesTry againThe people of Karumbakkam village should also realize the specialness of this temple and start worshiping it as soon as possible."
36,2964,Pooiluppai Sivan Temple,"Sri Shirdi Baba informed about the specialness of this temple and its location in a dream of a loved one and saw it that way.Sri Shirdi Baba informed about the specialness of this temple and its location in a dream of a loved one and saw it that way.Can't load alternativesTry againSri Shirdi Baba informed about the specialness of this temple and its location in a dream of a loved one and saw it that way.
The temple in this village which was once surrounded by Ilubai forest was lost during the floods and only a few idols were found on the ground and the temple has been built in a small shed.
The temple in this village which was once surrounded by Ilubai forest was lost during the floods and only a few idols were found on the ground and the temple has been built in a small shed.Can't load alternativesTry again
The temple in this village which was once surrounded by Ilubai forest was lost during the floods and only a few idols were found on the ground and the temple has been built in a small shed. At that time, there was a daily pilgrimage to take flowers from this village to Thirukkalugunram Vedakriswarar Temple.At that time, there was a daily pilgrimage to take flowers from this village to Thirukkalugunram Vedakriswarar Temple.Can't load alternativesTry againAt that time, there was a daily pilgrimage to take flowers from this village to Thirukkalugunram Vedakriswarar Temple. Snake bites in Indore are not poisonous.Snake bites in Indore are not poisonous.Can't load alternativesTry againSnake bites in Indore are not poisonous. The bitten will not suffer any damage.The bitten will not suffer any damage.Can't load alternativesTry againThe bitten will not suffer any damage. Now the villagers are expanding the temple.Now the villagers are expanding the temple.Can't load alternativesTry againNow the villagers are expanding the temple. A period of worship.A period of worship.Can't load alternativesTry againA period of worship. Thala Vridsham Ilupai.Thala Vridsham Ilupai.Can't load alternativesTry againThala Vridsham Ilupai. The Thirukulam temple is seen at the back.The Thirukulam temple is seen at the back.Can't load alternativesTry againThe Thirukulam temple is seen at the back. Contact Mr Vijay-9840234803, 91768 09982, Ramu-9171626243.Contact Mr Vijay-9840234803, 91768 09982, Ramu-9171626243.Can't load alternativesTry againContact Mr Vijay-9840234803, 91768 09982, Ramu-9171626243. Bus Tiruporur- Chengalpattu, stopping at Karumbakkam.Bus Tiruporur- Chengalpattu, stopping at Karumbakkam.Can't load alternativesTry againBus Tiruporur- Chengalpattu, stopping at Karumbakkam. About 1 km to the east from here.About 1 km to the east from here.Can't load alternativesTry againAbout 1 km to the east from here.
By the grace of Sri Baba, the temple is now nearing completion.
By the grace of Sri Baba, the temple is now nearing completion.Can't load alternativesTry again
By the grace of Sri Baba, the temple is now nearing completion."
37,1412,Periyairumbadu Sivan Temple,"Isan has a temple in Irumpedu village along with Devi Sri Anandavalli Ambal with the name Sri Agastheeswarar.Isan has a temple in Irumpedu village along with Devi Sri Anandavalli Ambal with the name Sri Agastheeswarar.Can't load alternativesTry againIsan has a temple in Irumpedu village along with Devi Sri Anandavalli Ambal with the name Sri Agastheeswarar. Located with a 16-foot maha mandapam, the Lord faces east and Ambal faces south.Located with a 16-foot maha mandapam, the Lord faces east and Ambal faces south.Can't load alternativesTry againLocated with a 16-foot maha mandapam, the Lord faces east and Ambal faces south. The uterus is always moist.The uterus is always moist.Can't load alternativesTry againThe uterus is always moist. Other shrines include Pancha Goshta, Vinayaka, Murugan, Chandikeshwara, Navagragam.Other shrines include Pancha Goshta, Vinayaka, Murugan, Chandikeshwara, Navagragam.Can't load alternativesTry againOther shrines include Pancha Goshta, Vinayaka, Murugan, Chandikeshwara, Navagragam. Contact Mr Gaurishankar- 9944029225. Buses ply to this village from Chengalpattu.Contact Mr Gaurishankar- 9944029225. Buses ply to this village from Chengalpattu.Can't load alternativesTry againContact Mr Gaurishankar- 9944029225. Buses ply to this village from Chengalpattu. There is a temple shrine.There is a temple shrine.Can't load alternativesTry againThere is a temple shrine."
38,1553,Orathur Sivan,"15 km from Tirupporur.15 km from Tirupporur.Can't load alternativesTry again15 km from Tirupporur. A Shivlingam is found on the bank of a lake in the distant Orathur village.A Shivlingam is found on the bank of a lake in the distant Orathur village.Can't load alternativesTry againA Shivlingam is found on the bank of a lake in the distant Orathur village. Leaning against the root of a neem tree nearby.Leaning against the root of a neem tree nearby.Can't load alternativesTry againLeaning against the root of a neem tree nearby. It is square in shape.It is square in shape.Can't load alternativesTry againIt is square in shape. Opposite is Nandi Deva.Opposite is Nandi Deva.Can't load alternativesTry againOpposite is Nandi Deva. The villagers are trying to bring the Swami who is far away outside the town to the town.The villagers are trying to bring the Swami who is far away outside the town to the town.Can't load alternativesTry againThe villagers are trying to bring the Swami who is far away outside the town to the town. Contact Mr Jeevaratnam-9443597343, Mr Yuvraj-9788188834, Mr Bhupathi-7094896988.Contact Mr Jeevaratnam-9443597343, Mr Yuvraj-9788188834, Mr Bhupathi-7094896988.Can't load alternativesTry againContact Mr Jeevaratnam-9443597343, Mr Yuvraj-9788188834, Mr Bhupathi-7094896988. Mr. Loku-9943742288.Mr. Loku-9943742288.Can't load alternativesTry againMr. Loku-9943742288. A bus comes from Chengalpattu to Orattur.A bus comes from Chengalpattu to Orattur.Can't load alternativesTry againA bus comes from Chengalpattu to Orattur."
39,1481,Thandarai Temples,"The idols of Swami, which used to be outside the cut, are now found in temples located in small sheds.The idols of Swami, which used to be outside the cut, are now found in temples located in small sheds.Can't load alternativesTry againThe idols of Swami, which used to be outside the cut, are now found in temples located in small sheds. Shiva Thirunamam Sri Thirumeneeswarar.Shiva Thirunamam Sri Thirumeneeswarar.Can't load alternativesTry againShiva Thirunamam Sri Thirumeneeswarar. Ambal name unknown.Ambal name unknown.Can't load alternativesTry againAmbal name unknown. And idols of Vinayagar, Subramaniyar, Chandikeswarar and Nandi are seen.And idols of Vinayagar, Subramaniyar, Chandikeswarar and Nandi are seen.Can't load alternativesTry againAnd idols of Vinayagar, Subramaniyar, Chandikeswarar and Nandi are seen. In another shed nearby, Perumal Sridevi is performing with the Budevis.In another shed nearby, Perumal Sridevi is performing with the Budevis.Can't load alternativesTry againIn another shed nearby, Perumal Sridevi is performing with the Budevis. Puja is held here only once a week.Puja is held here only once a week.Can't load alternativesTry againPuja is held here only once a week. Contact Mr. Srinivasan-6381246723.Contact Mr. Srinivasan-6381246723.Can't load alternativesTry againContact Mr. Srinivasan-6381246723. Thandarai is 12 km from Tirupporur.Thandarai is 12 km from Tirupporur.Can't load alternativesTry againThandarai is 12 km from Tirupporur."
40,1739,Perunthandalam Sivan Temple,"13 km from Chengalpattu.13 km from Chengalpattu.Can't load alternativesTry again13 km from Chengalpattu. This ancient temple is located in the remote village of Perundandalam.This ancient temple is located in the remote village of Perundandalam.Can't load alternativesTry againThis ancient temple is located in the remote village of Perundandalam. Ambal has Sri Agastheeswarar Temple along with Sri Tripurasundari Devi.Ambal has Sri Agastheeswarar Temple along with Sri Tripurasundari Devi.Can't load alternativesTry againAmbal has Sri Agastheeswarar Temple along with Sri Tripurasundari Devi. There are shrines of Vinayagar, Subramaniyar, Bhairava and Navagraha along with five Goshta Murthys.There are shrines of Vinayagar, Subramaniyar, Bhairava and Navagraha along with five Goshta Murthys.Can't load alternativesTry againThere are shrines of Vinayagar, Subramaniyar, Bhairava and Navagraha along with five Goshta Murthys. Sometimes a pooja takes place.Sometimes a pooja takes place.Can't load alternativesTry againSometimes a pooja takes place. This temple can be reached from Senneri, Mullipakkam Good Road on Chengalpattu Tiruporur Road.This temple can be reached from Senneri, Mullipakkam Good Road on Chengalpattu Tiruporur Road.Can't load alternativesTry againThis temple can be reached from Senneri, Mullipakkam Good Road on Chengalpattu Tiruporur Road. Contact Mr. Babu Gurus-9444286077, Mr. Mathiyalagan-9445584636 Mr. Jeeva- 9894352236. Bus (, T) from Chengalpattu.Contact Mr. Babu Gurus-9444286077, Mr. Mathiyalagan-9445584636 Mr. Jeeva- 9894352236. Bus (, T) from Chengalpattu.Can't load alternativesTry againContact Mr. Babu Gurus-9444286077, Mr. Mathiyalagan-9445584636 Mr. Jeeva- 9894352236. Bus (, T) from Chengalpattu."
41,1974,Mullipakkam Sivan Temple,"In the Shivalayam in this village, the Lord graces the West with the name Sri Parasurameswarar.In the Shivalayam in this village, the Lord graces the West with the name Sri Parasurameswarar.Can't load alternativesTry againIn the Shivalayam in this village, the Lord graces the West with the name Sri Parasurameswarar. Ambal Thirunamam Sri Gnanambikai.Ambal Thirunamam Sri Gnanambikai.Can't load alternativesTry againAmbal Thirunamam Sri Gnanambikai. Considered to have been consecrated by Sri Parasurama.Considered to have been consecrated by Sri Parasurama.Can't load alternativesTry againConsidered to have been consecrated by Sri Parasurama.
If you anoint Swami Ambal with honey and offer mulberry flowers on Wednesday, education will grow.
If you anoint Swami Ambal with honey and offer mulberry flowers on Wednesday, education will grow.Can't load alternativesTry again
If you anoint Swami Ambal with honey and offer mulberry flowers on Wednesday, education will grow. Matrimonial Obstacles On Akala Surya Horai, Swami, Ambal anoints Murugan and performs Archana with white Arali, it is beneficial.Matrimonial Obstacles On Akala Surya Horai, Swami, Ambal anoints Murugan and performs Archana with white Arali, it is beneficial.Can't load alternativesTry againMatrimonial Obstacles On Akala Surya Horai, Swami, Ambal anoints Murugan and performs Archana with white Arali, it is beneficial.Contact Mr Gaurishankar-9944029225.Contact Mr Gaurishankar-9944029225.Can't load alternativesTry againContact Mr Gaurishankar-9944029225. Puja takes place here for a period of time.Puja takes place here for a period of time.Can't load alternativesTry againPuja takes place here for a period of time. Varakunram is 4 km from Good Road in the middle of the Chengalpattu-Tiruporur road.Varakunram is 4 km from Good Road in the middle of the Chengalpattu-Tiruporur road.Can't load alternativesTry againVarakunram is 4 km from Good Road in the middle of the Chengalpattu-Tiruporur road."
42,2515,Chenneri Temples,"This Perumal temple is located in Senneri village, 10 km away on Chengalpattu Tiruporur road.This Perumal temple is located in Senneri village, 10 km away on Chengalpattu Tiruporur road.Can't load alternativesTry againThis Perumal temple is located in Senneri village, 10 km away on Chengalpattu Tiruporur road. In this ancient temple which is a stone temple, the founder is Sridevi Bhoodevi Sametha Sri Devaraja Perumal.In this ancient temple which is a stone temple, the founder is Sridevi Bhoodevi Sametha Sri Devaraja Perumal.Can't load alternativesTry againIn this ancient temple which is a stone temple, the founder is Sridevi Bhoodevi Sametha Sri Devaraja Perumal. Pooja takes place for a period of time in this temple located with Ananda Vimana.Pooja takes place for a period of time in this temple located with Ananda Vimana.Can't load alternativesTry againPooja takes place for a period of time in this temple located with Ananda Vimana. Contact Mr. Ramu-9790422870.Contact Mr. Ramu-9790422870.Can't load alternativesTry againContact Mr. Ramu-9790422870.

While the old temple is completely in ruins, a small temple has been built under a tree with idols of Shivlingam, Ambal, Vinayagar, Nandi and Jeshtadevi.

While the old temple is completely in ruins, a small temple has been built under a tree with idols of Shivlingam, Ambal, Vinayagar, Nandi and Jeshtadevi.Can't load alternativesTry again

While the old temple is completely in ruins, a small temple has been built under a tree with idols of Shivlingam, Ambal, Vinayagar, Nandi and Jeshtadevi. Swami's name is Sri Somanadeswarar, Ambal Sri Tripurasundari.Swami's name is Sri Somanadeswarar, Ambal Sri Tripurasundari.Can't load alternativesTry againSwami's name is Sri Somanadeswarar, Ambal Sri Tripurasundari. Since there were no pujas, now the puja is being performed.Since there were no pujas, now the puja is being performed.Can't load alternativesTry againSince there were no pujas, now the puja is being performed. About the Temple Details Tanjore Saraswati Mahal.About the Temple Details Tanjore Saraswati Mahal.Can't load alternativesTry againAbout the Temple Details Tanjore Saraswati Mahal. Contact Mr Gaurishankar-9944029225, Mr Chandramohan-8754412023, Mr E .Contact Mr Gaurishankar-9944029225, Mr Chandramohan-8754412023, Mr E .Can't load alternativesTry againContact Mr Gaurishankar-9944029225, Mr Chandramohan-8754412023, Mr E . Chandra Mohan-9629304720Chandra Mohan-9629304720Can't load alternativesTry againChandra Mohan-9629304720"
43,2948,Ponnambala Swamigal Madam,"Sri Ponnambala swamis incarnated in Sembakkam village as the son of Sivanarul to Thiruchirtambalam Mudaliar Sokkammal couple.Sri Ponnambala swamis incarnated in Sembakkam village as the son of Sivanarul to Thiruchirtambalam Mudaliar Sokkammal couple.Can't load alternativesTry againSri Ponnambala swamis incarnated in Sembakkam village as the son of Sivanarul to Thiruchirtambalam Mudaliar Sokkammal couple. He received Shiva Deeksha from his father and then Guru Deeksha from Muttiah Swami of Mylapore.He received Shiva Deeksha from his father and then Guru Deeksha from Muttiah Swami of Mylapore.Can't load alternativesTry againHe received Shiva Deeksha from his father and then Guru Deeksha from Muttiah Swami of Mylapore. After taking up the family profession of weaving, he married Amrithammal and after the birth of a child, he took up an ascetic life.After taking up the family profession of weaving, he married Amrithammal and after the birth of a child, he took up an ascetic life.Can't load alternativesTry againAfter taking up the family profession of weaving, he married Amrithammal and after the birth of a child, he took up an ascetic life. During that time he gave relief to many people from various diseases and blessed them.During that time he gave relief to many people from various diseases and blessed them.Can't load alternativesTry againDuring that time he gave relief to many people from various diseases and blessed them. He also blessed animals and plants by removing diseases.He also blessed animals and plants by removing diseases.Can't load alternativesTry againHe also blessed animals and plants by removing diseases. Thirumeni went to many places and finally came to Sembakkam and visited Annar and took initiation and lived with the Swami.Thirumeni went to many places and finally came to Sembakkam and visited Annar and took initiation and lived with the Swami.Can't load alternativesTry againThirumeni went to many places and finally came to Sembakkam and visited Annar and took initiation and lived with the Swami. Thirumeni ordered Swami to chant Sada Shiva Purana in his mind.Thirumeni ordered Swami to chant Sada Shiva Purana in his mind.Can't load alternativesTry againThirumeni ordered Swami to chant Sada Shiva Purana in his mind. Swami attained Jeevasamadhi in the month of Masi on Uttirada Nakshatra.Swami attained Jeevasamadhi in the month of Masi on Uttirada Nakshatra.Can't load alternativesTry againSwami attained Jeevasamadhi in the month of Masi on Uttirada Nakshatra. The next day Thirumeni Swami also attained Maha Samadhi.The next day Thirumeni Swami also attained Maha Samadhi.Can't load alternativesTry againThe next day Thirumeni Swami also attained Maha Samadhi. The vibhuti offered here is said to be a cure for deadly diseases.The vibhuti offered here is said to be a cure for deadly diseases.Can't load alternativesTry againThe vibhuti offered here is said to be a cure for deadly diseases."
44,1321,Sembakkam Lakshminarayana Perumal,"Sembakkam Sri Lakshminarayana PerumalSembakkam Sri Lakshminarayana PerumalCan't load alternativesTry againSembakkam Sri Lakshminarayana Perumal
Moolavar Sri Lakshminarayana Perumal.
Moolavar Sri Lakshminarayana Perumal.Can't load alternativesTry again
Moolavar Sri Lakshminarayana Perumal. Utsawar Sridevi Bhoodevi Sametha Narayana Perumal.Utsawar Sridevi Bhoodevi Sametha Narayana Perumal.Can't load alternativesTry againUtsawar Sridevi Bhoodevi Sametha Narayana Perumal. Mother, Andal is a separate shrine.Mother, Andal is a separate shrine.Can't load alternativesTry againMother, Andal is a separate shrine. Two Garudavars.Two Garudavars.Can't load alternativesTry againTwo Garudavars. A pooja is held at 12 noon.A pooja is held at 12 noon.Can't load alternativesTry againA pooja is held at 12 noon. Nalvar Temple is located near the temple.Nalvar Temple is located near the temple.Can't load alternativesTry againNalvar Temple is located near the temple. Also ancient Durga Temple and Bhairava Temple are found nearby.Also ancient Durga Temple and Bhairava Temple are found nearby.Can't load alternativesTry againAlso ancient Durga Temple and Bhairava Temple are found nearby. Both these temples are very ancient.Both these temples are very ancient.Can't load alternativesTry againBoth these temples are very ancient."
45,2493,Kovalam Sivan Temple,"This ancient Shiva temple is located in the small town of Kovalam on the Mamallapuram road in Chennai.This ancient Shiva temple is located in the small town of Kovalam on the Mamallapuram road in Chennai.Can't load alternativesTry againThis ancient Shiva temple is located in the small town of Kovalam on the Mamallapuram road in Chennai. In this stone temple, Sri Kailasanathar as the source gives a view towards the east direction.In this stone temple, Sri Kailasanathar as the source gives a view towards the east direction.Can't load alternativesTry againIn this stone temple, Sri Kailasanathar as the source gives a view towards the east direction. Ambal Sri Kanakavalli.Ambal Sri Kanakavalli.Can't load alternativesTry againAmbal Sri Kanakavalli. About 1350 years old, this temple was renovated 35 years ago.About 1350 years old, this temple was renovated 35 years ago.Can't load alternativesTry againAbout 1350 years old, this temple was renovated 35 years ago. Many inscriptions are found here.Many inscriptions are found here.Can't load alternativesTry againMany inscriptions are found here. Other shrines are Vinayagar, Valli, Devasena Murugan, Pancha Goshta Murthys, Navagragam, Bhairava.Other shrines are Vinayagar, Valli, Devasena Murugan, Pancha Goshta Murthys, Navagragam, Bhairava.Can't load alternativesTry againOther shrines are Vinayagar, Valli, Devasena Murugan, Pancha Goshta Murthys, Navagragam, Bhairava. There is an idol of Sri Perumal in a hall.There is an idol of Sri Perumal in a hall.Can't load alternativesTry againThere is an idol of Sri Perumal in a hall.
Parameshwaran who bestows remedy
Parameshwaran who bestows remedyCan't load alternativesTry again
Parameshwaran who bestows remedy
Nandi Devar here is very special.
Nandi Devar here is very special.Can't load alternativesTry again
Nandi Devar here is very special. She showed him the thali and the blessing of marriage would come immediately.She showed him the thali and the blessing of marriage would come immediately.Can't load alternativesTry againShe showed him the thali and the blessing of marriage would come immediately.
Temple Hours 6-9, 5-7 PM.
Temple Hours 6-9, 5-7 PM.Can't load alternativesTry again
Temple Hours 6-9, 5-7 PM.
Contact Mr Dilli Chettiar-9176491300, Ms Vanaja-9884760952.
Contact Mr Dilli Chettiar-9176491300, Ms Vanaja-9884760952.Can't load alternativesTry again
Contact Mr Dilli Chettiar-9176491300, Ms Vanaja-9884760952.take offtake offCan't load alternativesTry againtake off"
46,3601,Sembakkam Temples,"Sembakkam village located near Tirupporur originally had a total of 36 temples.Sembakkam village located near Tirupporur originally had a total of 36 temples.Can't load alternativesTry againSembakkam village located near Tirupporur originally had a total of 36 temples. Most of the temples are completely gone and there are no traces left.Most of the temples are completely gone and there are no traces left.Can't load alternativesTry againMost of the temples are completely gone and there are no traces left. These are the remaining templesThese are the remaining templesCan't load alternativesTry againThese are the remaining temples

Sembakkam Sri Jambugeswarar Temple

Sembakkam Sri Jambugeswarar TempleCan't load alternativesTry again

Sembakkam Sri Jambugeswarar Temple
When Kochanga Cholan was going to many places without son, when he came to this place and stayed for the night, the Lord appeared in a dream and told him to build a temple as in Thiruvanaikka. The king immediately built a temple and worshiped the Lord.
When Kochanga Cholan was going to many places without son, when he came to this place and stayed for the night, the Lord appeared in a dream and told him to build a temple as in Thiruvanaikka. The king immediately built a temple and worshiped the Lord.Can't load alternativesTry again
When Kochanga Cholan was going to many places without son, when he came to this place and stayed for the night, the Lord appeared in a dream and told him to build a temple as in Thiruvanaikka. The king immediately built a temple and worshiped the Lord. The king was blessed with a son.The king was blessed with a son.Can't load alternativesTry againThe king was blessed with a son. Here too the novel tree is confused.Here too the novel tree is confused.Can't load alternativesTry againHere too the novel tree is confused. Located with a flag tree, this temple houses all the sanctuaries.Located with a flag tree, this temple houses all the sanctuaries.Can't load alternativesTry againLocated with a flag tree, this temple houses all the sanctuaries. A pond has been constructed to allow water to flow into the Swami sanctum sanctorum.A pond has been constructed to allow water to flow into the Swami sanctum sanctorum.Can't load alternativesTry againA pond has been constructed to allow water to flow into the Swami sanctum sanctorum. The temple shrine is visible outside.The temple shrine is visible outside.Can't load alternativesTry againThe temple shrine is visible outside. Shri Sundarambikai Ambal Thirunamam.Shri Sundarambikai Ambal Thirunamam.Can't load alternativesTry againShri Sundarambikai Ambal Thirunamam.
If those who want the blessing of a son come here and pray to the Lord 11 times, they will be blessed with a son.
If those who want the blessing of a son come here and pray to the Lord 11 times, they will be blessed with a son.Can't load alternativesTry again
If those who want the blessing of a son come here and pray to the Lord 11 times, they will be blessed with a son.
Sembakkam is on the 7 Chengalpattu road from Tiruporur.
Sembakkam is on the 7 Chengalpattu road from Tiruporur.Can't load alternativesTry again
Sembakkam is on the 7 Chengalpattu road from Tiruporur. For further contact Mr. Nagaraja Gurus-9841171692, Mr. Vignesh-9600028603.For further contact Mr. Nagaraja Gurus-9841171692, Mr. Vignesh-9600028603.Can't load alternativesTry againFor further contact Mr. Nagaraja Gurus-9841171692, Mr. Vignesh-9600028603. Temple Timings: 7am-9pm, 5.30pm-8pmTemple Timings: 7am-9pm, 5.30pm-8pmCan't load alternativesTry againTemple Timings: 7am-9pm, 5.30pm-8pm"
47,929,Nemmeli Jeevasamadhi Temple,"Kukasree Kumarastavam Sri Ramanuja Swami Jeevasamadhi is located outside the town in Nemmeli village near Thiruvidantha on Chennai Mamallapuram road.Kukasree Kumarastavam Sri Ramanuja Swami Jeevasamadhi is located outside the town in Nemmeli village near Thiruvidantha on Chennai Mamallapuram road.Can't load alternativesTry againKukasree Kumarastavam Sri Ramanuja Swami Jeevasamadhi is located outside the town in Nemmeli village near Thiruvidantha on Chennai Mamallapuram road. Sri Pamban Swami's disciple.Sri Pamban Swami's disciple.Can't load alternativesTry againSri Pamban Swami's disciple. A puja is held daily.A puja is held daily.Can't load alternativesTry againA puja is held daily. Contact Mr. Duraisamy-9384623266, Ms. Gayathri Duraisamy-9176820569.Contact Mr. Duraisamy-9384623266, Ms. Gayathri Duraisamy-9176820569.Can't load alternativesTry againContact Mr. Duraisamy-9384623266, Ms. Gayathri Duraisamy-9176820569."
48,1136,Pattipulam Murugan Temple,This temple is found near the beach at a place called Pulikugai before Mamallapuram on Chennai Mamallapuram road.This temple is found near the beach at a place called Pulikugai before Mamallapuram on Chennai Mamallapuram road.Can't load alternativesTry againThis temple is found near the beach at a place called Pulikugai before Mamallapuram on Chennai Mamallapuram road. Now there are only ruins.Now there are only ruins.Can't load alternativesTry againNow there are only ruins. Archaeologists have excavated the earth and discovered this temple.Archaeologists have excavated the earth and discovered this temple.Can't load alternativesTry againArchaeologists have excavated the earth and discovered this temple. They have researched and declared that this temple is Murugan temple and is about 3000 years old.They have researched and declared that this temple is Murugan temple and is about 3000 years old.Can't load alternativesTry againThey have researched and declared that this temple is Murugan temple and is about 3000 years old. There is no idol here.There is no idol here.Can't load alternativesTry againThere is no idol here.
49,3221,Thiruvidanthai Perumal Temple,"This temple is the 62nd out of 108 Vaishnava shrines.This temple is the 62nd out of 108 Vaishnava shrines.Can't load alternativesTry againThis temple is the 62nd out of 108 Vaishnava shrines. Sri Thirumangai Alwar Mangalasasanam made the shrine.Sri Thirumangai Alwar Mangalasasanam made the shrine.Can't load alternativesTry againSri Thirumangai Alwar Mangalasasanam made the shrine. Moolavar Shree Lakshmi Varahar is depicted in a golam with Shree Bhumadevi sitting on his shoulder.Moolavar Shree Lakshmi Varahar is depicted in a golam with Shree Bhumadevi sitting on his shoulder.Can't load alternativesTry againMoolavar Shree Lakshmi Varahar is depicted in a golam with Shree Bhumadevi sitting on his shoulder. Utsavar Sri Nitya Kalyana Perumal is the place where Goddess Bhumadevi was taken as Vara avatar when the Asuras abducted Bhumadevi.Utsavar Sri Nitya Kalyana Perumal is the place where Goddess Bhumadevi was taken as Vara avatar when the Asuras abducted Bhumadevi.Can't load alternativesTry againUtsavar Sri Nitya Kalyana Perumal is the place where Goddess Bhumadevi was taken as Vara avatar when the Asuras abducted Bhumadevi. There is no Thirumanjanam as the Moolavar is made of herbs.There is no Thirumanjanam as the Moolavar is made of herbs.Can't load alternativesTry againThere is no Thirumanjanam as the Moolavar is made of herbs. Sri Komalavalli's mother, Andal, Ranganayaki Sametha Sri Ranganatha have a temple in a separate shrine.Sri Komalavalli's mother, Andal, Ranganayaki Sametha Sri Ranganatha have a temple in a separate shrine.Can't load alternativesTry againSri Komalavalli's mother, Andal, Ranganayaki Sametha Sri Ranganatha have a temple in a separate shrine. There are three solutions here.There are three solutions here.Can't load alternativesTry againThere are three solutions here. Varaha Theertha, Kalyana Theertha, Ranganatha Theertha.Varaha Theertha, Kalyana Theertha, Ranganatha Theertha.Can't load alternativesTry againVaraha Theertha, Kalyana Theertha, Ranganatha Theertha. If an unmarried person comes here and takes a dip in the Varaha Theertha and worships Perumal in the evening, marriage will take place.If an unmarried person comes here and takes a dip in the Varaha Theertha and worships Perumal in the evening, marriage will take place.Can't load alternativesTry againIf an unmarried person comes here and takes a dip in the Varaha Theertha and worships Perumal in the evening, marriage will take place. Many people come here and perform this worship.Many people come here and perform this worship.Can't load alternativesTry againMany people come here and perform this worship. Contact Manager Murthy-7358856193.Contact Manager Murthy-7358856193.Can't load alternativesTry againContact Manager Murthy-7358856193. 044 2747 2235. Temple Timings 7-12 AM 3-8 PM. Four times puja is held here.044 2747 2235. Temple Timings 7-12 AM 3-8 PM. Four times puja is held here.Can't load alternativesTry again044 2747 2235. Temple Timings 7-12 AM 3-8 PM. Four times puja is held here. The place is located on the Kovalam - Mamallapuram road.The place is located on the Kovalam - Mamallapuram road.Can't load alternativesTry againThe place is located on the Kovalam - Mamallapuram road."
50,2565,Kelambakkam Sivan Temple,"About half a km west from Kelambakkam bus station.About half a km west from Kelambakkam bus station.Can't load alternativesTry againAbout half a km west from Kelambakkam bus station. If you go, you will find a small temple under the royal tree in the natural environment.If you go, you will find a small temple under the royal tree in the natural environment.Can't load alternativesTry againIf you go, you will find a small temple under the royal tree in the natural environment. At the root of the tree is a Shiva Lingam.At the root of the tree is a Shiva Lingam.Can't load alternativesTry againAt the root of the tree is a Shiva Lingam. It is said that they have come out from underground before.It is said that they have come out from underground before.Can't load alternativesTry againIt is said that they have come out from underground before. Esan Thirunamam Shri Bhuminathar.Esan Thirunamam Shri Bhuminathar.Can't load alternativesTry againEsan Thirunamam Shri Bhuminathar. Ambal idol not found.Ambal idol not found.Can't load alternativesTry againAmbal idol not found. Near the Shiva Lingam, the root part naturally looks like a Ganesha figure.Near the Shiva Lingam, the root part naturally looks like a Ganesha figure.Can't load alternativesTry againNear the Shiva Lingam, the root part naturally looks like a Ganesha figure. Daily puja is held here.Daily puja is held here.Can't load alternativesTry againDaily puja is held here.
Nearby is Sri Kelyamman Temple.
Nearby is Sri Kelyamman Temple.Can't load alternativesTry again
Nearby is Sri Kelyamman Temple. A very old temple.A very old temple.Can't load alternativesTry againA very old temple. It is said that it is called Kelambakkam after the goddess.It is said that it is called Kelambakkam after the goddess.Can't load alternativesTry againIt is said that it is called Kelambakkam after the goddess. This goddess is a boon.This goddess is a boon.Can't load alternativesTry againThis goddess is a boon. The goddess who bestows children.The goddess who bestows children.Can't load alternativesTry againThe goddess who bestows children. She presents a scene with a baby on her lap.She presents a scene with a baby on her lap.Can't load alternativesTry againShe presents a scene with a baby on her lap.
Contact Mr. Sakthivel-9884989984, Mr. Sivakumar- 9841069433, Mr. Ravichandran-9884102437.
Contact Mr. Sakthivel-9884989984, Mr. Sivakumar- 9841069433, Mr. Ravichandran-9884102437.Can't load alternativesTry again
Contact Mr. Sakthivel-9884989984, Mr. Sivakumar- 9841069433, Mr. Ravichandran-9884102437."
51,5454,Thaiyur Temples,"About 2 km from Kelambakkam on Chennai Mamallapuram road.About 2 km from Kelambakkam on Chennai Mamallapuram road.Can't load alternativesTry againAbout 2 km from Kelambakkam on Chennai Mamallapuram road. A village called Taiyur situated in the western direction once had 7 temples.A village called Taiyur situated in the western direction once had 7 temples.Can't load alternativesTry againA village called Taiyur situated in the western direction once had 7 temples. At present only 3 temples are under worship.At present only 3 temples are under worship.Can't load alternativesTry againAt present only 3 temples are under worship. Other temples are said to be ruined in the forest.Other temples are said to be ruined in the forest.Can't load alternativesTry againOther temples are said to be ruined in the forest.
Sri Mariswarar Temple
Sri Mariswarar TempleCan't load alternativesTry again
Sri Mariswarar Temple
Moolav Sri Mariswarar Ambal Sri Aramvalarthanayaki.
Moolav Sri Mariswarar Ambal Sri Aramvalarthanayaki.Can't load alternativesTry again
Moolav Sri Mariswarar Ambal Sri Aramvalarthanayaki.
flagpole
flagpoleCan't load alternativesTry again
flagpole Along with Nandi Mandapam and Raja Gopuram, this temple has Pancha Goshta Murthys, Vinayagar, Murugan, Chandikeswarar, Surya, Bhairava and Hanuman Navakrigam.Along with Nandi Mandapam and Raja Gopuram, this temple has Pancha Goshta Murthys, Vinayagar, Murugan, Chandikeswarar, Surya, Bhairava and Hanuman Navakrigam.Can't load alternativesTry againAlong with Nandi Mandapam and Raja Gopuram, this temple has Pancha Goshta Murthys, Vinayagar, Murugan, Chandikeswarar, Surya, Bhairava and Hanuman Navakrigam. A puja is held every day.A puja is held every day.Can't load alternativesTry againA puja is held every day. Thirukkulam is found in a dry state.Thirukkulam is found in a dry state.Can't load alternativesTry againThirukkulam is found in a dry state. Contact Mr. Ramamurthy- 7299552933, Mr. Kannan-9790825558, Mr. Rajesh-9941745535.Contact Mr. Ramamurthy- 7299552933, Mr. Kannan-9790825558, Mr. Rajesh-9941745535.Can't load alternativesTry againContact Mr. Ramamurthy- 7299552933, Mr. Kannan-9790825558, Mr. Rajesh-9941745535. Bus Tambaram-Thaiyur (55K)Bus Tambaram-Thaiyur (55K)Can't load alternativesTry againBus Tambaram-Thaiyur (55K)
Sri Murugeeswarar Temple
Sri Murugeeswarar TempleCan't load alternativesTry again
Sri Murugeeswarar Temple
Moolavar Sri Murugeswar (Swayambu)
Moolavar Sri Murugeswar (Swayambu)Can't load alternativesTry again
Moolavar Sri Murugeswar (Swayambu)
Ambal Sri Marakatambikai
Ambal Sri MarakatambikaiCan't load alternativesTry again
Ambal Sri Marakatambikai
It is history that Lord Muruga worshiped the Lord.
It is history that Lord Muruga worshiped the Lord.Can't load alternativesTry again
It is history that Lord Muruga worshiped the Lord. Because of that, he is known as Murugeeswarar.Because of that, he is known as Murugeeswarar.Can't load alternativesTry againBecause of that, he is known as Murugeeswarar. Lord Muruga has also arisen here as Swayambu.Lord Muruga has also arisen here as Swayambu.Can't load alternativesTry againLord Muruga has also arisen here as Swayambu. There are sanctuaries of flag tree, Pancha Goshtas, Ganesha, Surya, Bhairava and Navagraha.There are sanctuaries of flag tree, Pancha Goshtas, Ganesha, Surya, Bhairava and Navagraha.Can't load alternativesTry againThere are sanctuaries of flag tree, Pancha Goshtas, Ganesha, Surya, Bhairava and Navagraha. It is considered as a place to remedy all planetary doshas.It is considered as a place to remedy all planetary doshas.Can't load alternativesTry againIt is considered as a place to remedy all planetary doshas. A period of worship.A period of worship.Can't load alternativesTry againA period of worship. Contact Mr. Ramamurthy- 7299552933, Mr. Kannan-9790825558, Mr. Rajesh-9941745535.Contact Mr. Ramamurthy- 7299552933, Mr. Kannan-9790825558, Mr. Rajesh-9941745535.Can't load alternativesTry againContact Mr. Ramamurthy- 7299552933, Mr. Kannan-9790825558, Mr. Rajesh-9941745535. Bus Tambaram-Thaiyur (55K)Bus Tambaram-Thaiyur (55K)Can't load alternativesTry againBus Tambaram-Thaiyur (55K)
Sri Alageeswar Temple
Sri Alageeswar TempleCan't load alternativesTry again
Sri Alageeswar Temple
Moolav Sri Alageeswarar Ambal Sri Alagambikai.
Moolav Sri Alageeswarar Ambal Sri Alagambikai.Can't load alternativesTry again
Moolav Sri Alageeswarar Ambal Sri Alagambikai.
The old temple is currently being renovated.
The old temple is currently being renovated.Can't load alternativesTry again
The old temple is currently being renovated. Dwara Ganapati, Murugan, Pancha Goshta Shrines Perumal, and Navagragam.Dwara Ganapati, Murugan, Pancha Goshta Shrines Perumal, and Navagragam.Can't load alternativesTry againDwara Ganapati, Murugan, Pancha Goshta Shrines Perumal, and Navagragam. Thirukulam in front of the temple.Thirukulam in front of the temple.Can't load alternativesTry againThirukulam in front of the temple. A period puja.A period puja.Can't load alternativesTry againA period puja.Contact Mr. Ramamurthy- 7299552933, Mr. Kannan-9790825558, Mr. Rajesh-9941745535.Contact Mr. Ramamurthy- 7299552933, Mr. Kannan-9790825558, Mr. Rajesh-9941745535.Can't load alternativesTry againContact Mr. Ramamurthy- 7299552933, Mr. Kannan-9790825558, Mr. Rajesh-9941745535. Bus Tambaram-Thaiyur (55K)Bus Tambaram-Thaiyur (55K)Can't load alternativesTry againBus Tambaram-Thaiyur (55K)"
52,2358,Senkanmal Sivan Temple,"This temple is on the side of the road next to Kelambakkam on Chennai Mamallapuram road.This temple is on the side of the road next to Kelambakkam on Chennai Mamallapuram road.Can't load alternativesTry againThis temple is on the side of the road next to Kelambakkam on Chennai Mamallapuram road. As Shri Mahavishnu worshiped, the Lord appears here with the name of Shri Senkanmaleeswarar.As Shri Mahavishnu worshiped, the Lord appears here with the name of Shri Senkanmaleeswarar.Can't load alternativesTry againAs Shri Mahavishnu worshiped, the Lord appears here with the name of Shri Senkanmaleeswarar. On the square pedestal, Swami faces east and Ambal Sri Brahannayake faces south.On the square pedestal, Swami faces east and Ambal Sri Brahannayake faces south.Can't load alternativesTry againOn the square pedestal, Swami faces east and Ambal Sri Brahannayake faces south. The temple is flanked by the flag tree Nandi Mandapam prakaram and has shrines of Goshta Murthy, Ganesha, Murugan, Gajalakshmi, Bhairava, Surya, Jeshta Devi and Navagraha shrines.The temple is flanked by the flag tree Nandi Mandapam prakaram and has shrines of Goshta Murthy, Ganesha, Murugan, Gajalakshmi, Bhairava, Surya, Jeshta Devi and Navagraha shrines.Can't load alternativesTry againThe temple is flanked by the flag tree Nandi Mandapam prakaram and has shrines of Goshta Murthy, Ganesha, Murugan, Gajalakshmi, Bhairava, Surya, Jeshta Devi and Navagraha shrines. Lord Tirumeni is composed of Salagram.Lord Tirumeni is composed of Salagram.Can't load alternativesTry againLord Tirumeni is composed of Salagram.It is a place of relief for all diseases related to eyes.It is a place of relief for all diseases related to eyes.Can't load alternativesTry againIt is a place of relief for all diseases related to eyes. If you crawl and worship the Lord wholeheartedly, you will get benefit.If you crawl and worship the Lord wholeheartedly, you will get benefit.Can't load alternativesTry againIf you crawl and worship the Lord wholeheartedly, you will get benefit.Contact Mr Ganesa Gurus- 9952924944, Thiruvenkatesan- 9176770308, Mr Kamalakannan- 9884504932.Contact Mr Ganesa Gurus- 9952924944, Thiruvenkatesan- 9176770308, Mr Kamalakannan- 9884504932.Can't load alternativesTry againContact Mr Ganesa Gurus- 9952924944, Thiruvenkatesan- 9176770308, Mr Kamalakannan- 9884504932."
53,1487,Kalavakkam Sivan Temple,The temple was built according to Sri Shankaracharya's Arulasi of Kanchi by taking the Shiva Lingam that was outside the cut.The temple was built according to Sri Shankaracharya's Arulasi of Kanchi by taking the Shiva Lingam that was outside the cut.Can't load alternativesTry againThe temple was built according to Sri Shankaracharya's Arulasi of Kanchi by taking the Shiva Lingam that was outside the cut. East facing shrine.East facing shrine.Can't load alternativesTry againEast facing shrine. Tirunam Sri Kamadenu Ishwar.Tirunam Sri Kamadenu Ishwar.Can't load alternativesTry againTirunam Sri Kamadenu Ishwar. Ambal Sri Gokilampal.Ambal Sri Gokilampal.Can't load alternativesTry againAmbal Sri Gokilampal. There is no Ambal idol.There is no Ambal idol.Can't load alternativesTry againThere is no Ambal idol. Enthrallment before Swami.Enthrallment before Swami.Can't load alternativesTry againEnthrallment before Swami. A temple pond is found nearby.A temple pond is found nearby.Can't load alternativesTry againA temple pond is found nearby. The temple is situated in Kalavakkam village which is before Thiruporur on Mamallapuram road.The temple is situated in Kalavakkam village which is before Thiruporur on Mamallapuram road.Can't load alternativesTry againThe temple is situated in Kalavakkam village which is before Thiruporur on Mamallapuram road. Contact Mr. Munusamy-9962596849.Contact Mr. Munusamy-9962596849.Can't load alternativesTry againContact Mr. Munusamy-9962596849.
54,3082,Kattoor Sivan Temple,"Author Sri Vaidyanath (Swayambu)Author Sri Vaidyanath (Swayambu)Can't load alternativesTry againAuthor Sri Vaidyanath (Swayambu)
Ambal Sri Taiyalanaiki
Ambal Sri TaiyalanaikiCan't load alternativesTry again
Ambal Sri Taiyalanaiki
Other shrines are Goshta Murthys,Nalvar,Vinayak Sekijar,Kashi Vishwanath Visalakshi Murugan,Gaja Lakshmi,Ankarakan,Navagragam.
Other shrines are Goshta Murthys,Nalvar,Vinayak Sekijar,Kashi Vishwanath Visalakshi Murugan,Gaja Lakshmi,Ankarakan,Navagragam.Can't load alternativesTry again
Other shrines are Goshta Murthys,Nalvar,Vinayak Sekijar,Kashi Vishwanath Visalakshi Murugan,Gaja Lakshmi,Ankarakan,Navagragam.
This place is known as Vadavaitheeswaram.
This place is known as Vadavaitheeswaram.Can't load alternativesTry again
This place is known as Vadavaitheeswaram. History says that Sage Sri Agastya worshiped Isaan and removed the bonds of people.History says that Sage Sri Agastya worshiped Isaan and removed the bonds of people.Can't load alternativesTry againHistory says that Sage Sri Agastya worshiped Isaan and removed the bonds of people. The Sivaganga Theertha here was made by Agathiya.The Sivaganga Theertha here was made by Agathiya.Can't load alternativesTry againThe Sivaganga Theertha here was made by Agathiya. Panguni was happy to see Shivashakti Thirukalyanam here on Uttaram.Panguni was happy to see Shivashakti Thirukalyanam here on Uttaram.Can't load alternativesTry againPanguni was happy to see Shivashakti Thirukalyanam here on Uttaram. There is a separate shrine for Ankarakan here.There is a separate shrine for Ankarakan here.Can't load alternativesTry againThere is a separate shrine for Ankarakan here.
In the nearby village of Vembedu, it is customary to visit Bhairava on the top of the hill and then visit Uthra Vaideeswara Swamy.
In the nearby village of Vembedu, it is customary to visit Bhairava on the top of the hill and then visit Uthra Vaideeswara Swamy.Can't load alternativesTry again
In the nearby village of Vembedu, it is customary to visit Bhairava on the top of the hill and then visit Uthra Vaideeswara Swamy.
Mars is the place to get rid of dosha and cure all kinds of ailments.
Mars is the place to get rid of dosha and cure all kinds of ailments.Can't load alternativesTry again
Mars is the place to get rid of dosha and cure all kinds of ailments.
Temple Timings 6 am - 11 pm 4.30 pm - 8.00 pm
Temple Timings 6 am - 11 pm 4.30 pm - 8.00 pmCan't load alternativesTry again
Temple Timings 6 am - 11 pm 4.30 pm - 8.00 pm
Contact Mr. Punniakodi-9884364272, Mr. Arivarasan- 7550352490, Mr. Natarasan-9445366044.
Contact Mr. Punniakodi-9884364272, Mr. Arivarasan- 7550352490, Mr. Natarasan-9445366044.Can't load alternativesTry again
Contact Mr. Punniakodi-9884364272, Mr. Arivarasan- 7550352490, Mr. Natarasan-9445366044. This temple is on Tiruporur Mambakkam road.This temple is on Tiruporur Mambakkam road.Can't load alternativesTry againThis temple is on Tiruporur Mambakkam road. Tiruporur is 6 km from here.Tiruporur is 6 km from here.Can't load alternativesTry againTiruporur is 6 km from here."
55,8359,Thiruporur Temples,"On the day when Sri Chidambara Swami who incarnated in Madurai worshiped Mother Meenakshi and Chokanatha every day, Mother Meenakshi went to Tiruporur Murugan Talam in the north to make her feel that she should stay there.On the day when Sri Chidambara Swami who incarnated in Madurai worshiped Mother Meenakshi and Chokanatha every day, Mother Meenakshi went to Tiruporur Murugan Talam in the north to make her feel that she should stay there.Can't load alternativesTry againOn the day when Sri Chidambara Swami who incarnated in Madurai worshiped Mother Meenakshi and Chokanatha every day, Mother Meenakshi went to Tiruporur Murugan Talam in the north to make her feel that she should stay there. He performed Nitya Puja and attained Jiva Samadhi.He performed Nitya Puja and attained Jiva Samadhi.Can't load alternativesTry againHe performed Nitya Puja and attained Jiva Samadhi. All the 13 disciples of Anna are buried here.All the 13 disciples of Anna are buried here.Can't load alternativesTry againAll the 13 disciples of Anna are buried here.
Temple Timings 7.30 AM-12 PM 4-7 PM.
Temple Timings 7.30 AM-12 PM 4-7 PM.Can't load alternativesTry again
Temple Timings 7.30 AM-12 PM 4-7 PM. Guru Puja takes place on Visakha Nakshatra in the month of Vaikasi.Guru Puja takes place on Visakha Nakshatra in the month of Vaikasi.Can't load alternativesTry againGuru Puja takes place on Visakha Nakshatra in the month of Vaikasi. Special pujas are held on Visakha, Poornami and Pradosham days every month.Special pujas are held on Visakha, Poornami and Pradosham days every month.Can't load alternativesTry againSpecial pujas are held on Visakha, Poornami and Pradosham days every month.
In this very famous temple, Moolav Sri Kandaswamy is enshrined as Swayambu Murthy.
In this very famous temple, Moolav Sri Kandaswamy is enshrined as Swayambu Murthy.Can't load alternativesTry again
In this very famous temple, Moolav Sri Kandaswamy is enshrined as Swayambu Murthy. Sri Subramaniya Yantra is enshrined in the turtle shaped pedestal.Sri Subramaniya Yantra is enshrined in the turtle shaped pedestal.Can't load alternativesTry againSri Subramaniya Yantra is enshrined in the turtle shaped pedestal. Anointing is for the machine.Anointing is for the machine.Can't load alternativesTry againAnointing is for the machine. The source does not have abhishekam.The source does not have abhishekam.Can't load alternativesTry againThe source does not have abhishekam. After the pooja to Murugan, the pooja is performed to Enthra.After the pooja to Murugan, the pooja is performed to Enthra.Can't load alternativesTry againAfter the pooja to Murugan, the pooja is performed to Enthra. He presents the scene with four arms, one arm aksharamalai, one arm kandigai, one arm abhayahastam and other arm in tudu.He presents the scene with four arms, one arm aksharamalai, one arm kandigai, one arm abhayahastam and other arm in tudu.Can't load alternativesTry againHe presents the scene with four arms, one arm aksharamalai, one arm kandigai, one arm abhayahastam and other arm in tudu. The unique feature of this temple is its Ongara shape.The unique feature of this temple is its Ongara shape.Can't load alternativesTry againThe unique feature of this temple is its Ongara shape. The flagpole of the temple with 3 prakaras is outside.The flagpole of the temple with 3 prakaras is outside.Can't load alternativesTry againThe flagpole of the temple with 3 prakaras is outside. Airavatham given by Devendran is the vehicle here.Airavatham given by Devendran is the vehicle here.Can't load alternativesTry againAiravatham given by Devendran is the vehicle here. A separate shrine for Valli Devasena Devi.A separate shrine for Valli Devasena Devi.Can't load alternativesTry againA separate shrine for Valli Devasena Devi. Navagraham is not here.Navagraham is not here.Can't load alternativesTry againNavagraham is not here. Sri Adi Sankara worshiped this Lord.Sri Adi Sankara worshiped this Lord.Can't load alternativesTry againSri Adi Sankara worshiped this Lord. The temple head tree came.The temple head tree came.Can't load alternativesTry againThe temple head tree came. Theertha Saravana Theertha.Theertha Saravana Theertha.Can't load alternativesTry againTheertha Saravana Theertha.
Murugan blesses those who stay in this place to achieve their desired goals, to get peace of mind and to get physical health.
Murugan blesses those who stay in this place to achieve their desired goals, to get peace of mind and to get physical health.Can't load alternativesTry again
Murugan blesses those who stay in this place to achieve their desired goals, to get peace of mind and to get physical health. Mainly those who are afflicted with Mars will benefit if they visit this place and worship Lord Muruga.Mainly those who are afflicted with Mars will benefit if they visit this place and worship Lord Muruga.Can't load alternativesTry againMainly those who are afflicted with Mars will benefit if they visit this place and worship Lord Muruga.
Contact Mr. Kumar Gurus-9566423840, Mr. Ravichandran- 9840977177, Mr. Anandan-9940146465.
Contact Mr. Kumar Gurus-9566423840, Mr. Ravichandran- 9840977177, Mr. Anandan-9940146465.Can't load alternativesTry again
Contact Mr. Kumar Gurus-9566423840, Mr. Ravichandran- 9840977177, Mr. Anandan-9940146465. There are 4 daily pujas here.There are 4 daily pujas here.Can't load alternativesTry againThere are 4 daily pujas here. 
This temple is situated on a small hill called Pranavagiri near Thiruporur Kandaswamy Temple near Chennai.
This temple is situated on a small hill called Pranavagiri near Thiruporur Kandaswamy Temple near Chennai.Can't load alternativesTry again
This temple is situated on a small hill called Pranavagiri near Thiruporur Kandaswamy Temple near Chennai. Moolavar Sri Kailasanathar gives a view towards the east.Moolavar Sri Kailasanathar gives a view towards the east.Can't load alternativesTry againMoolavar Sri Kailasanathar gives a view towards the east. Ambal gives darshan of Shri Palambhikai Amma towards the east direction.Ambal gives darshan of Shri Palambhikai Amma towards the east direction.Can't load alternativesTry againAmbal gives darshan of Shri Palambhikai Amma towards the east direction. The temple is about 2000 years old.The temple is about 2000 years old.Can't load alternativesTry againThe temple is about 2000 years old. The place where Lord Muruga preached to Sage Sri Agastya. The place where Sri Chidambara Swami worshipped.The place where Lord Muruga preached to Sage Sri Agastya. The place where Sri Chidambara Swami worshipped.Can't load alternativesTry againThe place where Lord Muruga preached to Sage Sri Agastya. The place where Sri Chidambara Swami worshipped. From here there is a tunnel to Kandasamy Temple.From here there is a tunnel to Kandasamy Temple.Can't load alternativesTry againFrom here there is a tunnel to Kandasamy Temple. There are shrines of Vinayagar, Murugan, Durgai, Ardhanareeswarar, Brahma, Sandikeswarar, Veerabhatra, Bhairava, Surya, etc. in the prakaram.There are shrines of Vinayagar, Murugan, Durgai, Ardhanareeswarar, Brahma, Sandikeswarar, Veerabhatra, Bhairava, Surya, etc. in the prakaram.Can't load alternativesTry againThere are shrines of Vinayagar, Murugan, Durgai, Ardhanareeswarar, Brahma, Sandikeswarar, Veerabhatra, Bhairava, Surya, etc. in the prakaram. Worshiping this Pranava Hill is considered very special.Worshiping this Pranava Hill is considered very special.Can't load alternativesTry againWorshiping this Pranava Hill is considered very special. Visiting Eason on Saturday is very special.Visiting Eason on Saturday is very special.Can't load alternativesTry againVisiting Eason on Saturday is very special. Perhaps the puja takes place here.Perhaps the puja takes place here.Can't load alternativesTry againPerhaps the puja takes place here. Temple timings are 5.30-8.00 pm.Temple timings are 5.30-8.00 pm.Can't load alternativesTry againTemple timings are 5.30-8.00 pm. Contact Mr. Kumar-9790712721, Mr. Senthilvel- 9840807409. Many buses ply from Chennai, Tambaram and Mambalam.Contact Mr. Kumar-9790712721, Mr. Senthilvel- 9840807409. Many buses ply from Chennai, Tambaram and Mambalam.Can't load alternativesTry againContact Mr. Kumar-9790712721, Mr. Senthilvel- 9840807409. Many buses ply from Chennai, Tambaram and Mambalam."
56,2440,Kovalam Sivan Temple,"This ancient Shiva temple is located in the small town of Kovalam on the road to Mamallapuram, Chennai.This ancient Shiva temple is located in the small town of Kovalam on the road to Mamallapuram, Chennai.Can't load alternativesTry againThis ancient Shiva temple is located in the small town of Kovalam on the road to Mamallapuram, Chennai. In this stone temple, Sri Kailasanathar as the source gives a view towards the east direction.In this stone temple, Sri Kailasanathar as the source gives a view towards the east direction.Can't load alternativesTry againIn this stone temple, Sri Kailasanathar as the source gives a view towards the east direction. Ambal Sri Kanakavalli.Ambal Sri Kanakavalli.Can't load alternativesTry againAmbal Sri Kanakavalli. About 1350 years old, this temple was renovated 35 years ago.About 1350 years old, this temple was renovated 35 years ago.Can't load alternativesTry againAbout 1350 years old, this temple was renovated 35 years ago. Many inscriptions are found here.Many inscriptions are found here.Can't load alternativesTry againMany inscriptions are found here. Other shrines are Vinayagar, Valli, Devasena Murugan, Pancha Goshta Murthys, Navagragam, Bhairava.Other shrines are Vinayagar, Valli, Devasena Murugan, Pancha Goshta Murthys, Navagragam, Bhairava.Can't load alternativesTry againOther shrines are Vinayagar, Valli, Devasena Murugan, Pancha Goshta Murthys, Navagragam, Bhairava. There is an idol of Sri Perumal in a hall.There is an idol of Sri Perumal in a hall.Can't load alternativesTry againThere is an idol of Sri Perumal in a hall.
Parameshwaran who bestows remedy
Parameshwaran who bestows remedyCan't load alternativesTry again
Parameshwaran who bestows remedy
Nandi Devar here is very special.
Nandi Devar here is very special.Can't load alternativesTry again
Nandi Devar here is very special. She showed him the thali and the blessing of marriage would come immediately.She showed him the thali and the blessing of marriage would come immediately.Can't load alternativesTry againShe showed him the thali and the blessing of marriage would come immediately.
Temple Hours 6-9, 5-7 PM.
Temple Hours 6-9, 5-7 PM.Can't load alternativesTry again
Temple Hours 6-9, 5-7 PM.
Contact Mr Dilli Chettiar-9176491300, Ms Vanaja-9884760952.
Contact Mr Dilli Chettiar-9176491300, Ms Vanaja-9884760952.Can't load alternativesTry again
Contact Mr Dilli Chettiar-9176491300, Ms Vanaja-9884760952."
57,929,Nemmeli Jeevasamadhi Temple,"Kukasree Kumarastavam Sri Ramanuja Swami Jeevasamadhi is located outside the town in Nemmeli village near Thiruvidantha on Chennai Mamallapuram road.Kukasree Kumarastavam Sri Ramanuja Swami Jeevasamadhi is located outside the town in Nemmeli village near Thiruvidantha on Chennai Mamallapuram road.Can't load alternativesTry againKukasree Kumarastavam Sri Ramanuja Swami Jeevasamadhi is located outside the town in Nemmeli village near Thiruvidantha on Chennai Mamallapuram road. Sri Pamban Swami's disciple.Sri Pamban Swami's disciple.Can't load alternativesTry againSri Pamban Swami's disciple. A puja is held daily.A puja is held daily.Can't load alternativesTry againA puja is held daily. Contact Mr. Duraisamy-9384623266, Ms. Gayathri Duraisamy-9176820569.Contact Mr. Duraisamy-9384623266, Ms. Gayathri Duraisamy-9176820569.Can't load alternativesTry againContact Mr. Duraisamy-9384623266, Ms. Gayathri Duraisamy-9176820569."
58,1136,Pattipulam Murugan Temple,This temple is found near the beach at a place called Pulikugai before Mamallapuram on Chennai Mamallapuram road.This temple is found near the beach at a place called Pulikugai before Mamallapuram on Chennai Mamallapuram road.Can't load alternativesTry againThis temple is found near the beach at a place called Pulikugai before Mamallapuram on Chennai Mamallapuram road. Now there are only ruins.Now there are only ruins.Can't load alternativesTry againNow there are only ruins. Archaeologists have excavated the earth and discovered this temple.Archaeologists have excavated the earth and discovered this temple.Can't load alternativesTry againArchaeologists have excavated the earth and discovered this temple. They have researched and declared that this temple is Murugan temple and is about 3000 years old.They have researched and declared that this temple is Murugan temple and is about 3000 years old.Can't load alternativesTry againThey have researched and declared that this temple is Murugan temple and is about 3000 years old. There is no idol here.There is no idol here.Can't load alternativesTry againThere is no idol here.
59,3221,Thiruvidanthai Perumal Temple,"This temple is the 62nd out of 108 Vaishnava shrines.This temple is the 62nd out of 108 Vaishnava shrines.Can't load alternativesTry againThis temple is the 62nd out of 108 Vaishnava shrines. Sri Thirumangai Alwar Mangalasasanam made the shrine.Sri Thirumangai Alwar Mangalasasanam made the shrine.Can't load alternativesTry againSri Thirumangai Alwar Mangalasasanam made the shrine. Moolavar Shree Lakshmi Varahar is depicted in a golam with Shree Bhumadevi sitting on his shoulder.Moolavar Shree Lakshmi Varahar is depicted in a golam with Shree Bhumadevi sitting on his shoulder.Can't load alternativesTry againMoolavar Shree Lakshmi Varahar is depicted in a golam with Shree Bhumadevi sitting on his shoulder. Utsavar Sri Nitya Kalyana Perumal is the place where Goddess Bhumadevi was taken as Vara avatar when the Asuras abducted Bhumadevi.Utsavar Sri Nitya Kalyana Perumal is the place where Goddess Bhumadevi was taken as Vara avatar when the Asuras abducted Bhumadevi.Can't load alternativesTry againUtsavar Sri Nitya Kalyana Perumal is the place where Goddess Bhumadevi was taken as Vara avatar when the Asuras abducted Bhumadevi. There is no Thirumanjanam as the Moolavar is made of herbs.There is no Thirumanjanam as the Moolavar is made of herbs.Can't load alternativesTry againThere is no Thirumanjanam as the Moolavar is made of herbs. Sri Komalavalli's mother, Andal, Ranganayaki Sametha Sri Ranganatha have a temple in a separate shrine.Sri Komalavalli's mother, Andal, Ranganayaki Sametha Sri Ranganatha have a temple in a separate shrine.Can't load alternativesTry againSri Komalavalli's mother, Andal, Ranganayaki Sametha Sri Ranganatha have a temple in a separate shrine. There are three solutions here.There are three solutions here.Can't load alternativesTry againThere are three solutions here. Varaha Theertha, Kalyana Theertha, Ranganatha Theertha.Varaha Theertha, Kalyana Theertha, Ranganatha Theertha.Can't load alternativesTry againVaraha Theertha, Kalyana Theertha, Ranganatha Theertha. If an unmarried person comes here and takes a dip in the Varaha Theertha and worships Perumal in the evening, marriage will take place.If an unmarried person comes here and takes a dip in the Varaha Theertha and worships Perumal in the evening, marriage will take place.Can't load alternativesTry againIf an unmarried person comes here and takes a dip in the Varaha Theertha and worships Perumal in the evening, marriage will take place. Many people come here and perform this worship.Many people come here and perform this worship.Can't load alternativesTry againMany people come here and perform this worship. Contact Manager Murthy-7358856193.Contact Manager Murthy-7358856193.Can't load alternativesTry againContact Manager Murthy-7358856193. 044 2747 2235. Temple Timings 7-12 AM 3-8 PM. Four times puja is held here.044 2747 2235. Temple Timings 7-12 AM 3-8 PM. Four times puja is held here.Can't load alternativesTry again044 2747 2235. Temple Timings 7-12 AM 3-8 PM. Four times puja is held here. The place is located on the Kovalam - Mamallapuram road.The place is located on the Kovalam - Mamallapuram road.Can't load alternativesTry againThe place is located on the Kovalam - Mamallapuram road."
60,2565,Kelambakkam Sivan Temple,"About half a km west from Kelambakkam bus station.About half a km west from Kelambakkam bus station.Can't load alternativesTry againAbout half a km west from Kelambakkam bus station. If you go, you will find a small temple under the royal tree in the natural environment.If you go, you will find a small temple under the royal tree in the natural environment.Can't load alternativesTry againIf you go, you will find a small temple under the royal tree in the natural environment. At the root of the tree is a Shiva Lingam.At the root of the tree is a Shiva Lingam.Can't load alternativesTry againAt the root of the tree is a Shiva Lingam. It is said that they have come out from underground before.It is said that they have come out from underground before.Can't load alternativesTry againIt is said that they have come out from underground before. Esan Thirunamam Shri Bhuminathar.Esan Thirunamam Shri Bhuminathar.Can't load alternativesTry againEsan Thirunamam Shri Bhuminathar. Ambal idol not found.Ambal idol not found.Can't load alternativesTry againAmbal idol not found. Near the Shiva Lingam, the root part naturally looks like a Ganesha figure.Near the Shiva Lingam, the root part naturally looks like a Ganesha figure.Can't load alternativesTry againNear the Shiva Lingam, the root part naturally looks like a Ganesha figure. Daily puja is held here.Daily puja is held here.Can't load alternativesTry againDaily puja is held here.
Nearby is Sri Kelyamman Temple.
Nearby is Sri Kelyamman Temple.Can't load alternativesTry again
Nearby is Sri Kelyamman Temple. A very old temple.A very old temple.Can't load alternativesTry againA very old temple. It is said that it is called Kelambakkam after the goddess.It is said that it is called Kelambakkam after the goddess.Can't load alternativesTry againIt is said that it is called Kelambakkam after the goddess. This goddess is a boon.This goddess is a boon.Can't load alternativesTry againThis goddess is a boon. The goddess who bestows children.The goddess who bestows children.Can't load alternativesTry againThe goddess who bestows children. She presents a scene with a baby on her lap.She presents a scene with a baby on her lap.Can't load alternativesTry againShe presents a scene with a baby on her lap.
Contact Mr. Sakthivel-9884989984, Mr. Sivakumar- 9841069433, Mr. Ravichandran-9884102437.
Contact Mr. Sakthivel-9884989984, Mr. Sivakumar- 9841069433, Mr. Ravichandran-9884102437.Can't load alternativesTry again
Contact Mr. Sakthivel-9884989984, Mr. Sivakumar- 9841069433, Mr. Ravichandran-9884102437."
61,149,Important Temples,"5 45 4Can't load alternativesTry again5 4 

5, 5

5, 5Can't load alternativesTry again

5, 5 




5 8




5 8Can't load alternativesTry again




5 8"
62,5454,Thaiyur Temples,"About 2 km from Kelambakkam on Chennai Mamallapuram road.About 2 km from Kelambakkam on Chennai Mamallapuram road.Can't load alternativesTry againAbout 2 km from Kelambakkam on Chennai Mamallapuram road. A village called Taiyur situated in the western direction once had 7 temples.A village called Taiyur situated in the western direction once had 7 temples.Can't load alternativesTry againA village called Taiyur situated in the western direction once had 7 temples. At present only 3 temples are under worship.At present only 3 temples are under worship.Can't load alternativesTry againAt present only 3 temples are under worship. Other temples are said to be ruined in the forest.Other temples are said to be ruined in the forest.Can't load alternativesTry againOther temples are said to be ruined in the forest.
Sri Mariswarar Temple
Sri Mariswarar TempleCan't load alternativesTry again
Sri Mariswarar Temple
Moolav Sri Mariswarar Ambal Sri Aramvalarthanayaki.
Moolav Sri Mariswarar Ambal Sri Aramvalarthanayaki.Can't load alternativesTry again
Moolav Sri Mariswarar Ambal Sri Aramvalarthanayaki.
flagpole
flagpoleCan't load alternativesTry again
flagpole Along with Nandi Mandapam and Raja Gopuram, this temple has Pancha Goshta Murthys, Vinayagar, Murugan, Chandikeswarar, Surya, Bhairava and Hanuman Navakrigam.Along with Nandi Mandapam and Raja Gopuram, this temple has Pancha Goshta Murthys, Vinayagar, Murugan, Chandikeswarar, Surya, Bhairava and Hanuman Navakrigam.Can't load alternativesTry againAlong with Nandi Mandapam and Raja Gopuram, this temple has Pancha Goshta Murthys, Vinayagar, Murugan, Chandikeswarar, Surya, Bhairava and Hanuman Navakrigam. A puja is held every day.A puja is held every day.Can't load alternativesTry againA puja is held every day. Thirukkulam is found in a dry state.Thirukkulam is found in a dry state.Can't load alternativesTry againThirukkulam is found in a dry state. Contact Mr. Ramamurthy- 7299552933, Mr. Kannan-9790825558, Mr. Rajesh-9941745535.Contact Mr. Ramamurthy- 7299552933, Mr. Kannan-9790825558, Mr. Rajesh-9941745535.Can't load alternativesTry againContact Mr. Ramamurthy- 7299552933, Mr. Kannan-9790825558, Mr. Rajesh-9941745535. Bus Tambaram-Thaiyur (55K)Bus Tambaram-Thaiyur (55K)Can't load alternativesTry againBus Tambaram-Thaiyur (55K)
Sri Murugeeswarar Temple
Sri Murugeeswarar TempleCan't load alternativesTry again
Sri Murugeeswarar Temple
Moolavar Sri Murugeswar (Swayambu)
Moolavar Sri Murugeswar (Swayambu)Can't load alternativesTry again
Moolavar Sri Murugeswar (Swayambu)
Ambal Sri Marakatambikai
Ambal Sri MarakatambikaiCan't load alternativesTry again
Ambal Sri Marakatambikai
It is history that Lord Muruga worshiped the Lord.
It is history that Lord Muruga worshiped the Lord.Can't load alternativesTry again
It is history that Lord Muruga worshiped the Lord. Because of that, he is known as Murugeeswarar.Because of that, he is known as Murugeeswarar.Can't load alternativesTry againBecause of that, he is known as Murugeeswarar. Lord Muruga has also arisen here as Swayambu.Lord Muruga has also arisen here as Swayambu.Can't load alternativesTry againLord Muruga has also arisen here as Swayambu. There are sanctuaries of flag tree, Pancha Goshtas, Ganesha, Surya, Bhairava and Navagraha.There are sanctuaries of flag tree, Pancha Goshtas, Ganesha, Surya, Bhairava and Navagraha.Can't load alternativesTry againThere are sanctuaries of flag tree, Pancha Goshtas, Ganesha, Surya, Bhairava and Navagraha. It is considered as a place to remedy all planetary doshas.It is considered as a place to remedy all planetary doshas.Can't load alternativesTry againIt is considered as a place to remedy all planetary doshas. A period of worship.A period of worship.Can't load alternativesTry againA period of worship. Contact Mr. Ramamurthy- 7299552933, Mr. Kannan-9790825558, Mr. Rajesh-9941745535.Contact Mr. Ramamurthy- 7299552933, Mr. Kannan-9790825558, Mr. Rajesh-9941745535.Can't load alternativesTry againContact Mr. Ramamurthy- 7299552933, Mr. Kannan-9790825558, Mr. Rajesh-9941745535. Bus Tambaram-Thaiyur (55K)Bus Tambaram-Thaiyur (55K)Can't load alternativesTry againBus Tambaram-Thaiyur (55K)
Sri Alageeswar Temple
Sri Alageeswar TempleCan't load alternativesTry again
Sri Alageeswar Temple
Moolav Sri Alageeswarar Ambal Sri Alagambikai.
Moolav Sri Alageeswarar Ambal Sri Alagambikai.Can't load alternativesTry again
Moolav Sri Alageeswarar Ambal Sri Alagambikai.
The old temple is currently being renovated.
The old temple is currently being renovated.Can't load alternativesTry again
The old temple is currently being renovated. Dwara Ganapati, Murugan, Pancha Goshta Shrines Perumal, and Navagragam.Dwara Ganapati, Murugan, Pancha Goshta Shrines Perumal, and Navagragam.Can't load alternativesTry againDwara Ganapati, Murugan, Pancha Goshta Shrines Perumal, and Navagragam. Thirukulam in front of the temple.Thirukulam in front of the temple.Can't load alternativesTry againThirukulam in front of the temple. A period puja.A period puja.Can't load alternativesTry againA period puja.Contact Mr. Ramamurthy- 7299552933, Mr. Kannan-9790825558, Mr. Rajesh-9941745535.Contact Mr. Ramamurthy- 7299552933, Mr. Kannan-9790825558, Mr. Rajesh-9941745535.Can't load alternativesTry againContact Mr. Ramamurthy- 7299552933, Mr. Kannan-9790825558, Mr. Rajesh-9941745535. Bus Tambaram-Thaiyur (55K)Bus Tambaram-Thaiyur (55K)Can't load alternativesTry againBus Tambaram-Thaiyur (55K)"
63,2358,Senkanmal Sivan Temple,"This temple is on the side of the road next to Kelambakkam on Chennai Mamallapuram road.This temple is on the side of the road next to Kelambakkam on Chennai Mamallapuram road.Can't load alternativesTry againThis temple is on the side of the road next to Kelambakkam on Chennai Mamallapuram road. As Shri Mahavishnu worshiped, the Lord appears here with the name of Shri Senkanmaleeswarar.As Shri Mahavishnu worshiped, the Lord appears here with the name of Shri Senkanmaleeswarar.Can't load alternativesTry againAs Shri Mahavishnu worshiped, the Lord appears here with the name of Shri Senkanmaleeswarar. On the square pedestal, Swami faces east and Ambal Sri Brahannayake faces south.On the square pedestal, Swami faces east and Ambal Sri Brahannayake faces south.Can't load alternativesTry againOn the square pedestal, Swami faces east and Ambal Sri Brahannayake faces south. The temple is flanked by the flag tree Nandi Mandapam prakaram and has shrines of Goshta Murthy, Ganesha, Murugan, Gajalakshmi, Bhairava, Surya, Jeshta Devi and Navagraha shrines.The temple is flanked by the flag tree Nandi Mandapam prakaram and has shrines of Goshta Murthy, Ganesha, Murugan, Gajalakshmi, Bhairava, Surya, Jeshta Devi and Navagraha shrines.Can't load alternativesTry againThe temple is flanked by the flag tree Nandi Mandapam prakaram and has shrines of Goshta Murthy, Ganesha, Murugan, Gajalakshmi, Bhairava, Surya, Jeshta Devi and Navagraha shrines. Lord Tirumeni is composed of Salagram.Lord Tirumeni is composed of Salagram.Can't load alternativesTry againLord Tirumeni is composed of Salagram.It is a place of relief for all diseases related to eyes.It is a place of relief for all diseases related to eyes.Can't load alternativesTry againIt is a place of relief for all diseases related to eyes. If you crawl and worship the Lord wholeheartedly, you will get benefit.If you crawl and worship the Lord wholeheartedly, you will get benefit.Can't load alternativesTry againIf you crawl and worship the Lord wholeheartedly, you will get benefit.Contact Mr Ganesa Gurus- 9952924944, Thiruvenkatesan- 9176770308, Mr Kamalakannan- 9884504932.Contact Mr Ganesa Gurus- 9952924944, Thiruvenkatesan- 9176770308, Mr Kamalakannan- 9884504932.Can't load alternativesTry againContact Mr Ganesa Gurus- 9952924944, Thiruvenkatesan- 9176770308, Mr Kamalakannan- 9884504932."
64,1487,Kalavakkam Sivan Temple,The temple was built according to Sri Shankaracharya's Arulasi of Kanchi by taking the Shiva Lingam that was outside the cut.The temple was built according to Sri Shankaracharya's Arulasi of Kanchi by taking the Shiva Lingam that was outside the cut.Can't load alternativesTry againThe temple was built according to Sri Shankaracharya's Arulasi of Kanchi by taking the Shiva Lingam that was outside the cut. East facing shrine.East facing shrine.Can't load alternativesTry againEast facing shrine. Tirunam Sri Kamadenu Ishwar.Tirunam Sri Kamadenu Ishwar.Can't load alternativesTry againTirunam Sri Kamadenu Ishwar. Ambal Sri Gokilampal.Ambal Sri Gokilampal.Can't load alternativesTry againAmbal Sri Gokilampal. There is no Ambal idol.There is no Ambal idol.Can't load alternativesTry againThere is no Ambal idol. Enthrallment before Swami.Enthrallment before Swami.Can't load alternativesTry againEnthrallment before Swami. A temple pond is found nearby.A temple pond is found nearby.Can't load alternativesTry againA temple pond is found nearby. The temple is situated in Kalavakkam village which is before Thiruporur on Mamallapuram road.The temple is situated in Kalavakkam village which is before Thiruporur on Mamallapuram road.Can't load alternativesTry againThe temple is situated in Kalavakkam village which is before Thiruporur on Mamallapuram road. Contact Mr. Munusamy-9962596849.Contact Mr. Munusamy-9962596849.Can't load alternativesTry againContact Mr. Munusamy-9962596849.
65,3082,Kattoor Sivan Temple,"Author Sri Vaidyanath (Swayambu)Author Sri Vaidyanath (Swayambu)Can't load alternativesTry againAuthor Sri Vaidyanath (Swayambu)
Ambal Sri Taiyalanaiki
Ambal Sri TaiyalanaikiCan't load alternativesTry again
Ambal Sri Taiyalanaiki
Other shrines are Goshta Murthys,Nalvar,Vinayak Sekijar,Kashi Vishwanath Visalakshi Murugan,Gaja Lakshmi,Ankarakan,Navagragam.
Other shrines are Goshta Murthys,Nalvar,Vinayak Sekijar,Kashi Vishwanath Visalakshi Murugan,Gaja Lakshmi,Ankarakan,Navagragam.Can't load alternativesTry again
Other shrines are Goshta Murthys,Nalvar,Vinayak Sekijar,Kashi Vishwanath Visalakshi Murugan,Gaja Lakshmi,Ankarakan,Navagragam.
This place is known as Vadavaitheeswaram.
This place is known as Vadavaitheeswaram.Can't load alternativesTry again
This place is known as Vadavaitheeswaram. History says that Sage Sri Agastya worshiped Isaan and removed the bonds of people.History says that Sage Sri Agastya worshiped Isaan and removed the bonds of people.Can't load alternativesTry againHistory says that Sage Sri Agastya worshiped Isaan and removed the bonds of people. The Sivaganga Theertha here was made by Agathiya.The Sivaganga Theertha here was made by Agathiya.Can't load alternativesTry againThe Sivaganga Theertha here was made by Agathiya. Panguni was happy to see Shivashakti Thirukalyanam here on Uttaram.Panguni was happy to see Shivashakti Thirukalyanam here on Uttaram.Can't load alternativesTry againPanguni was happy to see Shivashakti Thirukalyanam here on Uttaram. There is a separate shrine for Ankarakan here.There is a separate shrine for Ankarakan here.Can't load alternativesTry againThere is a separate shrine for Ankarakan here.
In the nearby village of Vembedu, it is customary to visit Bhairava on the top of the hill and then visit Uthra Vaideeswara Swamy.
In the nearby village of Vembedu, it is customary to visit Bhairava on the top of the hill and then visit Uthra Vaideeswara Swamy.Can't load alternativesTry again
In the nearby village of Vembedu, it is customary to visit Bhairava on the top of the hill and then visit Uthra Vaideeswara Swamy.
Mars is the place to get rid of dosha and cure all kinds of ailments.
Mars is the place to get rid of dosha and cure all kinds of ailments.Can't load alternativesTry again
Mars is the place to get rid of dosha and cure all kinds of ailments.
Temple Timings 6 am - 11 pm 4.30 pm - 8.00 pm
Temple Timings 6 am - 11 pm 4.30 pm - 8.00 pmCan't load alternativesTry again
Temple Timings 6 am - 11 pm 4.30 pm - 8.00 pm
Contact Mr. Punniakodi-9884364272, Mr. Arivarasan- 7550352490, Mr. Natarasan-9445366044.
Contact Mr. Punniakodi-9884364272, Mr. Arivarasan- 7550352490, Mr. Natarasan-9445366044.Can't load alternativesTry again
Contact Mr. Punniakodi-9884364272, Mr. Arivarasan- 7550352490, Mr. Natarasan-9445366044. This temple is on Tiruporur Mambakkam road.This temple is on Tiruporur Mambakkam road.Can't load alternativesTry againThis temple is on Tiruporur Mambakkam road. Tiruporur is 6 km from here.Tiruporur is 6 km from here.Can't load alternativesTry againTiruporur is 6 km from here."
66,8359,Thiruporur Temples,"On the day when Sri Chidambara Swami who incarnated in Madurai worshiped Mother Meenakshi and Chokanatha every day, Mother Meenakshi went to Tiruporur Murugan Talam in the north to make her feel that she should stay there.On the day when Sri Chidambara Swami who incarnated in Madurai worshiped Mother Meenakshi and Chokanatha every day, Mother Meenakshi went to Tiruporur Murugan Talam in the north to make her feel that she should stay there.Can't load alternativesTry againOn the day when Sri Chidambara Swami who incarnated in Madurai worshiped Mother Meenakshi and Chokanatha every day, Mother Meenakshi went to Tiruporur Murugan Talam in the north to make her feel that she should stay there. He performed Nitya Puja and attained Jiva Samadhi.He performed Nitya Puja and attained Jiva Samadhi.Can't load alternativesTry againHe performed Nitya Puja and attained Jiva Samadhi. All the 13 disciples of Anna are buried here.All the 13 disciples of Anna are buried here.Can't load alternativesTry againAll the 13 disciples of Anna are buried here.
Temple Timings 7.30 AM-12 PM 4-7 PM.
Temple Timings 7.30 AM-12 PM 4-7 PM.Can't load alternativesTry again
Temple Timings 7.30 AM-12 PM 4-7 PM. Guru Puja takes place on Visakha Nakshatra in the month of Vaikasi.Guru Puja takes place on Visakha Nakshatra in the month of Vaikasi.Can't load alternativesTry againGuru Puja takes place on Visakha Nakshatra in the month of Vaikasi. Special pujas are held on Visakha, Poornami and Pradosham days every month.Special pujas are held on Visakha, Poornami and Pradosham days every month.Can't load alternativesTry againSpecial pujas are held on Visakha, Poornami and Pradosham days every month.
In this very famous temple, Moolav Sri Kandaswamy is enshrined as Swayambu Murthy.
In this very famous temple, Moolav Sri Kandaswamy is enshrined as Swayambu Murthy.Can't load alternativesTry again
In this very famous temple, Moolav Sri Kandaswamy is enshrined as Swayambu Murthy. Sri Subramaniya Yantra is enshrined in the turtle shaped pedestal.Sri Subramaniya Yantra is enshrined in the turtle shaped pedestal.Can't load alternativesTry againSri Subramaniya Yantra is enshrined in the turtle shaped pedestal. Anointing is for the machine.Anointing is for the machine.Can't load alternativesTry againAnointing is for the machine. The source does not have abhishekam.The source does not have abhishekam.Can't load alternativesTry againThe source does not have abhishekam. After the pooja to Murugan, the pooja is performed to Enthra.After the pooja to Murugan, the pooja is performed to Enthra.Can't load alternativesTry againAfter the pooja to Murugan, the pooja is performed to Enthra. He presents the scene with four arms, one arm aksharamalai, one arm kandigai, one arm abhayahastam and other arm in tudu.He presents the scene with four arms, one arm aksharamalai, one arm kandigai, one arm abhayahastam and other arm in tudu.Can't load alternativesTry againHe presents the scene with four arms, one arm aksharamalai, one arm kandigai, one arm abhayahastam and other arm in tudu. The unique feature of this temple is its Ongara shape.The unique feature of this temple is its Ongara shape.Can't load alternativesTry againThe unique feature of this temple is its Ongara shape. The flagpole of the temple with 3 prakaras is outside.The flagpole of the temple with 3 prakaras is outside.Can't load alternativesTry againThe flagpole of the temple with 3 prakaras is outside. Airavatham given by Devendran is the vehicle here.Airavatham given by Devendran is the vehicle here.Can't load alternativesTry againAiravatham given by Devendran is the vehicle here. A separate shrine for Valli Devasena Devi.A separate shrine for Valli Devasena Devi.Can't load alternativesTry againA separate shrine for Valli Devasena Devi. Navagraham is not here.Navagraham is not here.Can't load alternativesTry againNavagraham is not here. Sri Adi Sankara worshiped this Lord.Sri Adi Sankara worshiped this Lord.Can't load alternativesTry againSri Adi Sankara worshiped this Lord. The temple head tree came.The temple head tree came.Can't load alternativesTry againThe temple head tree came. Theertha Saravana Theertha.Theertha Saravana Theertha.Can't load alternativesTry againTheertha Saravana Theertha.
Murugan blesses those who stay in this place to achieve their desired goals, to get peace of mind and to get physical health.
Murugan blesses those who stay in this place to achieve their desired goals, to get peace of mind and to get physical health.Can't load alternativesTry again
Murugan blesses those who stay in this place to achieve their desired goals, to get peace of mind and to get physical health. Mainly those who are afflicted with Mars will benefit if they visit this place and worship Lord Muruga.Mainly those who are afflicted with Mars will benefit if they visit this place and worship Lord Muruga.Can't load alternativesTry againMainly those who are afflicted with Mars will benefit if they visit this place and worship Lord Muruga.
Contact Mr. Kumar Gurus-9566423840, Mr. Ravichandran- 9840977177, Mr. Anandan-9940146465.
Contact Mr. Kumar Gurus-9566423840, Mr. Ravichandran- 9840977177, Mr. Anandan-9940146465.Can't load alternativesTry again
Contact Mr. Kumar Gurus-9566423840, Mr. Ravichandran- 9840977177, Mr. Anandan-9940146465. There are 4 daily pujas here.There are 4 daily pujas here.Can't load alternativesTry againThere are 4 daily pujas here. 
This temple is situated on a small hill called Pranavagiri near Thiruporur Kandaswamy Temple near Chennai.
This temple is situated on a small hill called Pranavagiri near Thiruporur Kandaswamy Temple near Chennai.Can't load alternativesTry again
This temple is situated on a small hill called Pranavagiri near Thiruporur Kandaswamy Temple near Chennai. Moolavar Sri Kailasanathar gives a view towards the east.Moolavar Sri Kailasanathar gives a view towards the east.Can't load alternativesTry againMoolavar Sri Kailasanathar gives a view towards the east. Ambal gives darshan of Shri Palambhikai Amma towards the east direction.Ambal gives darshan of Shri Palambhikai Amma towards the east direction.Can't load alternativesTry againAmbal gives darshan of Shri Palambhikai Amma towards the east direction. The temple is about 2000 years old.The temple is about 2000 years old.Can't load alternativesTry againThe temple is about 2000 years old. The place where Lord Muruga preached to Sage Sri Agastya. The place where Sri Chidambara Swami worshipped.The place where Lord Muruga preached to Sage Sri Agastya. The place where Sri Chidambara Swami worshipped.Can't load alternativesTry againThe place where Lord Muruga preached to Sage Sri Agastya. The place where Sri Chidambara Swami worshipped. From here there is a tunnel to Kandasamy Temple.From here there is a tunnel to Kandasamy Temple.Can't load alternativesTry againFrom here there is a tunnel to Kandasamy Temple. There are shrines of Vinayagar, Murugan, Durgai, Ardhanareeswarar, Brahma, Sandikeswarar, Veerabhatra, Bhairava, Surya, etc. in the prakaram.There are shrines of Vinayagar, Murugan, Durgai, Ardhanareeswarar, Brahma, Sandikeswarar, Veerabhatra, Bhairava, Surya, etc. in the prakaram.Can't load alternativesTry againThere are shrines of Vinayagar, Murugan, Durgai, Ardhanareeswarar, Brahma, Sandikeswarar, Veerabhatra, Bhairava, Surya, etc. in the prakaram. Worshiping this Pranava Hill is considered very special.Worshiping this Pranava Hill is considered very special.Can't load alternativesTry againWorshiping this Pranava Hill is considered very special. Visiting Eason on Saturday is very special.Visiting Eason on Saturday is very special.Can't load alternativesTry againVisiting Eason on Saturday is very special. Perhaps the puja takes place here.Perhaps the puja takes place here.Can't load alternativesTry againPerhaps the puja takes place here. Temple timings are 5.30-8.00 pm.Temple timings are 5.30-8.00 pm.Can't load alternativesTry againTemple timings are 5.30-8.00 pm. Contact Mr. Kumar-9790712721, Mr. Senthilvel- 9840807409. Many buses ply from Chennai, Tambaram and Mambalam.Contact Mr. Kumar-9790712721, Mr. Senthilvel- 9840807409. Many buses ply from Chennai, Tambaram and Mambalam.Can't load alternativesTry againContact Mr. Kumar-9790712721, Mr. Senthilvel- 9840807409. Many buses ply from Chennai, Tambaram and Mambalam."
67,2440,Kovalam Sivan Temple,"This ancient Shiva temple is located in the small town of Kovalam on the road to Mamallapuram, Chennai.This ancient Shiva temple is located in the small town of Kovalam on the road to Mamallapuram, Chennai.Can't load alternativesTry againThis ancient Shiva temple is located in the small town of Kovalam on the road to Mamallapuram, Chennai. In this stone temple, Sri Kailasanathar as the source gives a view towards the east direction.In this stone temple, Sri Kailasanathar as the source gives a view towards the east direction.Can't load alternativesTry againIn this stone temple, Sri Kailasanathar as the source gives a view towards the east direction. Ambal Sri Kanakavalli.Ambal Sri Kanakavalli.Can't load alternativesTry againAmbal Sri Kanakavalli. About 1350 years old, this temple was renovated 35 years ago.About 1350 years old, this temple was renovated 35 years ago.Can't load alternativesTry againAbout 1350 years old, this temple was renovated 35 years ago. Many inscriptions are found here.Many inscriptions are found here.Can't load alternativesTry againMany inscriptions are found here. Other shrines are Vinayagar, Valli, Devasena Murugan, Pancha Goshta Murthys, Navagragam, Bhairava.Other shrines are Vinayagar, Valli, Devasena Murugan, Pancha Goshta Murthys, Navagragam, Bhairava.Can't load alternativesTry againOther shrines are Vinayagar, Valli, Devasena Murugan, Pancha Goshta Murthys, Navagragam, Bhairava. There is an idol of Sri Perumal in a hall.There is an idol of Sri Perumal in a hall.Can't load alternativesTry againThere is an idol of Sri Perumal in a hall.
Parameshwaran who bestows remedy
Parameshwaran who bestows remedyCan't load alternativesTry again
Parameshwaran who bestows remedy
Nandi Devar here is very special.
Nandi Devar here is very special.Can't load alternativesTry again
Nandi Devar here is very special. She showed him the thali and the blessing of marriage would come immediately.She showed him the thali and the blessing of marriage would come immediately.Can't load alternativesTry againShe showed him the thali and the blessing of marriage would come immediately.
Temple Hours 6-9, 5-7 PM.
Temple Hours 6-9, 5-7 PM.Can't load alternativesTry again
Temple Hours 6-9, 5-7 PM.
Contact Mr Dilli Chettiar-9176491300, Ms Vanaja-9884760952.
Contact Mr Dilli Chettiar-9176491300, Ms Vanaja-9884760952.Can't load alternativesTry again
Contact Mr Dilli Chettiar-9176491300, Ms Vanaja-9884760952."
68,929,Nemmeli Jeevasamadhi Temple,"Kukasree Kumarastavam Sri Ramanuja Swami Jeevasamadhi is located outside the town in Nemmeli village near Thiruvidantha on Chennai Mamallapuram road.Kukasree Kumarastavam Sri Ramanuja Swami Jeevasamadhi is located outside the town in Nemmeli village near Thiruvidantha on Chennai Mamallapuram road.Can't load alternativesTry againKukasree Kumarastavam Sri Ramanuja Swami Jeevasamadhi is located outside the town in Nemmeli village near Thiruvidantha on Chennai Mamallapuram road. Sri Pamban Swami's disciple.Sri Pamban Swami's disciple.Can't load alternativesTry againSri Pamban Swami's disciple. A puja is held daily.A puja is held daily.Can't load alternativesTry againA puja is held daily. Contact Mr. Duraisamy-9384623266, Ms. Gayathri Duraisamy-9176820569.Contact Mr. Duraisamy-9384623266, Ms. Gayathri Duraisamy-9176820569.Can't load alternativesTry againContact Mr. Duraisamy-9384623266, Ms. Gayathri Duraisamy-9176820569."
69,1136,Pattipulam Murugan Temple,This temple is found near the beach at a place called Pulikugai before Mamallapuram on Chennai Mamallapuram road.This temple is found near the beach at a place called Pulikugai before Mamallapuram on Chennai Mamallapuram road.Can't load alternativesTry againThis temple is found near the beach at a place called Pulikugai before Mamallapuram on Chennai Mamallapuram road. Now there are only ruins.Now there are only ruins.Can't load alternativesTry againNow there are only ruins. Archaeologists have excavated the earth and discovered this temple.Archaeologists have excavated the earth and discovered this temple.Can't load alternativesTry againArchaeologists have excavated the earth and discovered this temple. They have researched and declared that this temple is Murugan temple and is about 3000 years old.They have researched and declared that this temple is Murugan temple and is about 3000 years old.Can't load alternativesTry againThey have researched and declared that this temple is Murugan temple and is about 3000 years old. There is no idol here.There is no idol here.Can't load alternativesTry againThere is no idol here.
70,3221,Thiruvidanthai Perumal Temple,"This temple is the 62nd out of 108 Vaishnava shrines.This temple is the 62nd out of 108 Vaishnava shrines.Can't load alternativesTry againThis temple is the 62nd out of 108 Vaishnava shrines. Sri Thirumangai Alwar Mangalasasanam made the shrine.Sri Thirumangai Alwar Mangalasasanam made the shrine.Can't load alternativesTry againSri Thirumangai Alwar Mangalasasanam made the shrine. Moolavar Shree Lakshmi Varahar is depicted in a golam with Shree Bhumadevi sitting on his shoulder.Moolavar Shree Lakshmi Varahar is depicted in a golam with Shree Bhumadevi sitting on his shoulder.Can't load alternativesTry againMoolavar Shree Lakshmi Varahar is depicted in a golam with Shree Bhumadevi sitting on his shoulder. Utsavar Sri Nitya Kalyana Perumal is the place where Goddess Bhumadevi was taken as Vara avatar when the Asuras abducted Bhumadevi.Utsavar Sri Nitya Kalyana Perumal is the place where Goddess Bhumadevi was taken as Vara avatar when the Asuras abducted Bhumadevi.Can't load alternativesTry againUtsavar Sri Nitya Kalyana Perumal is the place where Goddess Bhumadevi was taken as Vara avatar when the Asuras abducted Bhumadevi. There is no Thirumanjanam as the Moolavar is made of herbs.There is no Thirumanjanam as the Moolavar is made of herbs.Can't load alternativesTry againThere is no Thirumanjanam as the Moolavar is made of herbs. Sri Komalavalli's mother, Andal, Ranganayaki Sametha Sri Ranganatha have a temple in a separate shrine.Sri Komalavalli's mother, Andal, Ranganayaki Sametha Sri Ranganatha have a temple in a separate shrine.Can't load alternativesTry againSri Komalavalli's mother, Andal, Ranganayaki Sametha Sri Ranganatha have a temple in a separate shrine. There are three solutions here.There are three solutions here.Can't load alternativesTry againThere are three solutions here. Varaha Theertha, Kalyana Theertha, Ranganatha Theertha.Varaha Theertha, Kalyana Theertha, Ranganatha Theertha.Can't load alternativesTry againVaraha Theertha, Kalyana Theertha, Ranganatha Theertha. If an unmarried person comes here and takes a dip in the Varaha Theertha and worships Perumal in the evening, marriage will take place.If an unmarried person comes here and takes a dip in the Varaha Theertha and worships Perumal in the evening, marriage will take place.Can't load alternativesTry againIf an unmarried person comes here and takes a dip in the Varaha Theertha and worships Perumal in the evening, marriage will take place. Many people come here and perform this worship.Many people come here and perform this worship.Can't load alternativesTry againMany people come here and perform this worship. Contact Manager Murthy-7358856193.Contact Manager Murthy-7358856193.Can't load alternativesTry againContact Manager Murthy-7358856193. 044 2747 2235. Temple Timings 7-12 AM 3-8 PM. Four times puja is held here.044 2747 2235. Temple Timings 7-12 AM 3-8 PM. Four times puja is held here.Can't load alternativesTry again044 2747 2235. Temple Timings 7-12 AM 3-8 PM. Four times puja is held here. The place is located on the Kovalam - Mamallapuram road.The place is located on the Kovalam - Mamallapuram road.Can't load alternativesTry againThe place is located on the Kovalam - Mamallapuram road."
71,2565,Kelambakkam Sivan Temple,"About half a km west from Kelambakkam bus station.About half a km west from Kelambakkam bus station.Can't load alternativesTry againAbout half a km west from Kelambakkam bus station. If you go, you will find a small temple under the royal tree in the natural environment.If you go, you will find a small temple under the royal tree in the natural environment.Can't load alternativesTry againIf you go, you will find a small temple under the royal tree in the natural environment. At the root of the tree is a Shiva Lingam.At the root of the tree is a Shiva Lingam.Can't load alternativesTry againAt the root of the tree is a Shiva Lingam. It is said that they have come out from underground before.It is said that they have come out from underground before.Can't load alternativesTry againIt is said that they have come out from underground before. Esan Thirunamam Shri Bhuminathar.Esan Thirunamam Shri Bhuminathar.Can't load alternativesTry againEsan Thirunamam Shri Bhuminathar. Ambal idol not found.Ambal idol not found.Can't load alternativesTry againAmbal idol not found. Near the Shiva Lingam, the root part naturally looks like a Ganesha figure.Near the Shiva Lingam, the root part naturally looks like a Ganesha figure.Can't load alternativesTry againNear the Shiva Lingam, the root part naturally looks like a Ganesha figure. Daily puja is held here.Daily puja is held here.Can't load alternativesTry againDaily puja is held here.
Nearby is Sri Kelyamman Temple.
Nearby is Sri Kelyamman Temple.Can't load alternativesTry again
Nearby is Sri Kelyamman Temple. A very old temple.A very old temple.Can't load alternativesTry againA very old temple. It is said that it is called Kelambakkam after the goddess.It is said that it is called Kelambakkam after the goddess.Can't load alternativesTry againIt is said that it is called Kelambakkam after the goddess. This goddess is a boon.This goddess is a boon.Can't load alternativesTry againThis goddess is a boon. The goddess who bestows children.The goddess who bestows children.Can't load alternativesTry againThe goddess who bestows children. She presents a scene with a baby on her lap.She presents a scene with a baby on her lap.Can't load alternativesTry againShe presents a scene with a baby on her lap.
Contact Mr. Sakthivel-9884989984, Mr. Sivakumar- 9841069433, Mr. Ravichandran-9884102437.
Contact Mr. Sakthivel-9884989984, Mr. Sivakumar- 9841069433, Mr. Ravichandran-9884102437.Can't load alternativesTry again
Contact Mr. Sakthivel-9884989984, Mr. Sivakumar- 9841069433, Mr. Ravichandran-9884102437."
72,1914,Temples Past And Present,"Karuppur Shiva TempleKaruppur Shiva TempleCan't load alternativesTry againKaruppur Shiva Temple
Then and now
Then and nowCan't load alternativesTry again
Then and now
The ancient Shiva temple in Karuppur village in Seyyur circle of Chengalpattu district has been renovated and the dedication ceremony was held in June 2019.
The ancient Shiva temple in Karuppur village in Seyyur circle of Chengalpattu district has been renovated and the dedication ceremony was held in June 2019.Can't load alternativesTry again
The ancient Shiva temple in Karuppur village in Seyyur circle of Chengalpattu district has been renovated and the dedication ceremony was held in June 2019. Daily pujas are going on.Daily pujas are going on.Can't load alternativesTry againDaily pujas are going on. Lord Sri Kateeswarar who rests here is now known as Kailasanathar.Lord Sri Kateeswarar who rests here is now known as Kailasanathar.Can't load alternativesTry againLord Sri Kateeswarar who rests here is now known as Kailasanathar. Ambal Sri Taiyalanaiki.Ambal Sri Taiyalanaiki.Can't load alternativesTry againAmbal Sri Taiyalanaiki. It is good news that due to the efforts of Mr. Jaishankar Mudaliar and the cooperation of the villagers, the temple has been constructed and the pujas are being performed.It is good news that due to the efforts of Mr. Jaishankar Mudaliar and the cooperation of the villagers, the temple has been constructed and the pujas are being performed.Can't load alternativesTry againIt is good news that due to the efforts of Mr. Jaishankar Mudaliar and the cooperation of the villagers, the temple has been constructed and the pujas are being performed. The glory of this temple, Swami is a Swayambu Murthy.The glory of this temple, Swami is a Swayambu Murthy.Can't load alternativesTry againThe glory of this temple, Swami is a Swayambu Murthy. 
Old temple
Old templeCan't load alternativesTry again
Old temple"
73,5454,Thaiyur Temples,"About 2 km from Kelambakkam on Chennai Mamallapuram road.About 2 km from Kelambakkam on Chennai Mamallapuram road.Can't load alternativesTry againAbout 2 km from Kelambakkam on Chennai Mamallapuram road. A village called Taiyur situated in the western direction once had 7 temples.A village called Taiyur situated in the western direction once had 7 temples.Can't load alternativesTry againA village called Taiyur situated in the western direction once had 7 temples. At present only 3 temples are under worship.At present only 3 temples are under worship.Can't load alternativesTry againAt present only 3 temples are under worship. Other temples are said to be ruined in the forest.Other temples are said to be ruined in the forest.Can't load alternativesTry againOther temples are said to be ruined in the forest.
Sri Mariswarar Temple
Sri Mariswarar TempleCan't load alternativesTry again
Sri Mariswarar Temple
Moolav Sri Mariswarar Ambal Sri Aramvalarthanayaki.
Moolav Sri Mariswarar Ambal Sri Aramvalarthanayaki.Can't load alternativesTry again
Moolav Sri Mariswarar Ambal Sri Aramvalarthanayaki.
flagpole
flagpoleCan't load alternativesTry again
flagpole Along with Nandi Mandapam and Raja Gopuram, this temple has Pancha Goshta Murthys, Vinayagar, Murugan, Chandikeswarar, Surya, Bhairava and Hanuman Navakrigam.Along with Nandi Mandapam and Raja Gopuram, this temple has Pancha Goshta Murthys, Vinayagar, Murugan, Chandikeswarar, Surya, Bhairava and Hanuman Navakrigam.Can't load alternativesTry againAlong with Nandi Mandapam and Raja Gopuram, this temple has Pancha Goshta Murthys, Vinayagar, Murugan, Chandikeswarar, Surya, Bhairava and Hanuman Navakrigam. A puja is held every day.A puja is held every day.Can't load alternativesTry againA puja is held every day. Thirukkulam is found in a dry state.Thirukkulam is found in a dry state.Can't load alternativesTry againThirukkulam is found in a dry state. Contact Mr. Ramamurthy- 7299552933, Mr. Kannan-9790825558, Mr. Rajesh-9941745535.Contact Mr. Ramamurthy- 7299552933, Mr. Kannan-9790825558, Mr. Rajesh-9941745535.Can't load alternativesTry againContact Mr. Ramamurthy- 7299552933, Mr. Kannan-9790825558, Mr. Rajesh-9941745535. Bus Tambaram-Thaiyur (55K)Bus Tambaram-Thaiyur (55K)Can't load alternativesTry againBus Tambaram-Thaiyur (55K)
Sri Murugeeswarar Temple
Sri Murugeeswarar TempleCan't load alternativesTry again
Sri Murugeeswarar Temple
Moolavar Sri Murugeswar (Swayambu)
Moolavar Sri Murugeswar (Swayambu)Can't load alternativesTry again
Moolavar Sri Murugeswar (Swayambu)
Ambal Sri Marakatambikai
Ambal Sri MarakatambikaiCan't load alternativesTry again
Ambal Sri Marakatambikai
It is history that Lord Muruga worshiped the Lord.
It is history that Lord Muruga worshiped the Lord.Can't load alternativesTry again
It is history that Lord Muruga worshiped the Lord. Because of that, he is known as Murugeeswarar.Because of that, he is known as Murugeeswarar.Can't load alternativesTry againBecause of that, he is known as Murugeeswarar. Lord Muruga has also arisen here as Swayambu.Lord Muruga has also arisen here as Swayambu.Can't load alternativesTry againLord Muruga has also arisen here as Swayambu. There are sanctuaries of flag tree, Pancha Goshtas, Ganesha, Surya, Bhairava and Navagraha.There are sanctuaries of flag tree, Pancha Goshtas, Ganesha, Surya, Bhairava and Navagraha.Can't load alternativesTry againThere are sanctuaries of flag tree, Pancha Goshtas, Ganesha, Surya, Bhairava and Navagraha. It is considered as a place to remedy all planetary doshas.It is considered as a place to remedy all planetary doshas.Can't load alternativesTry againIt is considered as a place to remedy all planetary doshas. A period of worship.A period of worship.Can't load alternativesTry againA period of worship. Contact Mr. Ramamurthy- 7299552933, Mr. Kannan-9790825558, Mr. Rajesh-9941745535.Contact Mr. Ramamurthy- 7299552933, Mr. Kannan-9790825558, Mr. Rajesh-9941745535.Can't load alternativesTry againContact Mr. Ramamurthy- 7299552933, Mr. Kannan-9790825558, Mr. Rajesh-9941745535. Bus Tambaram-Thaiyur (55K)Bus Tambaram-Thaiyur (55K)Can't load alternativesTry againBus Tambaram-Thaiyur (55K)
Sri Alageeswar Temple
Sri Alageeswar TempleCan't load alternativesTry again
Sri Alageeswar Temple
Moolav Sri Alageeswarar Ambal Sri Alagambikai.
Moolav Sri Alageeswarar Ambal Sri Alagambikai.Can't load alternativesTry again
Moolav Sri Alageeswarar Ambal Sri Alagambikai.
The old temple is currently being renovated.
The old temple is currently being renovated.Can't load alternativesTry again
The old temple is currently being renovated. Dwara Ganapati, Murugan, Pancha Goshta Shrines Perumal, and Navagragam.Dwara Ganapati, Murugan, Pancha Goshta Shrines Perumal, and Navagragam.Can't load alternativesTry againDwara Ganapati, Murugan, Pancha Goshta Shrines Perumal, and Navagragam. Thirukulam in front of the temple.Thirukulam in front of the temple.Can't load alternativesTry againThirukulam in front of the temple. A period puja.A period puja.Can't load alternativesTry againA period puja.Contact Mr. Ramamurthy- 7299552933, Mr. Kannan-9790825558, Mr. Rajesh-9941745535.Contact Mr. Ramamurthy- 7299552933, Mr. Kannan-9790825558, Mr. Rajesh-9941745535.Can't load alternativesTry againContact Mr. Ramamurthy- 7299552933, Mr. Kannan-9790825558, Mr. Rajesh-9941745535. Bus Tambaram-Thaiyur (55K)Bus Tambaram-Thaiyur (55K)Can't load alternativesTry againBus Tambaram-Thaiyur (55K)"
74,2358,Senkanmal Sivan Temple,"This temple is on the side of the road next to Kelambakkam on Chennai Mamallapuram road.This temple is on the side of the road next to Kelambakkam on Chennai Mamallapuram road.Can't load alternativesTry againThis temple is on the side of the road next to Kelambakkam on Chennai Mamallapuram road. As Shri Mahavishnu worshiped, the Lord appears here with the name of Shri Senkanmaleeswarar.As Shri Mahavishnu worshiped, the Lord appears here with the name of Shri Senkanmaleeswarar.Can't load alternativesTry againAs Shri Mahavishnu worshiped, the Lord appears here with the name of Shri Senkanmaleeswarar. On the square pedestal, Swami faces east and Ambal Sri Brahannayake faces south.On the square pedestal, Swami faces east and Ambal Sri Brahannayake faces south.Can't load alternativesTry againOn the square pedestal, Swami faces east and Ambal Sri Brahannayake faces south. The temple is flanked by the flag tree Nandi Mandapam prakaram and has shrines of Goshta Murthy, Ganesha, Murugan, Gajalakshmi, Bhairava, Surya, Jeshta Devi and Navagraha shrines.The temple is flanked by the flag tree Nandi Mandapam prakaram and has shrines of Goshta Murthy, Ganesha, Murugan, Gajalakshmi, Bhairava, Surya, Jeshta Devi and Navagraha shrines.Can't load alternativesTry againThe temple is flanked by the flag tree Nandi Mandapam prakaram and has shrines of Goshta Murthy, Ganesha, Murugan, Gajalakshmi, Bhairava, Surya, Jeshta Devi and Navagraha shrines. Lord Tirumeni is composed of Salagram.Lord Tirumeni is composed of Salagram.Can't load alternativesTry againLord Tirumeni is composed of Salagram.It is a place of relief for all diseases related to eyes.It is a place of relief for all diseases related to eyes.Can't load alternativesTry againIt is a place of relief for all diseases related to eyes. If you crawl and worship the Lord wholeheartedly, you will get benefit.If you crawl and worship the Lord wholeheartedly, you will get benefit.Can't load alternativesTry againIf you crawl and worship the Lord wholeheartedly, you will get benefit.Contact Mr Ganesa Gurus- 9952924944, Thiruvenkatesan- 9176770308, Mr Kamalakannan- 9884504932.Contact Mr Ganesa Gurus- 9952924944, Thiruvenkatesan- 9176770308, Mr Kamalakannan- 9884504932.Can't load alternativesTry againContact Mr Ganesa Gurus- 9952924944, Thiruvenkatesan- 9176770308, Mr Kamalakannan- 9884504932."
75,1487,Kalavakkam Sivan Temple,The temple was built according to Sri Shankaracharya's Arulasi of Kanchi by taking the Shiva Lingam that was outside the cut.The temple was built according to Sri Shankaracharya's Arulasi of Kanchi by taking the Shiva Lingam that was outside the cut.Can't load alternativesTry againThe temple was built according to Sri Shankaracharya's Arulasi of Kanchi by taking the Shiva Lingam that was outside the cut. East facing shrine.East facing shrine.Can't load alternativesTry againEast facing shrine. Tirunam Sri Kamadenu Ishwar.Tirunam Sri Kamadenu Ishwar.Can't load alternativesTry againTirunam Sri Kamadenu Ishwar. Ambal Sri Gokilampal.Ambal Sri Gokilampal.Can't load alternativesTry againAmbal Sri Gokilampal. There is no Ambal idol.There is no Ambal idol.Can't load alternativesTry againThere is no Ambal idol. Enthrallment before Swami.Enthrallment before Swami.Can't load alternativesTry againEnthrallment before Swami. A temple pond is found nearby.A temple pond is found nearby.Can't load alternativesTry againA temple pond is found nearby. The temple is situated in Kalavakkam village which is before Thiruporur on Mamallapuram road.The temple is situated in Kalavakkam village which is before Thiruporur on Mamallapuram road.Can't load alternativesTry againThe temple is situated in Kalavakkam village which is before Thiruporur on Mamallapuram road. Contact Mr. Munusamy-9962596849.Contact Mr. Munusamy-9962596849.Can't load alternativesTry againContact Mr. Munusamy-9962596849.
76,4056,Roofless Temples In Kanchipuram Block,"Following are the details of the temples outside the Kanchipuram circle.Following are the details of the temples outside the Kanchipuram circle.Can't load alternativesTry againFollowing are the details of the temples outside the Kanchipuram circle. These temple details were taken about 6 years ago.These temple details were taken about 6 years ago.Can't load alternativesTry againThese temple details were taken about 6 years ago. In some of the temples below, tirupani is being performed and pujas are going on.In some of the temples below, tirupani is being performed and pujas are going on.Can't load alternativesTry againIn some of the temples below, tirupani is being performed and pujas are going on. ..Can't load alternativesTry again. Others are in the same position.Others are in the same position.Can't load alternativesTry againOthers are in the same position.

Lower Puttur

Lower PutturCan't load alternativesTry again

Lower Puttur
In this village, two Shivalinga Tirumenis are found outside the fields.
In this village, two Shivalinga Tirumenis are found outside the fields.Can't load alternativesTry again
In this village, two Shivalinga Tirumenis are found outside the fields. One of them was Banam Audaiyar, with the help of the people of the village as the Aadar Peedam was separate.One of them was Banam Audaiyar, with the help of the people of the village as the Aadar Peedam was separate.Can't load alternativesTry againOne of them was Banam Audaiyar, with the help of the people of the village as the Aadar Peedam was separate. Corrected.Corrected.Can't load alternativesTry againCorrected. Contact Mr. Manokaran -9962143347.Contact Mr. Manokaran -9962143347.Can't load alternativesTry againContact Mr. Manokaran -9962143347. Walajabad is 8 km from here.Walajabad is 8 km from here.Can't load alternativesTry againWalajabad is 8 km from here.
Periyanantham
PeriyananthamCan't load alternativesTry again
Periyanantham
Here, near the school, there is a Shivlingam and Nandi under the royal tree.
Here, near the school, there is a Shivlingam and Nandi under the royal tree.Can't load alternativesTry again
Here, near the school, there is a Shivlingam and Nandi under the royal tree. Daily puja takes place.Daily puja takes place.Can't load alternativesTry againDaily puja takes place. The lingam lying in the river is worshiped here.The lingam lying in the river is worshiped here.Can't load alternativesTry againThe lingam lying in the river is worshiped here. Walajabad is 10 km from here.Walajabad is 10 km from here.Can't load alternativesTry againWalajabad is 10 km from here. Contact Mr. Santhiappan-9159455681Contact Mr. Santhiappan-9159455681Can't load alternativesTry againContact Mr. Santhiappan-9159455681
Upper Nallur
Upper NallurCan't load alternativesTry again
Upper Nallur
There is only a wall on three sides.
There is only a wall on three sides.Can't load alternativesTry again
There is only a wall on three sides. It does not seem that there is any worship going on.It does not seem that there is any worship going on.Can't load alternativesTry againIt does not seem that there is any worship going on. Kanchi is 11 km from here.Kanchi is 11 km from here.Can't load alternativesTry againKanchi is 11 km from here. Contact Mr. Manokaran -9962143347.Contact Mr. Manokaran -9962143347.Can't load alternativesTry againContact Mr. Manokaran -9962143347.
Nervousness
NervousnessCan't load alternativesTry again
Nervousness
Here, Perumal is seen sitting on a golam.
Here, Perumal is seen sitting on a golam.Can't load alternativesTry again
Here, Perumal is seen sitting on a golam. A very elegant Sila form.A very elegant Sila form.Can't load alternativesTry againA very elegant Sila form. No Pooja Kanchi is 8 km from here.No Pooja Kanchi is 8 km from here.Can't load alternativesTry againNo Pooja Kanchi is 8 km from here. Contact Mr Manokaran-9943070018, Mr Yogendran-9943868413Contact Mr Manokaran-9943070018, Mr Yogendran-9943868413Can't load alternativesTry againContact Mr Manokaran-9943070018, Mr Yogendran-9943868413"
77,1097,Melperamanallur Perumal Temple,"In this village Sri Lakshmi Narayanaperumal is presented as Sridevi Bhoodevi Samethar in the temple.In this village Sri Lakshmi Narayanaperumal is presented as Sridevi Bhoodevi Samethar in the temple.Can't load alternativesTry againIn this village Sri Lakshmi Narayanaperumal is presented as Sridevi Bhoodevi Samethar in the temple. The temple, which was in ruins for a long time, was recently renovated and Sambrokshan was held.The temple, which was in ruins for a long time, was recently renovated and Sambrokshan was held.Can't load alternativesTry againThe temple, which was in ruins for a long time, was recently renovated and Sambrokshan was held. The temple is situated at a distance of 11 km from Kanchi on the road to Uttaramerur.The temple is situated at a distance of 11 km from Kanchi on the road to Uttaramerur.Can't load alternativesTry againThe temple is situated at a distance of 11 km from Kanchi on the road to Uttaramerur. Contact Mr. Rajagopalacharyar 9843239667.Contact Mr. Rajagopalacharyar 9843239667.Can't load alternativesTry againContact Mr. Rajagopalacharyar 9843239667."
78,2654,Open Air Temples In Walajabad Block,"There are many roofless temples in Walajabad circle of Kanchipuram district.There are many roofless temples in Walajabad circle of Kanchipuram district.Can't load alternativesTry againThere are many roofless temples in Walajabad circle of Kanchipuram district. Their details are given below.Their details are given below.Can't load alternativesTry againTheir details are given below.
Village: Venpakakkam, Chennakesavaperumal outside Vetta.
Village: Venpakakkam, Chennakesavaperumal outside Vetta.Can't load alternativesTry again
Village: Venpakakkam, Chennakesavaperumal outside Vetta. Mother Boodevi is nearby.Mother Boodevi is nearby.Can't load alternativesTry againMother Boodevi is nearby. There is worship.There is worship.Can't load alternativesTry againThere is worship. Walajabad 13 km.Walajabad 13 km.Can't load alternativesTry againWalajabad 13 km.
Village : Katavakkam Walajabad: 6 Km.
Village : Katavakkam Walajabad: 6 Km.Can't load alternativesTry again
Village : Katavakkam Walajabad: 6 Km. Contact: Mr Sasikumar-77081 33681, Mr 26582264, Mr Arulpandian-9043629628.Contact: Mr Sasikumar-77081 33681, Mr 26582264, Mr Arulpandian-9043629628.Can't load alternativesTry againContact: Mr Sasikumar-77081 33681, Mr 26582264, Mr Arulpandian-9043629628.
.
.Can't load alternativesTry again
. Apart from these, Shiva Lingams are found outside the cut in some other villages.Apart from these, Shiva Lingams are found outside the cut in some other villages.Can't load alternativesTry againApart from these, Shiva Lingams are found outside the cut in some other villages. The villages are as follows:The villages are as follows:Can't load alternativesTry againThe villages are as follows:
Pallampakkam Kanchipuram 15 km.
Pallampakkam Kanchipuram 15 km.Can't load alternativesTry again
Pallampakkam Kanchipuram 15 km.
Valathur, Kanchipuram 18 km.
Valathur, Kanchipuram 18 km.Can't load alternativesTry again
Valathur, Kanchipuram 18 km.
Kattupathur, Kanchipuram 11 Km.
Kattupathur, Kanchipuram 11 Km.Can't load alternativesTry again
Kattupathur, Kanchipuram 11 Km.
Karaipet, Kanchipuram 5 Kms.
Karaipet, Kanchipuram 5 Kms.Can't load alternativesTry again
Karaipet, Kanchipuram 5 Kms.
Athivakkam, Kanchipuram 17 km
Athivakkam, Kanchipuram 17 kmCan't load alternativesTry again
Athivakkam, Kanchipuram 17 km
Sekankulam is in the school premises.
Sekankulam is in the school premises.Can't load alternativesTry again
Sekankulam is in the school premises. Kanchipuram 15 KmsKanchipuram 15 KmsCan't load alternativesTry againKanchipuram 15 Kms 
, 9962143347, 9444088152 -
, 9962143347, 9444088152 -Can't load alternativesTry again
, 9962143347, 9444088152 -"
79,1930,Siruvakkam Sivan Temple,"Swami and Ambal are located in a small village called Koilchiruvakkam facing east.Swami and Ambal are located in a small village called Koilchiruvakkam facing east.Can't load alternativesTry againSwami and Ambal are located in a small village called Koilchiruvakkam facing east. The village is 12 km from Kanchi.The village is 12 km from Kanchi.Can't load alternativesTry againThe village is 12 km from Kanchi. Located far away.Located far away.Can't load alternativesTry againLocated far away. Sri Jayendra Saraswati Swamy of Kanchisankarasari repaired this dilapidated temple and built a new one.Sri Jayendra Saraswati Swamy of Kanchisankarasari repaired this dilapidated temple and built a new one.Can't load alternativesTry againSri Jayendra Saraswati Swamy of Kanchisankarasari repaired this dilapidated temple and built a new one. Moolavar shows Shiva Lingam slightly tilted.Moolavar shows Shiva Lingam slightly tilted.Can't load alternativesTry againMoolavar shows Shiva Lingam slightly tilted. A puja is performed daily.A puja is performed daily.Can't load alternativesTry againA puja is performed daily. Two ponds are found.Two ponds are found.Can't load alternativesTry againTwo ponds are found. Contact Mr. Kumar-8098826782, Mr. Thanikaimalai-9788473598, Mr. Gunasekar-98650 07572. The mini bus that comes here is Kanchi-Chiruvakkam (87).Contact Mr. Kumar-8098826782, Mr. Thanikaimalai-9788473598, Mr. Gunasekar-98650 07572. The mini bus that comes here is Kanchi-Chiruvakkam (87).Can't load alternativesTry againContact Mr. Kumar-8098826782, Mr. Thanikaimalai-9788473598, Mr. Gunasekar-98650 07572. The mini bus that comes here is Kanchi-Chiruvakkam (87).
A Shiva lingam is found in a clearing on Perumal Temple Street in this town.
A Shiva lingam is found in a clearing on Perumal Temple Street in this town.Can't load alternativesTry again
A Shiva lingam is found in a clearing on Perumal Temple Street in this town."
80,1996,Ozhayur Temples,"About 7 km from Kanchi.About 7 km from Kanchi.Can't load alternativesTry againAbout 7 km from Kanchi. A small village called Odayur in the distance has an ancient temple and Perumal temple.A small village called Odayur in the distance has an ancient temple and Perumal temple.Can't load alternativesTry againA small village called Odayur in the distance has an ancient temple and Perumal temple. The Shiva temple is on the bank of the lake.The Shiva temple is on the bank of the lake.Can't load alternativesTry againThe Shiva temple is on the bank of the lake. Swami's Tirunama is not known.Swami's Tirunama is not known.Can't load alternativesTry againSwami's Tirunama is not known. A pot is found in the Artha Mandapam.A pot is found in the Artha Mandapam.Can't load alternativesTry againA pot is found in the Artha Mandapam. Small temple.Small temple.Can't load alternativesTry againSmall temple. Nandi statue outside. Puja is held only on Fridays.Nandi statue outside. Puja is held only on Fridays.Can't load alternativesTry againNandi statue outside. Puja is held only on Fridays.
The Perumal Temple here has Sri Lakshminarayana Perumal Temple.
The Perumal Temple here has Sri Lakshminarayana Perumal Temple.Can't load alternativesTry again
The Perumal Temple here has Sri Lakshminarayana Perumal Temple. There is only Garuda.There is only Garuda.Can't load alternativesTry againThere is only Garuda. The temple is well maintained.The temple is well maintained.Can't load alternativesTry againThe temple is well maintained. Puja is held once a day.Puja is held once a day.Can't load alternativesTry againPuja is held once a day. To reach here, take the Kanchi-Singadivakkam bus and get down at Mettur and drive for 1 km.To reach here, take the Kanchi-Singadivakkam bus and get down at Mettur and drive for 1 km.Can't load alternativesTry againTo reach here, take the Kanchi-Singadivakkam bus and get down at Mettur and drive for 1 km. To walk.To walk.Can't load alternativesTry againTo walk."
81,2576,Kaliyanur Perumal Temple,"Alight at Ayyampet bus stop on Tambaram Kanchipuram road and travel a short distance to reach Kalyanur village.Alight at Ayyampet bus stop on Tambaram Kanchipuram road and travel a short distance to reach Kalyanur village.Can't load alternativesTry againAlight at Ayyampet bus stop on Tambaram Kanchipuram road and travel a short distance to reach Kalyanur village. Here there is Sri Bhumi Nyanga Sametha Sri Kalyana Varadaraja Perumal Temple.Here there is Sri Bhumi Nyanga Sametha Sri Kalyana Varadaraja Perumal Temple.Can't load alternativesTry againHere there is Sri Bhumi Nyanga Sametha Sri Kalyana Varadaraja Perumal Temple. Outside the sanctum sanctorum is Sri Perundevi's mother shrine.Outside the sanctum sanctorum is Sri Perundevi's mother shrine.Can't load alternativesTry againOutside the sanctum sanctorum is Sri Perundevi's mother shrine. A separate sanctum has a temple of Sri Desikar and Anjaneya.A separate sanctum has a temple of Sri Desikar and Anjaneya.Can't load alternativesTry againA separate sanctum has a temple of Sri Desikar and Anjaneya. This temple is considered to be equivalent to Thiruvidantha Thalam.This temple is considered to be equivalent to Thiruvidantha Thalam.Can't load alternativesTry againThis temple is considered to be equivalent to Thiruvidantha Thalam. If you pray here, marriage obstacles will be removed and marriage will be successful.If you pray here, marriage obstacles will be removed and marriage will be successful.Can't load alternativesTry againIf you pray here, marriage obstacles will be removed and marriage will be successful. Puja is held once daily Contact Mr. Lakshmi Narasimhan-7373294010, Mr. Srikanthan- 9380357977. All buses going to Chengalpattu and Tambaram-Kanchipuram stop at Ayyampet.Puja is held once daily Contact Mr. Lakshmi Narasimhan-7373294010, Mr. Srikanthan- 9380357977. All buses going to Chengalpattu and Tambaram-Kanchipuram stop at Ayyampet.Can't load alternativesTry againPuja is held once daily Contact Mr. Lakshmi Narasimhan-7373294010, Mr. Srikanthan- 9380357977. All buses going to Chengalpattu and Tambaram-Kanchipuram stop at Ayyampet. If you come by Chengalpattu-Kanchipuram train route, you have to get down at Nattapet railway station and cover a distance of about 1.5 km.If you come by Chengalpattu-Kanchipuram train route, you have to get down at Nattapet railway station and cover a distance of about 1.5 km.Can't load alternativesTry againIf you come by Chengalpattu-Kanchipuram train route, you have to get down at Nattapet railway station and cover a distance of about 1.5 km."
82,2690,Villivalam Temples,"This village was known as Rajendran Chola Nallur in ancient days.This village was known as Rajendran Chola Nallur in ancient days.Can't load alternativesTry againThis village was known as Rajendran Chola Nallur in ancient days. Four temples were built at the same time in 1255 AD by a king named Veerakakanda Gopalan.Four temples were built at the same time in 1255 AD by a king named Veerakakanda Gopalan.Can't load alternativesTry againFour temples were built at the same time in 1255 AD by a king named Veerakakanda Gopalan. They are Muchanti Amman Temple, Gangaikondeswarar Temple, Varadaraja Perumal Temple and Anjaneyar Temple.They are Muchanti Amman Temple, Gangaikondeswarar Temple, Varadaraja Perumal Temple and Anjaneyar Temple.Can't load alternativesTry againThey are Muchanti Amman Temple, Gangaikondeswarar Temple, Varadaraja Perumal Temple and Anjaneyar Temple.
The Perumal here is Sri Devi Bhoodevi SamethaÂ  Sri Varadaraja Perumal.
The Perumal here is Sri Devi Bhoodevi SamethaÂ  Sri Varadaraja Perumal.Can't load alternativesTry again
The Perumal here is Sri Devi Bhoodevi SamethaÂ  Sri Varadaraja Perumal. Also there are idols of mother and baby.Also there are idols of mother and baby.Can't load alternativesTry againAlso there are idols of mother and baby. Now the temple has been repaired and is in good condition.Now the temple has been repaired and is in good condition.Can't load alternativesTry againNow the temple has been repaired and is in good condition. A puja is held daily.A puja is held daily.Can't load alternativesTry againA puja is held daily. Contact Mr. Shanmugasundara Gurus-9042381875.Contact Mr. Shanmugasundara Gurus-9042381875.Can't load alternativesTry againContact Mr. Shanmugasundara Gurus-9042381875.
Near Perumal Temple is Sri Anjaneyar Temple.
Near Perumal Temple is Sri Anjaneyar Temple.Can't load alternativesTry again
Near Perumal Temple is Sri Anjaneyar Temple. This Anjaneya is a good benefactor.This Anjaneya is a good benefactor.Can't load alternativesTry againThis Anjaneya is a good benefactor. Here also puja is performed on a daily basis.Here also puja is performed on a daily basis.Can't load alternativesTry againHere also puja is performed on a daily basis.
Get off at Karukupettai on Walajahabad-Kanchipuram road and drive about 1 km.
Get off at Karukupettai on Walajahabad-Kanchipuram road and drive about 1 km.Can't load alternativesTry again
Get off at Karukupettai on Walajahabad-Kanchipuram road and drive about 1 km. If you cross it, you can reach the village of Villivalam.If you cross it, you can reach the village of Villivalam.Can't load alternativesTry againIf you cross it, you can reach the village of Villivalam."
83,2062,Uthukkadu Sri Arumugar Temple,"5 kms near Walajabad.5 kms near Walajabad.Can't load alternativesTry again5 kms near Walajabad. The temple is located in the distant Oothukadu village.The temple is located in the distant Oothukadu village.Can't load alternativesTry againThe temple is located in the distant Oothukadu village. Sri Arumukhar Valli Devasena performs with Devis.Sri Arumukhar Valli Devasena performs with Devis.Can't load alternativesTry againSri Arumukhar Valli Devasena performs with Devis. Only the 1000 year old temple Sri Vinayagar and Sri Dakshinamurthy shrines remain.Only the 1000 year old temple Sri Vinayagar and Sri Dakshinamurthy shrines remain.Can't load alternativesTry againOnly the 1000 year old temple Sri Vinayagar and Sri Dakshinamurthy shrines remain. Daily puja is held once.Daily puja is held once.Can't load alternativesTry againDaily puja is held once. Contact Mr Siva-9787088964.Many buses come here from Kanchipuram, and Walajahabad.Contact Mr Siva-9787088964.Many buses come here from Kanchipuram, and Walajahabad.Can't load alternativesTry againContact Mr Siva-9787088964.Many buses come here from Kanchipuram, and Walajahabad.
There is also a Panchapandavar temple in this town.
There is also a Panchapandavar temple in this town.Can't load alternativesTry again
There is also a Panchapandavar temple in this town. In the sanctum sanctorum Draupadi Sahitam has a temple with Sri Dharmaraja along with four other Pandavas.In the sanctum sanctorum Draupadi Sahitam has a temple with Sri Dharmaraja along with four other Pandavas.Can't load alternativesTry againIn the sanctum sanctorum Draupadi Sahitam has a temple with Sri Dharmaraja along with four other Pandavas. There is also a Sri Krishna shrine outside.There is also a Sri Krishna shrine outside.Can't load alternativesTry againThere is also a Sri Krishna shrine outside. Pujas are held daily.Pujas are held daily.Can't load alternativesTry againPujas are held daily. Contact Mr Chandran-95976 95165.Contact Mr Chandran-95976 95165.Can't load alternativesTry againContact Mr Chandran-95976 95165."
